customer_id,customer_name,segment,payment_terms,channel,city,signup_date
1,William Jones,Retail,Immediate,In-Store,Portland,2023-10-22
2,Grace Nguyen,Retail,Immediate,In-Store,Seattle,2025-02-13
3,Hannah Patel,Retail,Immediate,In-Store,Portland,2022-07-01
4,Noah Nelson,Retail,Immediate,In-Store,Portland,2023-06-25
5,Jessica Nelson,Retail,Immediate,In-Store,Tigard,2025-10-08
6,Ashley Wilson,Retail,Immediate,In-Store,Hillsboro,2024-02-03
7,Ashley Lee,Retail,Immediate,In-Store,Portland,2025-01-05
8,David Williams,Retail,Immediate,In-Store,Beaverton,2025-03-20
9,Daniel Nguyen,Retail,Immediate,In-Store,Portland,2024-08-31
10,Andrew Patel,Retail,Immediate,In-Store, eugene,2024-02-11
11,Emma Miller,Retail,Immediate,In-Store,Portland,2025-02-03
12,William Anderson,Retail,Immediate,In-Store,Portland,2023-07-04
13,Grace Thomas,Retail,Immediate,In-Store,Bend,2025-04-17
14,Emily Patel,Retail,Immediate,In-Store,Tigard,2023-05-28
15,Daniel Thomas,Retail,Immediate,In-Store,Beaverton,2025-09-23
16,William Wilson,Retail,Immediate,In-Store,Beaverton,2023-05-20
17,Emily Johnson,Retail,Immediate,In-Store,Portland,2023-02-26
18,Ella Johnson,Retail,Immediate,In-Store,Portland,2025-05-02
19,Chloe Taylor,Retail,Immediate,In-Store,Portland,2024-07-09
20,Joseph Wilson,Retail,Immediate,In-Store,Portland,2024-06-17
21,Daniel Jones,Retail,Immediate,In-Store,Portland,2025-04-17
22,Noah Lee,Retail,Immediate,In-Store,Salem,2025-12-20
23,Isabella Garcia,Retail,Immediate,In-Store,Portland,2025-06-14
24,Lucas Patel,Retail,Immediate,In-Store,Gresham,2025-09-09
25,Mason Smith,Retail,Immediate,In-Store,Vancouver,2024-08-28
26,ROBERT CARTER ,Retail,Immediate,In-Store,Portland,2022-12-08
27,Lucas Davis,Retail,Immediate,In-Store,Portland,2024-12-23
28,Ava Nelson,Retail,Immediate,In-Store, portland,2023-08-21
29,Sophia Taylor,Retail,Immediate,In-Store,Portland,2022-06-04
30,Andrew Kim,Retail,Immediate,In-Store,Portland,2025-08-26
31,Sarah Thomas,Retail,Immediate,In-Store,Portland,2022-12-26
32,Sophia Kim,Retail,Immediate,In-Store, seattle,2024-06-06
33,Robert Lee,Retail,Immediate,In-Store,Portland,2024-04-19
34,Andrew Moore,Retail,Immediate,In-Store,Portland,2023-02-21
35,Sarah Anderson,Retail,Immediate,In-Store,Beaverton,2023-11-21
36,Daniel Taylor,Retail,Immediate,In-Store,Portland,2025-02-19
37,LUCAS MARTIN ,Retail,Immediate,In-Store,Portland,2024-12-25
38,Hannah Kim,Retail,Immediate,In-Store,Vancouver,2023-02-03
39,WILLIAM JOHNSON ,Retail,Immediate,In-Store,Portland,2024-05-01
40,Mason Lee,Retail,Immediate,In-Store,Portland,2024-12-20
41,Ethan Brown,Retail,Immediate,In-Store,Portland,2023-01-08
42,William Nelson,Retail,Immediate,In-Store,Portland,2022-03-30
43,Chloe Jones,Retail,Immediate,In-Store,Seattle,2025-12-12
44,Joseph Brown,Retail,Immediate,In-Store,Eugene,2024-03-04
45,James Nelson,Retail,Immediate,In-Store,Seattle,2023-07-29
46,Grace Martin,Retail,Immediate,In-Store,Portland,2022-02-06
47,Sarah Lee,Retail,Immediate,In-Store,Gresham,2025-04-01
48,James Anderson,Retail,Immediate,In-Store, seattle,2023-03-31
49,DANIEL DAVIS ,Retail,Immediate,In-Store,Hillsboro,2022-09-06
50,Lucas Carter,Retail,Immediate,In-Store,Portland,2023-03-16
51,Matthew Kim,Retail,Immediate,In-Store,Vancouver,2022-07-23
52,Mia Jones,Retail,Immediate,In-Store,Portland,2024-02-08
53,Ella Wilson,Retail,Immediate,In-Store,Beaverton,2022-01-18
54,Olivia Taylor,Retail,Immediate,In-Store,Eugene,2023-01-03
55,Emily Martin,Retail,Immediate,In-Store,Portland,2023-08-23
56,Matthew Lee,Retail,Immediate,In-Store,Salem,2023-03-26
57,William Brown,Retail,Immediate,In-Store,Seattle,2023-07-29
58,Chloe Smith,Retail,Immediate,In-Store,Portland,2022-10-16
59,Sophia Smith,Retail,Immediate,In-Store,Portland,2023-05-04
60,Isabella Anderson,Retail,Immediate,In-Store,Portland,2022-03-25
61,OLIVIA GARCIA ,Retail,Immediate,In-Store, beaverton,2024-10-29
62,Ella Johnson,Retail,Immediate,In-Store,Vancouver,2024-02-19
63,Joseph Jones,Retail,Immediate,In-Store,Portland,2025-01-22
64,Emma Nguyen,Retail,Immediate,In-Store,Portland,2025-02-05
65,Joseph Nguyen,Retail,Immediate,In-Store,Portland,2023-12-28
66,Mia Jones,Retail,Immediate,In-Store,Gresham,2024-02-18
67,Grace Williams,Retail,Immediate,In-Store,Seattle,2022-04-29
68,Jessica Nguyen,Retail,Immediate,In-Store,Vancouver,2024-01-14
69,Ethan Taylor,Retail,Immediate,In-Store,Portland,2024-09-11
70,Ashley Martin,Retail,Immediate,In-Store,Bend,2024-06-14
71,DAVID THOMAS ,Retail,Immediate,In-Store,Portland,2023-04-07
72,Isabella Nelson,Retail,Immediate,In-Store, portland,2022-05-10
73,Ethan Johnson,Retail,Immediate,In-Store,Corvallis,2025-05-13
74,Christopher Brown,Retail,Immediate,In-Store,Salem,2022-11-16
75,CHLOE BROWN ,Retail,Immediate,In-Store,Salem,2022-03-13
76,MADISON DAVIS ,Retail,Immediate,In-Store,Hillsboro,2024-03-21
77,OLIVIA WILLIAMS ,Retail,Immediate,In-Store,Portland,2023-01-15
78,Emma Williams,Retail,Immediate,In-Store,Portland,2022-05-16
79,Hannah Jones,Retail,Immediate,In-Store, portland,2023-05-29
80,Liam Martin,Retail,Immediate,In-Store,Hillsboro,2024-11-08
81,SOPHIA THOMAS ,Retail,Immediate,In-Store,Portland,2025-09-27
82,Sophia Kim,Retail,Immediate,In-Store,Portland,2023-11-03
83,Liam Jones,Retail,Immediate,In-Store,Vancouver,2025-12-15
84,ROBERT THOMAS ,Retail,Immediate,In-Store, beaverton,2025-05-27
85,Emily Taylor,Retail,Immediate,In-Store,Salem,2024-09-19
86,Emily Carter,Retail,Immediate,In-Store,Portland,2024-06-08
87,MICHAEL ANDERSON ,Retail,Immediate,In-Store,Portland,2024-05-20
88,Christopher Jones,Retail,Immediate,In-Store,Portland,2024-04-14
89,Noah Nguyen,Retail,Immediate,In-Store,Portland,2022-09-26
90,JAMES SMITH ,Retail,Immediate,In-Store,Seattle,2022-10-31
91,Ethan Wilson,Retail,Immediate,In-Store,Portland,2022-02-28
92,Emma Thomas,Retail,Immediate,In-Store,Portland,2025-01-24
93,Isabella Garcia,Retail,Immediate,In-Store,Bend,2023-09-27
94,LIAM GARCIA ,Retail,Immediate,In-Store,Hillsboro,2024-06-09
95,Michael Patel,Retail,Immediate,In-Store,Corvallis,2025-10-28
96,Ava Lee,Retail,Immediate,In-Store,Portland,2022-12-25
97,Daniel Kim,Retail,Immediate,In-Store,Gresham,2025-04-02
98,David Jones,Retail,Immediate,In-Store,Portland,2024-03-09
99,Ashley Jones,Retail,Immediate,In-Store,Hillsboro,2025-04-22
100,Emily Moore,Retail,Immediate,In-Store,Hillsboro,2023-12-24
101,CHRISTOPHER TAYLOR ,Retail,Immediate,In-Store,Portland,2023-06-28
102,Joseph Nguyen,Retail,Immediate,In-Store,Portland,2024-03-05
103,Ashley Nguyen,Retail,Immediate,In-Store,Portland,2022-12-25
104,SARAH THOMAS ,Retail,Immediate,In-Store,Portland,2024-05-08
105,Michael Johnson,Retail,Immediate,In-Store,Portland,2025-01-26
106,Madison Davis,Retail,Immediate,In-Store,Portland,2023-04-01
107,Lucas Wilson,Retail,Immediate,In-Store,Salem,2023-04-14
108,Christopher Nelson,Retail,Immediate,In-Store,Hillsboro,2025-10-30
109,Jessica Brown,Retail,Immediate,In-Store,Portland,2024-12-28
110,Ella Wilson,Retail,Immediate,In-Store,Portland,2022-11-10
111,ANDREW TAYLOR ,Retail,Immediate,In-Store,Portland,2022-06-02
112,GRACE WILLIAMS ,Retail,Immediate,In-Store,Portland,2024-08-09
113,Sophia Garcia,Retail,Immediate,In-Store,Portland,2025-09-21
114,LIAM MOORE ,Retail,Immediate,In-Store,Portland,2022-01-25
115,James Wilson,Retail,Immediate,In-Store,Portland,2022-12-31
116,Chloe Jones,Retail,Immediate,In-Store,Portland,2022-07-30
117,JESSICA MILLER ,Retail,Immediate,In-Store,Portland,2024-02-12
118,David Brown,Retail,Immediate,In-Store,Portland,2023-04-05
119,Sophia Miller,Retail,Immediate,In-Store,Portland,2023-04-26
120,Andrew Jones,Retail,Immediate,In-Store,Portland,2023-12-21
121,Mia Davis,Retail,Immediate,In-Store,Portland,2022-06-08
122,Joseph Williams,Retail,Immediate,In-Store,Corvallis,2024-04-12
123,Madison Moore,Retail,Immediate,In-Store, corvallis,2024-06-10
124,Noah Johnson,Retail,Immediate,In-Store,Corvallis,2023-08-13
125,Daniel Patel,Retail,Immediate,In-Store,Portland,2024-06-29
126,David Davis,Retail,Immediate,In-Store,Lake Oswego,2023-03-25
127,William Wilson,Retail,Immediate,In-Store,Portland,2025-12-27
128,Ethan Moore,Retail,Immediate,In-Store,Tigard,2024-05-16
129,Michael Wilson,Retail,Immediate,In-Store,Beaverton,2025-09-10
130,MADISON LEE ,Retail,Immediate,In-Store,Portland,2024-01-25
131,SOPHIA BROWN ,Retail,Immediate,In-Store,Portland,2024-09-11
132,Andrew Brown,Retail,Immediate,In-Store,Portland,2023-01-08
133,Grace Patel,Retail,Immediate,In-Store,Gresham,2022-02-20
134,MASON CARTER ,Retail,Immediate,In-Store,Portland,2025-06-30
135,William Williams,Retail,Immediate,In-Store,Portland,2024-09-11
136,JOSEPH THOMAS ,Retail,Immediate,In-Store,Hillsboro,2023-08-25
137,Isabella Anderson,Retail,Immediate,In-Store,Hillsboro,2023-06-18
138,Olivia Thomas,Retail,Immediate,In-Store,Portland,2025-08-27
139,SOPHIA LEE ,Retail,Immediate,In-Store,Hillsboro,2025-07-12
140,Mason Anderson,Retail,Immediate,In-Store, portland,2024-11-05
141,Robert Nelson,Retail,Immediate,In-Store, portland,2022-12-24
142,WILLIAM CARTER ,Retail,Immediate,In-Store,Portland,2022-07-11
143,Lucas Carter,Retail,Immediate,In-Store,Portland,2022-09-04
144,Liam Wilson,Retail,Immediate,In-Store,Portland,2024-02-26
145,Mason Smith,Retail,Immediate,In-Store,Seattle,2025-10-31
146,Ava Brown,Retail,Immediate,In-Store,Salem,2022-10-02
147,William Anderson,Retail,Immediate,In-Store,Portland,2025-08-27
148,Joseph Miller,Retail,Immediate,In-Store,Portland,2024-02-06
149,James Miller,Retail,Immediate,In-Store,Bend,2022-12-29
150,William Nguyen,Retail,Immediate,In-Store,Tigard,2025-08-24
151,David Lee,Retail,Immediate,In-Store,Portland,2024-05-15
152,Ava Taylor,Retail,Immediate,In-Store, portland,2025-05-09
153,CHRISTOPHER BROWN ,Retail,Immediate,In-Store,Portland,2024-04-18
154,Matthew Anderson,Retail,Immediate,In-Store,Hillsboro,2023-01-06
155,David Garcia,Retail,Immediate,In-Store,Portland,2025-09-21
156,Jessica Kim,Retail,Immediate,In-Store,Hillsboro,2024-09-20
157,Noah Jones,Retail,Immediate,In-Store,Seattle,2024-11-12
158,Joseph Moore,Retail,Immediate,In-Store,Portland,2024-12-22
159,Robert Lee,Retail,Immediate,In-Store,Portland,2024-06-04
160,Liam Jones,Retail,Immediate,In-Store, portland,2025-11-08
161,Sophia Nelson,Retail,Immediate,In-Store, beaverton,2022-08-23
162,Madison Nguyen,Retail,Immediate,In-Store,Eugene,2022-07-24
163,Andrew Nelson,Retail,Immediate,In-Store,Beaverton,2024-03-13
164,MICHAEL ANDERSON ,Retail,Immediate,In-Store,Hillsboro,2022-07-13
165,Daniel Patel,Retail,Immediate,In-Store,Portland,2025-12-01
166,Madison Kim,Retail,Immediate,In-Store,Beaverton,2023-11-14
167,Matthew Garcia,Retail,Immediate,In-Store,Portland,2024-12-25
168,Sarah Nguyen,Retail,Immediate,In-Store,Beaverton,2024-02-20
169,David Miller,Retail,Immediate,In-Store,Salem,2022-04-27
170,Matthew Garcia,Retail,Immediate,In-Store,Seattle,2023-12-15
171,Liam Wilson,Retail,Immediate,In-Store,Portland,2024-10-17
172,Chloe Lee,Retail,Immediate,In-Store,Lake Oswego,2022-12-30
173,Robert Thomas,Retail,Immediate,In-Store,Portland,2023-04-22
174,Sarah Davis,Retail,Immediate,In-Store,Gresham,2024-05-15
175,EMMA WILLIAMS ,Retail,Immediate,In-Store,Portland,2024-04-13
176,Jessica Williams,Retail,Immediate,In-Store,Portland,2025-05-26
177,Grace Smith,Retail,Immediate,In-Store,Portland,2024-05-30
178,Emma Nguyen,Retail,Immediate,In-Store,Portland,2023-06-29
179,Matthew Davis,Retail,Immediate,In-Store,Corvallis,2022-12-03
180,David Lee,Retail,Immediate,In-Store,Beaverton,2025-08-24
181,James Miller,Retail,Immediate,In-Store, beaverton,2022-09-27
182,Chloe Davis,Retail,Immediate,In-Store,Bend,2024-09-10
183,LIAM WILSON ,Retail,Immediate,In-Store,Gresham,2023-10-16
184,Daniel Carter,Retail,Immediate,In-Store,Portland,2023-04-05
185,Hannah Martin,Retail,Immediate,In-Store,Portland,2025-09-04
186,DANIEL PATEL ,Retail,Immediate,In-Store,Portland,2025-04-20
187,Hannah Smith,Retail,Immediate,In-Store,Beaverton,2025-02-17
188,Grace Anderson,Retail,Immediate,In-Store,Beaverton,2022-10-16
189,William Kim,Retail,Immediate,In-Store,Portland,2022-11-11
190,Daniel Thomas,Retail,Immediate,In-Store,Portland,2022-07-22
191,Matthew Brown,Retail,Immediate,In-Store,Portland,2025-07-13
192,Robert Wilson,Retail,Immediate,In-Store,Portland,2024-08-09
193,Joseph Williams,Retail,Immediate,In-Store,Portland,2024-12-04
194,Andrew Smith,Retail,Immediate,In-Store,Tigard,2022-04-12
195,Lucas Taylor,Retail,Immediate,In-Store,Vancouver,2024-11-23
196,James Nelson,Retail,Immediate,In-Store,Portland,2022-01-11
197,Madison Johnson,Retail,Immediate,In-Store,Portland,2024-06-08
198,Matthew Jones,Retail,Immediate,In-Store,Portland,2022-12-31
199,Hannah Miller,Retail,Immediate,In-Store,Salem,2025-02-14
200,Sophia Miller,Retail,Immediate,In-Store,Portland,2023-11-10
201,Ashley Lee,Retail,Immediate,In-Store,Bend,2024-03-09
202,Sarah Patel,Retail,Immediate,In-Store, bend,2022-09-18
203,Grace Davis,Retail,Immediate,In-Store,Portland,2025-11-10
204,AVA SMITH ,Retail,Immediate,In-Store,Portland,2023-04-15
205,Sarah Moore,Retail,Immediate,In-Store,Portland,2023-01-12
206,Mia Carter,Retail,Immediate,In-Store,Portland,2022-03-21
207,Mia Lee,Retail,Immediate,In-Store,Hillsboro,2025-01-16
208,Michael Martin,Retail,Immediate,In-Store,Portland,2024-11-03
209,Hannah Wilson,Retail,Immediate,In-Store,Lake Oswego,2022-09-30
210,Christopher Miller,Retail,Immediate,In-Store,Portland,2023-07-03
211,Noah Thomas,Retail,Immediate,In-Store,Portland,2024-08-17
212,Emma Moore,Retail,Immediate,In-Store,Portland,2025-01-18
213,Ethan Kim,Retail,Immediate,In-Store,Portland,2023-01-31
214,Hannah Brown,Retail,Immediate,In-Store,Portland,2025-03-18
215,Andrew Nguyen,Retail,Immediate,In-Store,Portland,2023-10-26
216,ETHAN BROWN ,Retail,Immediate,In-Store,Portland,2023-01-05
217,David Moore,Retail,Immediate,In-Store,Lake Oswego,2024-10-03
218,David Wilson,Retail,Immediate,In-Store,Bend,2024-02-28
219,Robert Martin,Retail,Immediate,In-Store,Gresham,2022-03-04
220,OLIVIA NGUYEN ,Retail,Immediate,In-Store,Vancouver,2024-04-01
221,Michael Johnson,Retail,Immediate,In-Store,Portland,2025-02-09
222,James Miller,Retail,Immediate,In-Store,Portland,2023-11-12
223,Ella Johnson,Retail,Immediate,In-Store,Eugene,2022-04-04
224,JESSICA MOORE ,Retail,Immediate,In-Store, gresham,2022-04-09
225,Noah Williams,Retail,Immediate,In-Store,Portland,2025-06-08
226,Emily Smith,Retail,Immediate,In-Store,Beaverton,2023-03-16
227,Emily Kim,Retail,Immediate,In-Store,Portland,2022-06-30
228,Emma Miller,Retail,Immediate,In-Store,Portland,2025-05-30
229,MICHAEL NGUYEN ,Retail,Immediate,In-Store,Portland,2025-08-31
230,Mason Carter,Retail,Immediate,In-Store,Tigard,2025-10-10
231,William Johnson,Retail,Immediate,In-Store,Beaverton,2024-11-10
232,Michael Martin,Retail,Immediate,In-Store,Portland,2022-04-08
233,JOSEPH TAYLOR ,Retail,Immediate,In-Store,Beaverton,2022-04-22
234,Christopher Carter,Retail,Immediate,In-Store,Hillsboro,2022-09-12
235,Noah Thomas,Retail,Immediate,In-Store,Hillsboro,2025-12-09
236,Emily Smith,Retail,Immediate,In-Store, vancouver,2024-12-14
237,Emily Martin,Retail,Immediate,In-Store,Portland,2022-01-07
238,Madison Nelson,Retail,Immediate,In-Store,Portland,2025-04-05
239,Emma Kim,Retail,Immediate,In-Store, portland,2022-09-11
240,Ella Johnson,Retail,Immediate,In-Store,Gresham,2022-08-02
241,Grace Williams,Retail,Immediate,In-Store,Portland,2022-07-29
242,Christopher Brown,Retail,Immediate,In-Store,Portland,2022-12-25
243,Sophia Anderson,Retail,Immediate,In-Store,Hillsboro,2024-10-19
244,Liam Davis,Retail,Immediate,In-Store,Beaverton,2024-04-25
245,Robert Thomas,Retail,Immediate,In-Store,Lake Oswego,2022-08-14
246,Sophia Nguyen,Retail,Immediate,In-Store,Bend,2025-04-02
247,Ava Lee,Retail,Immediate,In-Store,Bend,2024-08-06
248,Grace Wilson,Retail,Immediate,In-Store,Portland,2022-12-08
249,MICHAEL JONES ,Retail,Immediate,In-Store,Portland,2022-06-09
250,Madison Davis,Retail,Immediate,In-Store, gresham,2025-11-18
251,Mason Carter,Retail,Immediate,In-Store,Portland,2024-05-12
252,GRACE LEE ,Retail,Immediate,In-Store,Portland,2024-06-11
253,James Kim,Retail,Immediate,In-Store,Portland,2023-02-14
254,Grace Garcia,Retail,Immediate,In-Store,Eugene,2022-02-19
255,Liam Garcia,Retail,Immediate,In-Store,Portland,2024-10-13
256,Mason Kim,Retail,Immediate,In-Store,Hillsboro,2023-11-12
257,JOSEPH GARCIA ,Retail,Immediate,In-Store,Portland,2024-08-04
258,Joseph Wilson,Retail,Immediate,In-Store,Portland,2022-07-12
259,Olivia Davis,Retail,Immediate,In-Store, portland,2022-05-27
260,James Williams,Retail,Immediate,In-Store,Tigard,2022-12-20
261,Christopher Jones,Retail,Immediate,In-Store,Portland,2023-06-03
262,Hannah Patel,Retail,Immediate,In-Store,Beaverton,2024-11-08
263,Ava Nguyen,Retail,Immediate,In-Store,Portland,2023-03-15
264,Chloe Thomas,Retail,Immediate,In-Store,Portland,2023-02-16
265,Lucas Moore,Retail,Immediate,In-Store,Portland,2025-07-08
266,David Carter,Retail,Immediate,In-Store,Beaverton,2023-08-28
267,CHRISTOPHER NELSON ,Retail,Immediate,In-Store,Portland,2023-12-16
268,Christopher Kim,Retail,Immediate,In-Store,Portland,2025-03-29
269,ANDREW GARCIA ,Retail,Immediate,In-Store,Portland,2024-04-05
270,JAMES JOHNSON ,Retail,Immediate,In-Store,Hillsboro,2023-03-12
271,Robert Smith,Retail,Immediate,In-Store,Portland,2023-11-29
272,Michael Jones,Retail,Immediate,In-Store,Portland,2025-11-30
273,LIAM MILLER ,Retail,Immediate,In-Store,Portland,2025-10-22
274,Mia Carter,Retail,Immediate,In-Store,Beaverton,2022-09-11
275,Hannah Martin,Retail,Immediate,In-Store,Gresham,2024-11-03
276,Sophia Kim,Retail,Immediate,In-Store,Portland,2023-09-01
277,Sophia Williams,Retail,Immediate,In-Store,Portland,2023-04-19
278,Hannah Martin,Retail,Immediate,In-Store,Portland,2022-02-20
279,Christopher Williams,Retail,Immediate,In-Store,Portland,2022-05-18
280,Grace Moore,Retail,Immediate,In-Store,Beaverton,2022-07-19
281,Jessica Smith,Retail,Immediate,In-Store,Portland,2022-05-12
282,Ashley Davis,Retail,Immediate,In-Store,Gresham,2024-11-30
283,Isabella Taylor,Retail,Immediate,In-Store,Portland,2023-12-20
284,James Carter,Retail,Immediate,In-Store,Salem,2025-10-29
285,Emma Patel,Retail,Immediate,In-Store,Portland,2023-12-02
286,William Nelson,Retail,Immediate,In-Store,Portland,2023-10-14
287,Matthew Patel,Retail,Immediate,In-Store,Gresham,2025-12-31
288,Emily Smith,Retail,Immediate,In-Store, portland,2022-10-28
289,James Anderson,Retail,Immediate,In-Store, portland,2024-05-26
290,David Nelson,Retail,Immediate,In-Store,Lake Oswego,2024-02-15
291,Sophia Nguyen,Retail,Immediate,In-Store, portland,2024-06-19
292,Emma Johnson,Retail,Immediate,In-Store,Gresham,2025-06-22
293,David Johnson,Retail,Immediate,In-Store,Portland,2022-05-05
294,Andrew Smith,Retail,Immediate,In-Store,Portland,2025-03-11
295,Noah Williams,Retail,Immediate,In-Store,Beaverton,2025-03-16
296,Daniel Kim,Retail,Immediate,In-Store,Portland,2022-05-16
297,Grace Patel,Retail,Immediate,In-Store,Portland,2024-01-10
298,Robert Nelson,Retail,Immediate,In-Store,Portland,2024-10-09
299,James Johnson,Retail,Immediate,In-Store,Portland,2022-12-21
300,Joseph Davis,Retail,Immediate,In-Store,Portland,2024-04-02
301,Chloe Kim,Retail,Immediate,In-Store,Portland,2023-03-04
302,Joseph Miller,Retail,Immediate,In-Store,Eugene,2023-07-01
303,William Brown,Retail,Immediate,In-Store,Portland,2022-06-01
304,Ashley Martin,Retail,Immediate,In-Store, salem,2022-07-20
305,ISABELLA PATEL ,Retail,Immediate,In-Store,Portland,2025-02-04
306,Chloe Smith,Retail,Immediate,In-Store,Portland,2025-07-30
307,Michael Smith,Retail,Immediate,In-Store,Portland,2023-04-26
308,Christopher Davis,Retail,Immediate,In-Store,Beaverton,2025-09-27
309,EMMA THOMAS ,Retail,Immediate,In-Store,Hillsboro,2024-09-17
310,Grace Miller,Retail,Immediate,In-Store,Portland,2023-02-06
311,Isabella Patel,Retail,Immediate,In-Store,Portland,2024-05-21
312,Ethan Miller,Retail,Immediate,In-Store,Hillsboro,2023-04-26
313,Hannah Davis,Retail,Immediate,In-Store,Portland,2022-07-17
314,JAMES PATEL ,Retail,Immediate,In-Store,Portland,2025-06-22
315,Grace Smith,Retail,Immediate,In-Store,Portland,2022-08-27
316,Noah Wilson,Retail,Immediate,In-Store,Portland,2024-08-20
317,Ava Taylor,Retail,Immediate,In-Store,Tigard,2023-10-27
318,JAMES GARCIA ,Retail,Immediate,In-Store,Vancouver,2023-12-07
319,Ava Martin,Retail,Immediate,In-Store, portland,2024-03-24
320,Sophia Martin,Retail,Immediate,In-Store,Portland,2025-10-03
321,Mia Taylor,Retail,Immediate,In-Store,Portland,2023-10-04
322,Chloe Williams,Retail,Immediate,In-Store,Hillsboro,2022-12-18
323,Ella Moore,Retail,Immediate,In-Store,Gresham,2022-02-11
324,Grace Nelson,Retail,Immediate,In-Store,Portland,2024-12-02
325,David Johnson,Retail,Immediate,In-Store, hillsboro,2024-10-07
326,Grace Johnson,Retail,Immediate,In-Store,Eugene,2023-10-06
327,Olivia Anderson,Retail,Immediate,In-Store,Seattle,2025-08-18
328,Lucas Kim,Retail,Immediate,In-Store,Portland,2023-06-24
329,Matthew Patel,Retail,Immediate,In-Store, portland,2024-01-10
330,Mason Martin,Retail,Immediate,In-Store,Portland,2024-02-28
331,Olivia Taylor,Retail,Immediate,In-Store,Portland,2022-03-21
332,Madison Jones,Retail,Immediate,In-Store,Beaverton,2022-04-04
333,Mason Lee,Retail,Immediate,In-Store,Vancouver,2022-03-25
334,Christopher Patel,Retail,Immediate,In-Store, portland,2023-02-04
335,Hannah Williams,Retail,Immediate,In-Store,Portland,2023-08-12
336,Emily Taylor,Retail,Immediate,In-Store,Portland,2025-06-28
337,CHLOE MARTIN ,Retail,Immediate,In-Store,Eugene,2025-09-12
338,Noah Thomas,Retail,Immediate,In-Store,Beaverton,2025-08-09
339,Ella Wilson,Retail,Immediate,In-Store,Portland,2022-12-29
340,William Thomas,Retail,Immediate,In-Store,Portland,2023-10-10
341,Andrew Wilson,Retail,Immediate,In-Store,Beaverton,2022-01-11
342,Andrew Garcia,Retail,Immediate,In-Store, portland,2022-03-10
343,Michael Patel,Retail,Immediate,In-Store,Seattle,2023-06-17
344,William Miller,Retail,Immediate,In-Store,Hillsboro,2024-10-18
345,Liam Garcia,Retail,Immediate,In-Store,Eugene,2023-04-25
346,Michael Martin,Retail,Immediate,In-Store,Beaverton,2024-07-23
347,James Smith,Retail,Immediate,In-Store,Corvallis,2022-02-21
348,Hannah Nguyen,Retail,Immediate,In-Store,Lake Oswego,2022-10-18
349,Ava Smith,Retail,Immediate,In-Store, salem,2022-01-30
350,Matthew Anderson,Retail,Immediate,In-Store, salem,2023-05-25
351,JAMES DAVIS ,Retail,Immediate,In-Store,Salem,2023-02-26
352,Robert Nguyen,Retail,Immediate,In-Store,Beaverton,2023-07-23
353,Andrew Anderson,Retail,Immediate,In-Store,Tigard,2023-03-30
354,Lucas Wilson,Retail,Immediate,In-Store,Portland,2025-03-05
355,Sophia Anderson,Retail,Immediate,In-Store,Beaverton,2023-08-22
356,Ethan Wilson,Retail,Immediate,In-Store,Eugene,2023-09-19
357,Ava Brown,Retail,Immediate,In-Store,Beaverton,2025-09-23
358,Christopher Wilson,Retail,Immediate,In-Store, gresham,2022-04-29
359,Grace Nelson,Retail,Immediate,In-Store,Hillsboro,2024-04-02
360,Joseph Lee,Retail,Immediate,In-Store,Hillsboro,2023-03-23
361,Liam Nguyen,Retail,Immediate,In-Store,Portland,2022-11-01
362,Christopher Thomas,Retail,Immediate,In-Store,Portland,2025-10-29
363,Grace Taylor,Retail,Immediate,In-Store,Portland,2024-06-10
364,Isabella Kim,Retail,Immediate,In-Store,Gresham,2024-12-28
365,LIAM MILLER ,Retail,Immediate,In-Store, vancouver,2023-07-27
366,Ava Wilson,Retail,Immediate,In-Store,Beaverton,2023-07-17
367,James Moore,Retail,Immediate,In-Store,Gresham,2024-07-31
368,James Thomas,Retail,Immediate,In-Store,Portland,2023-09-20
369,Lucas Moore,Retail,Immediate,In-Store, portland,2024-09-22
370,OLIVIA CARTER ,Retail,Immediate,In-Store, gresham,2022-07-01
371,Ella Jones,Retail,Immediate,In-Store,Bend,2025-11-20
372,Chloe Nguyen,Retail,Immediate,In-Store,Beaverton,2025-05-25
373,Joseph Johnson,Retail,Immediate,In-Store,Salem,2024-03-04
374,Olivia Taylor,Retail,Immediate,In-Store,Vancouver,2025-05-14
375,David Thomas,Retail,Immediate,In-Store,Portland,2023-07-11
376,Ella Wilson,Retail,Immediate,In-Store,Portland,2025-09-24
377,William Davis,Retail,Immediate,In-Store,Portland,2025-05-08
378,Emma Smith,Retail,Immediate,In-Store,Portland,2022-02-08
379,Emma Smith,Retail,Immediate,In-Store,Gresham,2022-08-29
380,Christopher Nguyen,Retail,Immediate,In-Store, portland,2024-11-06
381,Isabella Kim,Retail,Immediate,In-Store,Portland,2022-08-14
382,Emily Patel,Retail,Immediate,In-Store,Portland,2024-02-29
383,Chloe Wilson,Retail,Immediate,In-Store, portland,2022-11-26
384,Hannah Anderson,Retail,Immediate,In-Store, portland,2025-11-25
385,Ella Brown,Retail,Immediate,In-Store,Vancouver,2022-06-17
386,Ashley Patel,Retail,Immediate,In-Store,Beaverton,2023-02-16
387,Emily Williams,Retail,Immediate,In-Store,Portland,2024-01-29
388,Michael Nguyen,Retail,Immediate,In-Store,Portland,2024-02-23
389,AVA TAYLOR ,Retail,Immediate,In-Store,Portland,2024-06-28
390,OLIVIA LEE ,Retail,Immediate,In-Store,Portland,2022-04-21
391,AVA PATEL ,Retail,Immediate,In-Store,Corvallis,2022-09-27
392,Andrew Kim,Retail,Immediate,In-Store,Vancouver,2022-01-24
393,Emma Thomas,Retail,Immediate,In-Store,Portland,2025-05-08
394,Joseph Nguyen,Retail,Immediate,In-Store,Portland,2022-12-07
395,Andrew Patel,Retail,Immediate,In-Store,Portland,2023-10-14
396,Isabella Davis,Retail,Immediate,In-Store,Eugene,2023-09-09
397,Matthew Lee,Retail,Immediate,In-Store,Portland,2024-12-24
398,Michael Nguyen,Retail,Immediate,In-Store,Salem,2024-07-04
399,Jessica Thomas,Retail,Immediate,In-Store,Bend,2024-11-21
400,Chloe Kim,Retail,Immediate,In-Store,Portland,2022-06-16
401,Emma Lee,Retail,Immediate,In-Store,Portland,2025-02-12
402,Ashley Kim,Retail,Immediate,In-Store,Portland,2022-12-02
403,Lucas Anderson,Retail,Immediate,In-Store,Portland,2022-05-07
404,Emma Carter,Retail,Immediate,In-Store,Vancouver,2024-12-20
405,Chloe Miller,Retail,Immediate,In-Store,Portland,2025-10-21
406,Ethan Garcia,Retail,Immediate,In-Store,Portland,2022-01-07
407,Olivia Carter,Retail,Immediate,In-Store,Lake Oswego,2022-11-18
408,Mason Smith,Retail,Immediate,In-Store, portland,2022-12-27
409,Matthew Moore,Retail,Immediate,In-Store,Portland,2022-10-18
410,Emily Martin,Retail,Immediate,In-Store,Portland,2024-01-27
411,Madison Smith,Retail,Immediate,In-Store,Beaverton,2025-07-24
412,Isabella Martin,Retail,Immediate,In-Store,Portland,2023-05-31
413,William Kim,Retail,Immediate,In-Store,Tigard,2023-04-14
414,OLIVIA MOORE ,Retail,Immediate,In-Store,Portland,2024-11-30
415,Ashley Williams,Retail,Immediate,In-Store,Hillsboro,2025-05-05
416,EMILY THOMAS ,Retail,Immediate,In-Store,Seattle,2022-10-30
417,Ethan Nelson,Retail,Immediate,In-Store,Portland,2024-07-28
418,Daniel Williams,Retail,Immediate,In-Store,Tigard,2024-01-26
419,Isabella Nguyen,Retail,Immediate,In-Store,Beaverton,2023-08-31
420,Andrew Johnson,Retail,Immediate,In-Store,Eugene,2022-04-17
421,Daniel Garcia,Retail,Immediate,In-Store,Portland,2025-03-21
422,Hannah Garcia,Retail,Immediate,In-Store,Portland,2022-06-16
423,Lucas Martin,Retail,Immediate,In-Store, portland,2022-09-15
424,Ethan Nguyen,Retail,Immediate,In-Store,Portland,2022-12-12
425,Sarah Garcia,Retail,Immediate,In-Store,Vancouver,2022-12-27
426,Liam Garcia,Retail,Immediate,In-Store, portland,2025-08-23
427,Andrew Taylor,Retail,Immediate,In-Store,Portland,2022-10-24
428,Chloe Johnson,Retail,Immediate,In-Store,Portland,2025-07-22
429,Jessica Martin,Retail,Immediate,In-Store,Portland,2025-07-08
430,Daniel Jones,Retail,Immediate,In-Store, bend,2023-11-28
431,Chloe Jones,Retail,Immediate,In-Store,Portland,2024-09-19
432,Matthew Wilson,Retail,Immediate,In-Store,Portland,2023-05-04
433,David Carter,Retail,Immediate,In-Store,Beaverton,2023-07-10
434,Chloe Davis,Retail,Immediate,In-Store,Beaverton,2024-12-16
435,Christopher Smith,Retail,Immediate,In-Store,Salem,2023-05-21
436,Mason Patel,Retail,Immediate,In-Store,Portland,2025-09-13
437,Isabella Garcia,Retail,Immediate,In-Store, portland,2023-02-11
438,MICHAEL LEE ,Retail,Immediate,In-Store,Portland,2025-12-18
439,Jessica Lee,Retail,Immediate,In-Store, portland,2023-12-13
440,Liam Johnson,Retail,Immediate,In-Store, portland,2023-06-26
441,Mia Moore,Retail,Immediate,In-Store,Portland,2024-06-17
442,Ethan Smith,Retail,Immediate,In-Store,Beaverton,2024-06-29
443,Robert Nguyen,Retail,Immediate,In-Store,Salem,2024-03-03
444,Ella Wilson,Retail,Immediate,In-Store,Portland,2024-05-15
445,Michael Anderson,Retail,Immediate,In-Store,Portland,2022-02-06
446,Liam Patel,Retail,Immediate,In-Store,Portland,2023-09-09
447,Isabella Carter,Retail,Immediate,In-Store,Portland,2024-09-26
448,Robert Brown,Retail,Immediate,In-Store,Portland,2022-12-19
449,ETHAN KIM ,Retail,Immediate,In-Store,Gresham,2023-10-04
450,Noah Patel,Retail,Immediate,In-Store,Salem,2025-10-31
451,Ella Thomas,Retail,Immediate,In-Store,Vancouver,2025-01-07
452,Chloe Kim,Retail,Immediate,In-Store,Gresham,2023-08-23
453,Lucas Kim,Retail,Immediate,In-Store, portland,2025-09-27
454,William Moore,Retail,Immediate,In-Store,Portland,2024-09-15
455,Grace Williams,Retail,Immediate,In-Store,Eugene,2023-09-23
456,Mason Nguyen,Retail,Immediate,In-Store,Tigard,2024-06-07
457,Matthew Thomas,Retail,Immediate,In-Store,Salem,2024-11-02
458,Sophia Nelson,Retail,Immediate,In-Store,Bend,2023-10-17
459,ISABELLA MARTIN ,Retail,Immediate,In-Store,Portland,2024-04-26
460,Noah Carter,Retail,Immediate,In-Store,Portland,2023-11-25
461,Noah Carter,Retail,Immediate,In-Store,Portland,2025-03-08
462,Hannah Jones,Retail,Immediate,In-Store,Portland,2022-02-09
463,Grace Kim,Retail,Immediate,In-Store,Portland,2024-01-17
464,David Lee,Retail,Immediate,In-Store,Portland,2025-06-12
465,Chloe Nguyen,Retail,Immediate,In-Store,Portland,2023-03-29
466,Grace Johnson,Retail,Immediate,In-Store,Portland,2025-01-11
467,Ashley Brown,Retail,Immediate,In-Store,Portland,2025-01-02
468,Sarah Miller,Retail,Immediate,In-Store,Portland,2023-02-17
469,Christopher Smith,Retail,Immediate,In-Store,Portland,2025-09-17
470,William Carter,Retail,Immediate,In-Store,Portland,2023-08-14
471,Robert Miller,Retail,Immediate,In-Store,Portland,2022-12-30
472,JESSICA NGUYEN ,Retail,Immediate,In-Store,Portland,2022-11-22
473,Emily Jones,Retail,Immediate,In-Store,Beaverton,2024-08-25
474,Hannah Nelson,Retail,Immediate,In-Store,Tigard,2023-08-09
475,Ethan Martin,Retail,Immediate,In-Store,Salem,2025-04-09
476,Emily Anderson,Retail,Immediate,In-Store,Gresham,2024-06-22
477,Robert Kim,Retail,Immediate,In-Store,Tigard,2025-01-12
478,Hannah Johnson,Retail,Immediate,In-Store, eugene,2023-02-13
479,Ava Wilson,Retail,Immediate,In-Store,Portland,2022-11-27
480,Ethan Nelson,Retail,Immediate,In-Store,Tigard,2024-02-10
481,DAVID NELSON ,Retail,Immediate,In-Store,Hillsboro,2023-05-25
482,James Jones,Retail,Immediate,In-Store,Portland,2022-01-14
483,James Kim,Retail,Immediate,In-Store,Beaverton,2022-08-13
484,David Martin,Retail,Immediate,In-Store,Hillsboro,2023-12-20
485,Mason Moore,Retail,Immediate,In-Store, portland,2023-08-30
486,David Smith,Retail,Immediate,In-Store,Portland,2022-04-23
487,Andrew Taylor,Retail,Immediate,In-Store,Portland,2022-09-18
488,MICHAEL BROWN ,Retail,Immediate,In-Store,Hillsboro,2025-02-25
489,Madison Moore,Retail,Immediate,In-Store,Salem,2025-09-29
490,MIA THOMAS ,Retail,Immediate,In-Store,Portland,2025-07-07
491,Sophia Jones,Retail,Immediate,In-Store,Portland,2022-03-31
492,ANDREW DAVIS ,Retail,Immediate,In-Store,Portland,2022-04-26
493,Christopher Williams,Retail,Immediate,In-Store, vancouver,2024-09-28
494,Madison Nguyen,Retail,Immediate,In-Store,Beaverton,2022-06-06
495,SOPHIA THOMAS ,Retail,Immediate,In-Store,Gresham,2022-02-15
496,Sarah Taylor,Retail,Immediate,In-Store,Portland,2022-07-09
497,Andrew Kim,Retail,Immediate,In-Store,Beaverton,2025-09-28
498,Madison Anderson,Retail,Immediate,In-Store,Beaverton,2025-02-20
499,JESSICA THOMAS ,Retail,Immediate,In-Store, portland,2023-11-18
500,Robert Wilson,Retail,Immediate,In-Store,Hillsboro,2025-12-11
501,Michael Nguyen,Retail,Immediate,In-Store,Portland,2025-03-07
502,Emily Martin,Retail,Immediate,In-Store,Hillsboro,2024-01-22
503,Hannah Johnson,Retail,Immediate,In-Store,Tigard,2024-06-07
504,CHLOE TAYLOR ,Retail,Immediate,In-Store,Gresham,2024-07-20
505,NOAH TAYLOR ,Retail,Immediate,In-Store,Portland,2022-12-12
506,Olivia Wilson,Retail,Immediate,In-Store,Portland,2025-10-02
507,SARAH KIM ,Retail,Immediate,In-Store,Beaverton,2023-07-26
508,MATTHEW JONES ,Retail,Immediate,In-Store,Eugene,2022-07-31
509,Ashley Martin,Retail,Immediate,In-Store,Portland,2024-10-28
510,James Anderson,Retail,Immediate,In-Store,Portland,2025-07-20
511,Ethan Smith,Retail,Immediate,In-Store,Lake Oswego,2023-05-18
512,Sophia Miller,Retail,Immediate,In-Store,Beaverton,2022-01-08
513,Matthew Brown,Retail,Immediate,In-Store,Portland,2024-06-24
514,William Davis,Retail,Immediate,In-Store,Portland,2022-08-27
515,David Kim,Retail,Immediate,In-Store,Corvallis,2022-06-25
516,Hannah Wilson,Retail,Immediate,In-Store,Portland,2022-08-16
517,Mia Williams,Retail,Immediate,In-Store,Portland,2022-01-30
518,Emily Lee,Retail,Immediate,In-Store, bend,2023-11-15
519,Noah Patel,Retail,Immediate,In-Store,Corvallis,2023-11-09
520,Daniel Smith,Retail,Immediate,In-Store,Corvallis,2022-05-07
521,Grace Kim,Retail,Immediate,In-Store,Portland,2025-09-19
522,Olivia Williams,Retail,Immediate,In-Store,Hillsboro,2023-12-08
523,OLIVIA LEE ,Retail,Immediate,In-Store,Bend,2024-02-04
524,Mia Moore,Retail,Immediate,In-Store, portland,2022-02-25
525,Jessica Patel,Retail,Immediate,In-Store,Portland,2022-07-15
526,Jessica Williams,Retail,Immediate,In-Store,Eugene,2025-01-12
527,NOAH JONES ,Retail,Immediate,In-Store,Portland,2024-02-14
528,OLIVIA MARTIN ,Retail,Immediate,In-Store,Eugene,2023-11-02
529,Chloe Taylor,Retail,Immediate,In-Store,Eugene,2024-03-10
530,William Taylor,Retail,Immediate,In-Store,Portland,2025-04-03
531,Grace Garcia,Retail,Immediate,In-Store,Portland,2023-07-19
532,Joseph Miller,Retail,Immediate,In-Store,Portland,2025-09-07
533,Sophia Davis,Retail,Immediate,In-Store,Portland,2024-08-22
534,Emma Jones,Retail,Immediate,In-Store,Vancouver,2022-09-13
535,Emily Garcia,Retail,Immediate,In-Store,Portland,2025-09-10
536,ANDREW THOMAS ,Retail,Immediate,In-Store,Portland,2024-12-27
537,Lucas Johnson,Retail,Immediate,In-Store,Bend,2022-07-22
538,HANNAH TAYLOR ,Retail,Immediate,In-Store, beaverton,2022-12-10
539,Olivia Lee,Retail,Immediate,In-Store, portland,2022-02-22
540,Robert Garcia,Retail,Immediate,In-Store,Portland,2023-02-28
541,Hannah Wilson,Retail,Immediate,In-Store,Portland,2023-12-29
542,EMILY JOHNSON ,Retail,Immediate,In-Store,Portland,2025-04-12
543,Joseph Miller,Retail,Immediate,In-Store,Portland,2024-06-07
544,DANIEL PATEL ,Retail,Immediate,In-Store,Portland,2024-12-22
545,Robert Patel,Retail,Immediate,In-Store,Portland,2025-07-03
546,David Wilson,Retail,Immediate,In-Store,Tigard,2024-07-11
547,Mia Nguyen,Retail,Immediate,In-Store,Portland,2024-11-10
548,Michael Thomas,Retail,Immediate,In-Store,Corvallis,2022-07-13
549,MIA MARTIN ,Retail,Immediate,In-Store,Portland,2022-06-04
550,EMILY MILLER ,Retail,Immediate,In-Store,Portland,2022-07-09
551,Ethan Carter,Retail,Immediate,In-Store,Portland,2023-02-05
552,Emily Johnson,Retail,Immediate,In-Store,Portland,2024-08-27
553,William Brown,Retail,Immediate,In-Store,Portland,2023-09-24
554,Madison Carter,Retail,Immediate,In-Store,Portland,2025-12-18
555,Olivia Lee,Retail,Immediate,In-Store,Portland,2022-10-15
556,Madison Jones,Retail,Immediate,In-Store,Portland,2024-08-11
557,WILLIAM MARTIN ,Retail,Immediate,In-Store,Hillsboro,2023-12-22
558,Sarah Johnson,Retail,Immediate,In-Store,Portland,2022-03-18
559,Isabella Jones,Retail,Immediate,In-Store,Portland,2022-12-09
560,Daniel Johnson,Retail,Immediate,In-Store,Portland,2022-07-16
561,Emma Johnson,Retail,Immediate,In-Store, corvallis,2025-12-18
562,Chloe Carter,Retail,Immediate,In-Store, portland,2024-11-17
563,Robert Kim,Retail,Immediate,In-Store,Portland,2023-04-18
564,Matthew Smith,Retail,Immediate,In-Store,Portland,2025-05-22
565,Ashley Lee,Retail,Immediate,In-Store,Portland,2023-05-12
566,Hannah Lee,Retail,Immediate,In-Store,Portland,2025-10-12
567,Grace Wilson,Retail,Immediate,In-Store, portland,2022-12-19
568,Isabella Brown,Retail,Immediate,In-Store,Portland,2025-03-11
569,WILLIAM WILSON ,Retail,Immediate,In-Store,Beaverton,2022-08-25
570,Christopher Garcia,Retail,Immediate,In-Store,Portland,2022-10-04
571,Ava Thomas,Retail,Immediate,In-Store,Beaverton,2022-03-04
572,Matthew Taylor,Retail,Immediate,In-Store,Portland,2025-04-01
573,Ashley Carter,Retail,Immediate,In-Store,Gresham,2022-05-09
574,Chloe Jones,Retail,Immediate,In-Store,Portland,2023-08-31
575,Andrew Wilson,Retail,Immediate,In-Store,Salem,2025-08-11
576,Matthew Nelson,Retail,Immediate,In-Store,Hillsboro,2024-10-16
577,Hannah Moore,Retail,Immediate,In-Store,Bend,2023-12-03
578,Sarah Taylor,Retail,Immediate,In-Store,Portland,2025-02-01
579,Hannah Jones,Retail,Immediate,In-Store,Portland,2024-03-08
580,Michael Davis,Retail,Immediate,In-Store,Portland,2025-04-14
581,GRACE TAYLOR ,Retail,Immediate,In-Store, eugene,2023-07-08
582,Chloe Wilson,Retail,Immediate,In-Store,Salem,2024-10-12
583,William Martin,Retail,Immediate,In-Store,Portland,2025-09-12
584,Olivia Garcia,Retail,Immediate,In-Store,Portland,2023-05-15
585,MATTHEW MILLER ,Retail,Immediate,In-Store,Gresham,2023-06-20
586,Ashley Nelson,Retail,Immediate,In-Store,Hillsboro,2022-09-19
587,SOPHIA ANDERSON ,Retail,Immediate,In-Store,Eugene,2023-10-18
588,ANDREW KIM ,Retail,Immediate,In-Store,Portland,2023-03-30
589,Mia Williams,Retail,Immediate,In-Store,Eugene,2023-08-01
590,Emma Carter,Retail,Immediate,In-Store,Gresham,2025-01-05
591,William Wilson,Retail,Immediate,In-Store,Portland,2024-05-06
592,William Nguyen,Retail,Immediate,In-Store,Portland,2024-12-13
593,Ethan Kim,Retail,Immediate,In-Store,Portland,2025-08-22
594,Mason Davis,Retail,Immediate,In-Store,Hillsboro,2024-05-29
595,Jessica Carter,Retail,Immediate,In-Store,Portland,2022-09-13
596,Lucas Wilson,Retail,Immediate,In-Store,Hillsboro,2023-09-29
597,Isabella Johnson,Retail,Immediate,In-Store,Portland,2022-08-17
598,Joseph Davis,Retail,Immediate,In-Store,Portland,2023-03-05
599,Noah Williams,Retail,Immediate,In-Store,Portland,2023-03-29
600,Chloe Nelson,Retail,Immediate,In-Store,Portland,2022-02-02
601,Madison Brown,Retail,Immediate,In-Store,Portland,2022-04-18
602,EMMA WILLIAMS ,Retail,Immediate,In-Store,Salem,2024-04-19
603,Grace Wilson,Retail,Immediate,In-Store,Portland,2022-09-30
604,DANIEL MILLER ,Retail,Immediate,In-Store,Beaverton,2022-08-05
605,Madison Miller,Retail,Immediate,In-Store,Bend,2024-09-30
606,Ashley Garcia,Retail,Immediate,In-Store,Hillsboro,2023-10-04
607,Sophia Anderson,Retail,Immediate,In-Store,Bend,2023-03-23
608,ETHAN JOHNSON ,Retail,Immediate,In-Store,Gresham,2022-03-15
609,Noah Thomas,Retail,Immediate,In-Store,Portland,2025-08-30
610,Andrew Miller,Retail,Immediate,In-Store,Eugene,2025-07-25
611,Mason Moore,Retail,Immediate,In-Store,Salem,2024-01-01
612,Andrew Garcia,Retail,Immediate,In-Store,Beaverton,2023-06-02
613,GRACE CARTER ,Retail,Immediate,In-Store,Portland,2023-04-10
614,Noah Carter,Retail,Immediate,In-Store,Salem,2024-05-20
615,Chloe Wilson,Retail,Immediate,In-Store,Corvallis,2023-07-17
616,Madison Brown,Retail,Immediate,In-Store,Portland,2025-03-23
617,Emma Thomas,Retail,Immediate,In-Store,Bend,2025-03-12
618,Hannah Lee,Retail,Immediate,In-Store,Beaverton,2022-03-15
619,Jessica Williams,Retail,Immediate,In-Store,Portland,2024-01-16
620,Emily Smith,Retail,Immediate,In-Store,Portland,2022-04-26
621,Grace Nguyen,Retail,Immediate,In-Store,Salem,2024-11-02
622,Hannah Davis,Retail,Immediate,In-Store,Portland,2025-03-08
623,Michael Johnson,Retail,Immediate,In-Store,Portland,2023-07-14
624,JESSICA GARCIA ,Retail,Immediate,In-Store,Portland,2022-05-25
625,Ethan Nguyen,Retail,Immediate,In-Store,Portland,2023-09-28
626,Ella Jones,Retail,Immediate,In-Store, portland,2023-04-28
627,Ashley Anderson,Retail,Immediate,In-Store,Beaverton,2023-11-24
628,MICHAEL SMITH ,Retail,Immediate,In-Store,Bend,2022-02-23
629,Robert Martin,Retail,Immediate,In-Store,Portland,2023-10-21
630,Hannah Taylor,Retail,Immediate,In-Store,Portland,2024-02-09
631,Grace Miller,Retail,Immediate,In-Store,Beaverton,2023-08-03
632,James Jones,Retail,Immediate,In-Store,Portland,2025-12-16
633,Jessica Davis,Retail,Immediate,In-Store, portland,2024-02-23
634,Chloe Carter,Retail,Immediate,In-Store, gresham,2023-03-16
635,Ella Garcia,Retail,Immediate,In-Store,Salem,2023-03-08
636,David Thomas,Retail,Immediate,In-Store, beaverton,2024-03-24
637,Ella Nelson,Retail,Immediate,In-Store,Seattle,2024-08-13
638,Joseph Lee,Retail,Immediate,In-Store,Portland,2025-07-11
639,Ethan Miller,Retail,Immediate,In-Store,Bend,2023-12-09
640,ELLA KIM ,Retail,Immediate,In-Store,Portland,2025-08-29
641,William Brown,Retail,Immediate,In-Store, portland,2022-04-12
642,Matthew Johnson,Retail,Immediate,In-Store,Gresham,2025-12-24
643,Sophia Moore,Retail,Immediate,In-Store,Portland,2025-05-06
644,Ella Taylor,Retail,Immediate,In-Store,Portland,2022-05-23
645,Chloe Martin,Retail,Immediate,In-Store,Portland,2022-09-13
646,Ethan Jones,Retail,Immediate,In-Store,Eugene,2025-05-23
647,David Johnson,Retail,Immediate,In-Store,Gresham,2024-06-16
648,Ava Nguyen,Retail,Immediate,In-Store,Portland,2024-09-21
649,Michael Taylor,Retail,Immediate,In-Store, portland,2023-10-18
650,LIAM MARTIN ,Retail,Immediate,In-Store,Portland,2022-04-07
651,Ashley Garcia,Retail,Immediate,In-Store,Beaverton,2022-06-15
652,Robert Brown,Retail,Immediate,In-Store,Hillsboro,2023-05-09
653,Robert Brown,Retail,Immediate,In-Store,Hillsboro,2025-11-26
654,Emma Brown,Retail,Immediate,In-Store,Portland,2024-12-27
655,Emily Anderson,Retail,Immediate,In-Store,Portland,2022-08-12
656,Sophia Patel,Retail,Immediate,In-Store,Beaverton,2025-07-21
657,Joseph Carter,Retail,Immediate,In-Store, portland,2024-03-24
658,Liam Carter,Retail,Immediate,In-Store,Portland,2023-11-17
659,Noah Davis,Retail,Immediate,In-Store,Portland,2025-02-03
660,Sophia Brown,Retail,Immediate,In-Store,Portland,2025-03-24
661,Chloe Anderson,Retail,Immediate,In-Store,Hillsboro,2024-02-24
662,Hannah Nguyen,Retail,Immediate,In-Store,Eugene,2022-07-16
663,EMMA ANDERSON ,Retail,Immediate,In-Store,Gresham,2024-01-14
664,Jessica Garcia,Retail,Immediate,In-Store,Vancouver,2023-04-01
665,James Carter,Retail,Immediate,In-Store,Eugene,2022-10-14
666,CHRISTOPHER MILLER ,Retail,Immediate,In-Store,Portland,2022-08-12
667,Joseph Anderson,Retail,Immediate,In-Store,Vancouver,2024-02-15
668,Ethan Johnson,Retail,Immediate,In-Store,Portland,2024-03-29
669,Ashley Taylor,Retail,Immediate,In-Store, portland,2025-10-28
670,Isabella Carter,Retail,Immediate,In-Store,Seattle,2023-09-28
671,CHRISTOPHER TAYLOR ,Retail,Immediate,In-Store,Hillsboro,2025-04-08
672,Noah Taylor,Retail,Immediate,In-Store,Portland,2023-12-29
673,Lucas Thomas,Retail,Immediate,In-Store,Salem,2025-03-04
674,Olivia Carter,Retail,Immediate,In-Store,Portland,2022-07-06
675,Lucas Lee,Retail,Immediate,In-Store,Portland,2025-06-14
676,CHLOE SMITH ,Retail,Immediate,In-Store,Portland,2025-10-04
677,Grace Patel,Retail,Immediate,In-Store,Gresham,2023-02-27
678,ELLA SMITH ,Retail,Immediate,In-Store,Portland,2022-07-07
679,MADISON NGUYEN ,Retail,Immediate,In-Store,Seattle,2022-07-09
680,Mia Brown,Retail,Immediate,In-Store,Bend,2025-12-28
681,Daniel Thomas,Retail,Immediate,In-Store,Beaverton,2025-12-23
682,Joseph Johnson,Retail,Immediate,In-Store,Portland,2022-10-13
683,Robert Nguyen,Retail,Immediate,In-Store,Eugene,2024-05-11
684,Jessica Wilson,Retail,Immediate,In-Store,Portland,2022-09-12
685,Isabella Carter,Retail,Immediate,In-Store, hillsboro,2024-02-18
686,Lucas Anderson,Retail,Immediate,In-Store,Gresham,2022-10-01
687,Ella Miller,Retail,Immediate,In-Store,Portland,2023-05-27
688,Daniel Williams,Retail,Immediate,In-Store,Beaverton,2022-09-20
689,Emily Nguyen,Retail,Immediate,In-Store, beaverton,2025-10-05
690,James Taylor,Retail,Immediate,In-Store,Salem,2022-12-07
691,Matthew Nguyen,Retail,Immediate,In-Store,Portland,2025-04-12
692,Ashley Moore,Retail,Immediate,In-Store,Lake Oswego,2025-04-03
693,Mason Smith,Retail,Immediate,In-Store,Portland,2025-06-01
694,Isabella Kim,Retail,Immediate,In-Store,Beaverton,2022-03-02
695,Madison Martin,Retail,Immediate,In-Store,Portland,2022-03-28
696,Chloe Thomas,Retail,Immediate,In-Store,Portland,2022-01-27
697,Liam Davis,Retail,Immediate,In-Store,Bend,2025-05-12
698,MIA WILLIAMS ,Retail,Immediate,In-Store,Lake Oswego,2023-04-18
699,Robert Patel,Retail,Immediate,In-Store,Vancouver,2023-11-24
700,Ethan Johnson,Retail,Immediate,In-Store,Portland,2025-10-27
701,JAMES NGUYEN ,Retail,Immediate,In-Store,Eugene,2024-01-17
702,Chloe Williams,Retail,Immediate,In-Store,Portland,2024-09-24
703,ISABELLA JOHNSON ,Retail,Immediate,In-Store,Gresham,2022-12-09
704,Emily Nelson,Retail,Immediate,In-Store,Salem,2023-10-26
705,Chloe Lee,Retail,Immediate,In-Store,Eugene,2024-01-30
706,Sophia Brown,Retail,Immediate,In-Store,Portland,2024-10-12
707,Hannah Thomas,Retail,Immediate,In-Store,Seattle,2022-03-17
708,Matthew Martin,Retail,Immediate,In-Store,Tigard,2024-01-25
709,Andrew Martin,Retail,Immediate,In-Store,Gresham,2023-12-12
710,NOAH JONES ,Retail,Immediate,In-Store,Portland,2025-09-21
711,Hannah Patel,Retail,Immediate,In-Store,Gresham,2025-12-01
712,Isabella Williams,Retail,Immediate,In-Store,Portland,2025-02-14
713,Isabella Wilson,Retail,Immediate,In-Store,Portland,2022-08-03
714,Michael Garcia,Retail,Immediate,In-Store,Portland,2023-08-17
715,Olivia Johnson,Retail,Immediate,In-Store,Beaverton,2022-08-30
716,DANIEL BROWN ,Retail,Immediate,In-Store,Gresham,2024-12-03
717,JOSEPH LEE ,Retail,Immediate,In-Store,Portland,2025-08-02
718,Mia Taylor,Retail,Immediate,In-Store,Portland,2023-03-14
719,Daniel Jones,Retail,Immediate,In-Store,Vancouver,2023-11-21
720,Olivia Nelson,Retail,Immediate,In-Store,Portland,2024-01-23
721,William Kim,Retail,Immediate,In-Store,Beaverton,2024-11-18
722,Sophia Jones,Retail,Immediate,In-Store,Salem,2023-01-21
723,Olivia Jones,Retail,Immediate,In-Store,Portland,2024-08-12
724,Sophia Wilson,Retail,Immediate,In-Store,Portland,2023-10-08
725,Liam Miller,Retail,Immediate,In-Store,Salem,2022-08-18
726,Ethan Nguyen,Retail,Immediate,In-Store,Gresham,2024-01-15
727,James Thomas,Retail,Immediate,In-Store,Portland,2023-02-04
728,Ava Thomas,Retail,Immediate,In-Store,Bend,2023-11-26
729,Sarah Davis,Retail,Immediate,In-Store,Portland,2025-07-02
730,Emma Davis,Retail,Immediate,In-Store,Portland,2024-11-09
731,Liam Jones,Retail,Immediate,In-Store,Portland,2022-08-09
732,MIA NGUYEN ,Retail,Immediate,In-Store,Portland,2025-10-03
733,JAMES GARCIA ,Retail,Immediate,In-Store,Portland,2022-01-04
734,Christopher Miller,Retail,Immediate,In-Store,Portland,2024-01-22
735,Madison Jones,Retail,Immediate,In-Store,Beaverton,2022-11-30
736,Matthew Davis,Retail,Immediate,In-Store,Portland,2024-04-11
737,WILLIAM WILLIAMS ,Retail,Immediate,In-Store,Portland,2022-12-13
738,MIA MILLER ,Retail,Immediate,In-Store, bend,2025-03-15
739,Lucas Williams,Retail,Immediate,In-Store,Beaverton,2023-06-28
740,James Thomas,Retail,Immediate,In-Store,Eugene,2023-07-15
741,Matthew Miller,Retail,Immediate,In-Store,Portland,2023-03-10
742,Ashley Smith,Retail,Immediate,In-Store,Portland,2022-08-13
743,Chloe Martin,Retail,Immediate,In-Store,Portland,2025-08-25
744,Ava Anderson,Retail,Immediate,In-Store,Portland,2023-12-24
745,Emma Garcia,Retail,Immediate,In-Store,Portland,2024-03-21
746,DAVID KIM ,Retail,Immediate,In-Store,Corvallis,2024-06-02
747,Hannah Patel,Retail,Immediate,In-Store,Portland,2024-08-22
748,Matthew Miller,Retail,Immediate,In-Store,Portland,2024-09-08
749,ISABELLA MILLER ,Retail,Immediate,In-Store,Eugene,2022-03-07
750,NOAH WILSON ,Retail,Immediate,In-Store,Portland,2023-06-08
751,Andrew Jones,Retail,Immediate,In-Store,Portland,2025-11-17
752,GRACE BROWN ,Retail,Immediate,In-Store,Portland,2023-06-12
753,Hannah Carter,Retail,Immediate,In-Store,Portland,2025-12-20
754,Robert Nelson,Retail,Immediate,In-Store,Portland,2022-01-29
755,Hannah Johnson,Retail,Immediate,In-Store,Portland,2022-03-01
756,David Martin,Retail,Immediate,In-Store,Portland,2025-08-06
757,Matthew Moore,Retail,Immediate,In-Store, corvallis,2025-04-25
758,ASHLEY ANDERSON ,Retail,Immediate,In-Store,Beaverton,2025-06-23
759,Mason Lee,Retail,Immediate,In-Store,Vancouver,2022-12-19
760,MADISON GARCIA ,Retail,Immediate,In-Store,Salem,2022-09-18
761,David Nguyen,Retail,Immediate,In-Store,Portland,2023-02-26
762,Ella Taylor,Retail,Immediate,In-Store, vancouver,2022-11-06
763,ELLA LEE ,Retail,Immediate,In-Store,Portland,2022-06-06
764,James Davis,Retail,Immediate,In-Store,Portland,2022-02-04
765,Emma Jones,Retail,Immediate,In-Store,Salem,2025-06-04
766,Ashley Smith,Retail,Immediate,In-Store,Portland,2025-02-01
767,Madison Nguyen,Retail,Immediate,In-Store,Portland,2023-11-04
768,ASHLEY DAVIS ,Retail,Immediate,In-Store,Portland,2025-06-10
769,Joseph Davis,Retail,Immediate,In-Store,Portland,2025-01-09
770,LIAM THOMAS ,Retail,Immediate,In-Store,Portland,2025-06-09
771,Chloe Carter,Retail,Immediate,In-Store,Portland,2022-06-28
772,Daniel Miller,Retail,Immediate,In-Store,Portland,2025-06-17
773,Christopher Moore,Retail,Immediate,In-Store,Portland,2025-01-20
774,Liam Johnson,Retail,Immediate,In-Store,Portland,2025-11-01
775,Mason Nelson,Retail,Immediate,In-Store,Gresham,2025-05-27
776,James Thomas,Retail,Immediate,In-Store,Gresham,2025-11-13
777,Ethan Kim,Retail,Immediate,In-Store,Beaverton,2022-12-09
778,Ethan Nguyen,Retail,Immediate,In-Store, portland,2024-06-12
779,Hannah Patel,Retail,Immediate,In-Store, portland,2023-12-05
780,David Johnson,Retail,Immediate,In-Store,Hillsboro,2023-09-04
781,Grace Lee,Retail,Immediate,In-Store,Portland,2022-07-26
782,AVA SMITH ,Retail,Immediate,In-Store,Portland,2023-08-28
783,Ella Martin,Retail,Immediate,In-Store,Portland,2023-12-22
784,Olivia Garcia,Retail,Immediate,In-Store,Corvallis,2022-10-28
785,Matthew Williams,Retail,Immediate,In-Store,Portland,2024-11-26
786,DANIEL JOHNSON ,Retail,Immediate,In-Store,Hillsboro,2022-12-10
787,James Anderson,Retail,Immediate,In-Store,Portland,2024-09-14
788,William Lee,Retail,Immediate,In-Store,Salem,2024-01-28
789,Noah Davis,Retail,Immediate,In-Store,Gresham,2022-02-05
790,Hannah Carter,Retail,Immediate,In-Store,Portland,2022-01-14
791,Christopher Patel,Retail,Immediate,In-Store,Portland,2025-04-03
792,Sophia Martin,Retail,Immediate,In-Store,Salem,2022-11-06
793,MICHAEL MOORE ,Retail,Immediate,In-Store,Beaverton,2024-03-20
794,Olivia Miller,Retail,Immediate,In-Store,Seattle,2025-04-21
795,WILLIAM LEE ,Retail,Immediate,In-Store,Vancouver,2023-06-17
796,Grace Brown,Retail,Immediate,In-Store, eugene,2025-09-01
797,Robert Kim,Retail,Immediate,In-Store,Portland,2023-12-16
798,Ethan Martin,Retail,Immediate,In-Store,Salem,2025-10-14
799,Grace Lee,Retail,Immediate,In-Store,Hillsboro,2025-12-04
800,SOPHIA NGUYEN ,Retail,Immediate,In-Store,Portland,2023-09-14
801,Ava Johnson,Retail,Immediate,In-Store,Seattle,2024-07-29
802,Grace Jones,Retail,Immediate,In-Store,Portland,2025-11-19
803,Noah Smith,Retail,Immediate,In-Store,Portland,2022-10-24
804,David Carter,Retail,Immediate,In-Store, portland,2022-11-11
805,Joseph Nelson,Retail,Immediate,In-Store,Portland,2023-04-30
806,Ashley Moore,Retail,Immediate,In-Store,Bend,2024-07-29
807,Ella Davis,Retail,Immediate,In-Store,Hillsboro,2024-08-10
808,Liam Miller,Retail,Immediate,In-Store,Vancouver,2025-07-30
809,Daniel Lee,Retail,Immediate,In-Store,Corvallis,2022-06-05
810,WILLIAM PATEL ,Retail,Immediate,In-Store,Portland,2022-04-18
811,Ethan Lee,Retail,Immediate,In-Store,Portland,2023-11-14
812,Sophia Garcia,Retail,Immediate,In-Store,Portland,2023-11-27
813,Sophia Thomas,Retail,Immediate,In-Store,Portland,2023-10-15
814,Christopher Jones,Retail,Immediate,In-Store,Lake Oswego,2025-01-05
815,HANNAH NELSON ,Retail,Immediate,In-Store,Portland,2025-08-07
816,Hannah Moore,Retail,Immediate,In-Store,Vancouver,2025-06-24
817,Andrew Anderson,Retail,Immediate,In-Store,Portland,2022-10-13
818,Emily Garcia,Retail,Immediate,In-Store,Portland,2024-06-30
819,Andrew Taylor,Retail,Immediate,In-Store, hillsboro,2023-02-01
820,Mia Johnson,Retail,Immediate,In-Store,Portland,2022-04-07
821,ETHAN BROWN ,Retail,Immediate,In-Store,Portland,2022-09-14
822,Sophia Jones,Retail,Immediate,In-Store,Portland,2022-01-24
823,Emma Wilson,Retail,Immediate,In-Store,Portland,2022-02-26
824,ISABELLA CARTER ,Retail,Immediate,In-Store,Bend,2022-10-08
825,Daniel Nguyen,Retail,Immediate,In-Store,Portland,2023-03-29
826,Daniel Kim,Retail,Immediate,In-Store,Eugene,2023-10-23
827,David Martin,Retail,Immediate,In-Store,Portland,2022-07-01
828,Mason Patel,Retail,Immediate,In-Store,Seattle,2022-06-12
829,David Carter,Retail,Immediate,In-Store,Portland,2024-04-19
830,Christopher Martin,Retail,Immediate,In-Store,Bend,2023-08-19
831,Ashley Brown,Retail,Immediate,In-Store,Beaverton,2022-05-02
832,David Wilson,Retail,Immediate,In-Store,Eugene,2025-10-03
833,Emily Davis,Retail,Immediate,In-Store,Portland,2025-07-02
834,Ethan Brown,Retail,Immediate,In-Store,Portland,2025-12-21
835,Michael Patel,Retail,Immediate,In-Store,Hillsboro,2023-02-15
836,Ethan Williams,Retail,Immediate,In-Store,Portland,2023-08-21
837,David Lee,Retail,Immediate,In-Store,Seattle,2022-04-24
838,Noah Nelson,Retail,Immediate,In-Store,Portland,2023-05-15
839,Liam Miller,Retail,Immediate,In-Store,Corvallis,2024-12-12
840,Andrew Miller,Retail,Immediate,In-Store,Portland,2023-02-14
841,ASHLEY WILSON ,Retail,Immediate,In-Store,Gresham,2025-06-05
842,James Anderson,Retail,Immediate,In-Store,Portland,2023-09-13
843,Noah Nguyen,Retail,Immediate,In-Store,Portland,2025-06-02
844,Sarah Martin,Retail,Immediate,In-Store,Portland,2022-09-03
845,EMMA JONES ,Retail,Immediate,In-Store,Salem,2024-02-06
846,Emma Carter,Retail,Immediate,In-Store,Portland,2025-01-20
847,Emily Patel,Retail,Immediate,In-Store,Portland,2023-06-30
848,Grace Garcia,Retail,Immediate,In-Store,Portland,2024-01-02
849,Jessica Wilson,Retail,Immediate,In-Store,Portland,2022-09-02
850,Emma Nguyen,Retail,Immediate,In-Store,Portland,2023-01-19
851,Madison Wilson,Retail,Immediate,In-Store,Beaverton,2025-08-09
852,Michael Brown,Retail,Immediate,In-Store,Portland,2023-09-08
853,Isabella Johnson,Retail,Immediate,In-Store,Portland,2024-01-11
854,JESSICA WILSON ,Retail,Immediate,In-Store, portland,2024-12-26
855,Christopher Carter,Retail,Immediate,In-Store,Portland,2024-06-13
856,Mason Miller,Retail,Immediate,In-Store,Eugene,2023-01-01
857,Matthew Johnson,Retail,Immediate,In-Store,Portland,2024-06-03
858,William Miller,Retail,Immediate,In-Store,Bend,2022-07-01
859,Emily Moore,Retail,Immediate,In-Store, bend,2022-12-12
860,Sarah Lee,Retail,Immediate,In-Store,Hillsboro,2022-09-30
861,Michael Miller,Retail,Immediate,In-Store,Beaverton,2022-07-11
862,Isabella Jones,Retail,Immediate,In-Store,Portland,2023-10-27
863,Mason Davis,Retail,Immediate,In-Store, portland,2023-02-22
864,Daniel Smith,Retail,Immediate,In-Store,Portland,2024-05-01
865,Madison Davis,Retail,Immediate,In-Store,Portland,2025-06-23
866,Ava Brown,Retail,Immediate,In-Store,Portland,2022-02-12
867,Emily Brown,Retail,Immediate,In-Store,Bend,2023-12-06
868,Daniel Taylor,Retail,Immediate,In-Store, portland,2024-07-13
869,ELLA WILSON ,Retail,Immediate,In-Store,Lake Oswego,2022-04-06
870,Andrew Taylor,Retail,Immediate,In-Store,Portland,2023-12-05
871,Ava Kim,Retail,Immediate,In-Store,Portland,2024-01-12
872,Ethan Garcia,Retail,Immediate,In-Store,Hillsboro,2022-05-05
873,Isabella Lee,Retail,Immediate,In-Store,Gresham,2022-11-10
874,MICHAEL MOORE ,Retail,Immediate,In-Store,Portland,2024-08-04
875,James Smith,Retail,Immediate,In-Store,Portland,2023-10-15
876,Mason Johnson,Retail,Immediate,In-Store,Portland,2023-11-15
877,Robert Nguyen,Retail,Immediate,In-Store, hillsboro,2023-02-07
878,Sophia Miller,Retail,Immediate,In-Store,Corvallis,2025-09-10
879,Ava Jones,Retail,Immediate,In-Store,Tigard,2024-05-05
880,MIA PATEL ,Retail,Immediate,In-Store,Portland,2024-11-05
881,Liam Davis,Retail,Immediate,In-Store,Hillsboro,2022-07-19
882,ASHLEY ANDERSON ,Retail,Immediate,In-Store,Portland,2025-01-07
883,CHRISTOPHER NELSON ,Retail,Immediate,In-Store,Portland,2025-10-27
884,Daniel Brown,Retail,Immediate,In-Store,Portland,2023-10-15
885,EMMA MARTIN ,Retail,Immediate,In-Store,Salem,2025-05-16
886,Isabella Wilson,Retail,Immediate,In-Store,Portland,2023-09-24
887,MICHAEL MILLER ,Retail,Immediate,In-Store,Eugene,2023-11-07
888,Ella Lee,Retail,Immediate,In-Store,Portland,2024-12-02
889,Isabella Anderson,Retail,Immediate,In-Store,Beaverton,2023-09-30
890,Joseph Taylor,Retail,Immediate,In-Store,Hillsboro,2025-06-17
891,Olivia Davis,Retail,Immediate,In-Store, portland,2025-10-06
892,James Smith,Retail,Immediate,In-Store,Portland,2024-11-19
893,Olivia Carter,Retail,Immediate,In-Store,Beaverton,2024-02-29
894,EMILY LEE ,Retail,Immediate,In-Store,Portland,2023-11-23
895,HANNAH DAVIS ,Retail,Immediate,In-Store,Portland,2024-10-25
896,Christopher Wilson,Retail,Immediate,In-Store,Portland,2025-11-23
897,Jessica Kim,Retail,Immediate,In-Store,Bend,2025-02-23
898,Joseph Thomas,Retail,Immediate,In-Store,Portland,2022-03-01
899,Ethan Moore,Retail,Immediate,In-Store,Portland,2024-12-17
900,Ethan Kim,Retail,Immediate,In-Store, portland,2023-08-12
901,James Kim,Retail,Immediate,In-Store,Portland,2022-06-29
902,James Patel,Retail,Immediate,In-Store,Portland,2024-08-02
903,Christopher Martin,Retail,Immediate,In-Store,Portland,2023-09-19
904,James Miller,Retail,Immediate,In-Store,Portland,2022-06-23
905,Hannah Wilson,Retail,Immediate,In-Store, salem,2022-07-19
906,Michael Jones,Retail,Immediate,In-Store, gresham,2022-04-19
907,Lucas Miller,Retail,Immediate,In-Store,Portland,2022-07-03
908,David Nelson,Retail,Immediate,In-Store,Portland,2024-10-01
909,Madison Moore,Retail,Immediate,In-Store,Portland,2022-02-03
910,Lucas Taylor,Retail,Immediate,In-Store, seattle,2023-02-20
911,Christopher Nelson,Retail,Immediate,In-Store,Hillsboro,2025-02-06
912,Ava Williams,Retail,Immediate,In-Store,Portland,2023-08-06
913,Matthew Jones,Retail,Immediate,In-Store,Beaverton,2023-10-09
914,Emily Wilson,Retail,Immediate,In-Store,Portland,2024-02-01
915,Ethan Jones,Retail,Immediate,In-Store,Portland,2024-05-03
916,Christopher Thomas,Retail,Immediate,In-Store, portland,2024-04-19
917,Ethan Miller,Retail,Immediate,In-Store, portland,2023-07-21
918,Isabella Williams,Retail,Immediate,In-Store,Beaverton,2025-01-15
919,Madison Davis,Retail,Immediate,In-Store,Vancouver,2023-05-13
920,David Kim,Retail,Immediate,In-Store,Portland,2022-06-08
921,Ethan Kim,Retail,Immediate,In-Store, corvallis,2023-07-30
922,Andrew Jones,Retail,Immediate,In-Store,Portland,2023-11-22
923,Ashley Taylor,Retail,Immediate,In-Store,Hillsboro,2023-01-28
924,Daniel Anderson,Retail,Immediate,In-Store,Portland,2025-12-13
925,OLIVIA MOORE ,Retail,Immediate,In-Store,Salem,2025-07-22
926,Noah Anderson,Retail,Immediate,In-Store,Portland,2025-07-24
927,JOSEPH PATEL ,Retail,Immediate,In-Store,Gresham,2025-07-07
928,Ella Thomas,Retail,Immediate,In-Store,Seattle,2024-01-19
929,David Jones,Retail,Immediate,In-Store, portland,2024-09-24
930,Mason Williams,Retail,Immediate,In-Store,Portland,2022-02-27
931,Sarah Nelson,Retail,Immediate,In-Store,Portland,2025-10-07
932,Michael Kim,Retail,Immediate,In-Store,Gresham,2022-06-24
933,Ethan Thomas,Retail,Immediate,In-Store,Portland,2025-09-06
934,ELLA DAVIS ,Retail,Immediate,In-Store,Portland,2024-11-30
935,Christopher Thomas,Retail,Immediate,In-Store,Portland,2025-07-09
936,Joseph Miller,Retail,Immediate,In-Store,Portland,2024-08-16
937,Emma Miller,Retail,Immediate,In-Store,Portland,2024-11-13
938,OLIVIA NGUYEN ,Retail,Immediate,In-Store,Beaverton,2024-08-25
939,Mason Garcia,Retail,Immediate,In-Store,Beaverton,2023-01-02
940,Hannah Brown,Retail,Immediate,In-Store, portland,2025-07-05
941,Noah Carter,Retail,Immediate,In-Store,Portland,2024-07-11
942,Sarah Patel,Retail,Immediate,In-Store,Portland,2022-12-25
943,Isabella Moore,Retail,Immediate,In-Store,Portland,2025-12-08
944,Sophia Kim,Retail,Immediate,In-Store,Beaverton,2023-11-24
945,Mason Kim,Retail,Immediate,In-Store,Hillsboro,2024-08-15
946,Isabella Jones,Retail,Immediate,In-Store,Gresham,2024-06-22
947,Matthew Patel,Retail,Immediate,In-Store,Portland,2025-12-03
948,Mia Jones,Retail,Immediate,In-Store,Vancouver,2024-01-31
949,Matthew Johnson,Retail,Immediate,In-Store,Gresham,2023-06-12
950,Daniel Brown,Retail,Immediate,In-Store,Portland,2022-04-04
951,Emma Thomas,Retail,Immediate,In-Store,Portland,2022-12-23
952,Emily Smith,Retail,Immediate,In-Store,Portland,2022-01-30
953,Andrew Thomas,Retail,Immediate,In-Store,Beaverton,2022-02-15
954,Isabella Moore,Retail,Immediate,In-Store,Portland,2022-09-04
955,Andrew Martin,Retail,Immediate,In-Store,Beaverton,2025-06-29
956,Jessica Wilson,Retail,Immediate,In-Store,Portland,2024-01-20
957,DANIEL NGUYEN ,Retail,Immediate,In-Store,Bend,2025-04-01
958,DAVID NELSON ,Retail,Immediate,In-Store,Portland,2024-08-07
959,Andrew Nguyen,Retail,Immediate,In-Store,Portland,2022-08-23
960,Joseph Miller,Retail,Immediate,In-Store,Beaverton,2024-03-20
961,Joseph Jones,Retail,Immediate,In-Store,Portland,2025-09-05
962,Ashley Smith,Retail,Immediate,In-Store,Vancouver,2023-01-26
963,Noah Anderson,Retail,Immediate,In-Store,Beaverton,2023-06-04
964,Andrew Jones,Retail,Immediate,In-Store,Portland,2025-11-02
965,Emma Carter,Retail,Immediate,In-Store,Beaverton,2023-06-01
966,Emily Jones,Retail,Immediate,In-Store,Hillsboro,2023-01-17
967,Mason Moore,Retail,Immediate,In-Store,Portland,2022-09-01
968,Hannah Wilson,Retail,Immediate,In-Store, salem,2024-09-30
969,Hannah Kim,Retail,Immediate,In-Store,Portland,2024-10-22
970,Daniel Jones,Retail,Immediate,In-Store,Portland,2022-04-23
971,DANIEL CARTER ,Retail,Immediate,In-Store,Portland,2024-11-27
972,Michael Garcia,Retail,Immediate,In-Store,Portland,2025-02-20
973,Emma Anderson,Retail,Immediate,In-Store,Portland,2024-05-27
974,Isabella Nelson,Retail,Immediate,In-Store, eugene,2024-02-21
975,Chloe Anderson,Retail,Immediate,In-Store,Beaverton,2024-07-08
976,Andrew Moore,Retail,Immediate,In-Store,Portland,2023-09-20
977,Andrew Lee,Retail,Immediate,In-Store, portland,2024-05-14
978,David Smith,Retail,Immediate,In-Store, vancouver,2022-04-10
979,MICHAEL NGUYEN ,Retail,Immediate,In-Store,Beaverton,2024-02-06
980,MATTHEW BROWN ,Retail,Immediate,In-Store,Seattle,2025-01-25
981,Joseph Thomas,Retail,Immediate,In-Store,Salem,2025-07-16
982,David Jones,Retail,Immediate,In-Store,Portland,2022-09-14
983,Andrew Thomas,Retail,Immediate,In-Store,Portland,2023-08-05
984,William Carter,Retail,Immediate,In-Store,Portland,2025-03-29
985,Lucas Carter,Retail,Immediate,In-Store, corvallis,2022-08-21
986,Lucas Jones,Retail,Immediate,In-Store,Portland,2023-12-16
987,Sophia Nguyen,Retail,Immediate,In-Store,Eugene,2022-06-25
988,Sophia Garcia,Retail,Immediate,In-Store,Portland,2024-10-24
989,Sophia Carter,Retail,Immediate,In-Store,Portland,2024-05-30
990,Sophia Brown,Retail,Immediate,In-Store,Portland,2025-08-17
991,Andrew Wilson,Retail,Immediate,In-Store,Bend,2022-07-31
992,Christopher Taylor,Retail,Immediate,In-Store, beaverton,2022-03-02
993,Emily Davis,Retail,Immediate,In-Store, portland,2023-02-08
994,Sarah Garcia,Retail,Immediate,In-Store,Portland,2022-12-01
995,Ashley Nelson,Retail,Immediate,In-Store,Corvallis,2024-01-09
996,Madison Jones,Retail,Immediate,In-Store,Portland,2023-11-25
997,William Williams,Retail,Immediate,In-Store,Gresham,2023-05-27
998,Grace Brown,Retail,Immediate,In-Store,Beaverton,2023-09-27
999,JESSICA DAVIS ,Retail,Immediate,In-Store,Lake Oswego,2022-03-17
1000,Robert Wilson,Retail,Immediate,In-Store,Salem,2025-12-12
1001,Jessica Lee,Retail,Immediate,In-Store,Portland,2025-10-01
1002,Lucas Wilson,Retail,Immediate,In-Store,Salem,2025-05-05
1003,Emily Anderson,Retail,Immediate,In-Store, corvallis,2023-06-17
1004,James Thomas,Retail,Immediate,In-Store,Hillsboro,2025-08-09
1005,Hannah Moore,Retail,Immediate,In-Store,Vancouver,2025-04-24
1006,DANIEL THOMAS ,Retail,Immediate,In-Store,Portland,2024-09-13
1007,James Patel,Retail,Immediate,In-Store,Eugene,2024-06-16
1008,Daniel Anderson,Retail,Immediate,In-Store,Portland,2025-04-16
1009,Christopher Thomas,Retail,Immediate,In-Store,Eugene,2024-01-16
1010,Emily Brown,Retail,Immediate,In-Store,Beaverton,2025-01-01
1011,LIAM MILLER ,Retail,Immediate,In-Store,Portland,2025-09-29
1012,JAMES NELSON ,Retail,Immediate,In-Store,Beaverton,2025-04-02
1013,Mason Nelson,Retail,Immediate,In-Store,Portland,2022-03-20
1014,Ethan Moore,Retail,Immediate,In-Store,Portland,2022-06-05
1015,Jessica Garcia,Retail,Immediate,In-Store,Beaverton,2024-03-20
1016,Isabella Smith,Retail,Immediate,In-Store,Portland,2022-06-30
1017,Daniel Nguyen,Retail,Immediate,In-Store,Corvallis,2025-09-01
1018,Joseph Garcia,Retail,Immediate,In-Store,Portland,2024-08-21
1019,Daniel Miller,Retail,Immediate,In-Store,Seattle,2023-11-29
1020,ELLA TAYLOR ,Retail,Immediate,In-Store,Portland,2022-12-09
1021,Michael Patel,Retail,Immediate,In-Store,Vancouver,2022-11-29
1022,Noah Moore,Retail,Immediate,In-Store,Beaverton,2024-03-30
1023,Andrew Lee,Retail,Immediate,In-Store,Portland,2025-09-19
1024,Andrew Kim,Retail,Immediate,In-Store,Seattle,2025-02-06
1025,Emma Thomas,Retail,Immediate,In-Store,Portland,2025-07-30
1026,Michael Martin,Retail,Immediate,In-Store,Portland,2025-12-06
1027,Emma Martin,Retail,Immediate,In-Store,Portland,2022-11-14
1028,Emily Smith,Retail,Immediate,In-Store,Portland,2024-02-09
1029,Isabella Miller,Retail,Immediate,In-Store,Portland,2023-10-28
1030,ELLA CARTER ,Retail,Immediate,In-Store,Lake Oswego,2024-01-03
1031,David Patel,Retail,Immediate,In-Store,Hillsboro,2023-08-30
1032,Andrew Lee,Retail,Immediate,In-Store,Portland,2023-03-12
1033,Liam Jones,Retail,Immediate,In-Store,Portland,2022-07-01
1034,Hannah Lee,Retail,Immediate,In-Store,Beaverton,2024-10-31
1035,Grace Nelson,Retail,Immediate,In-Store, portland,2022-03-10
1036,Chloe Smith,Retail,Immediate,In-Store,Portland,2024-05-31
1037,James Smith,Retail,Immediate,In-Store,Portland,2024-01-07
1038,Ashley Martin,Retail,Immediate,In-Store,Portland,2024-05-09
1039,James Jones,Retail,Immediate,In-Store,Portland,2024-09-11
1040,David Patel,Retail,Immediate,In-Store,Portland,2024-11-30
1041,Olivia Anderson,Retail,Immediate,In-Store,Beaverton,2025-07-31
1042,Liam Moore,Retail,Immediate,In-Store,Hillsboro,2024-12-22
1043,David Brown,Retail,Immediate,In-Store,Seattle,2024-09-13
1044,David Carter,Retail,Immediate,In-Store,Portland,2023-01-28
1045,EMILY LEE ,Retail,Immediate,In-Store,Portland,2025-01-05
1046,Ella Garcia,Retail,Immediate,In-Store,Portland,2025-05-03
1047,Joseph Garcia,Retail,Immediate,In-Store,Portland,2023-11-02
1048,Hannah Smith,Retail,Immediate,In-Store,Portland,2023-05-03
1049,AVA BROWN ,Retail,Immediate,In-Store,Portland,2022-04-17
1050,Chloe Anderson,Retail,Immediate,In-Store,Portland,2022-07-26
1051,Mia Nguyen,Retail,Immediate,In-Store,Portland,2025-08-23
1052,Isabella Wilson,Retail,Immediate,In-Store,Portland,2024-06-08
1053,Michael Miller,Retail,Immediate,In-Store,Portland,2023-03-04
1054,Emma Williams,Retail,Immediate,In-Store,Beaverton,2025-06-30
1055,Robert Wilson,Retail,Immediate,In-Store,Portland,2022-05-31
1056,Mason Wilson,Retail,Immediate,In-Store,Portland,2022-03-19
1057,James Davis,Retail,Immediate,In-Store,Portland,2022-10-09
1058,Ella Kim,Retail,Immediate,In-Store,Bend,2022-10-27
1059,JESSICA MILLER ,Retail,Immediate,In-Store, gresham,2023-08-15
1060,Isabella Moore,Retail,Immediate,In-Store,Portland,2023-08-02
1061,DAVID LEE ,Retail,Immediate,In-Store, beaverton,2023-10-02
1062,Christopher Williams,Retail,Immediate,In-Store,Portland,2022-06-10
1063,Andrew Nelson,Retail,Immediate,In-Store,Portland,2023-01-17
1064,Grace Martin,Retail,Immediate,In-Store,Portland,2023-09-02
1065,Daniel Taylor,Retail,Immediate,In-Store, eugene,2022-05-31
1066,Robert Anderson,Retail,Immediate,In-Store,Portland,2023-07-23
1067,Matthew Smith,Retail,Immediate,In-Store,Salem,2025-03-20
1068,Isabella Patel,Retail,Immediate,In-Store,Beaverton,2023-05-30
1069,Jessica Kim,Retail,Immediate,In-Store,Portland,2023-09-16
1070,Ella Martin,Retail,Immediate,In-Store, beaverton,2023-08-10
1071,William Patel,Retail,Immediate,In-Store,Portland,2025-07-17
1072,Matthew Smith,Retail,Immediate,In-Store,Portland,2025-07-27
1073,Chloe Williams,Retail,Immediate,In-Store,Portland,2025-09-01
1074,Emma Carter,Retail,Immediate,In-Store,Seattle,2024-05-20
1075,Lucas Patel,Retail,Immediate,In-Store,Portland,2025-06-10
1076,ELLA NGUYEN ,Retail,Immediate,In-Store,Beaverton,2025-09-19
1077,Noah Lee,Retail,Immediate,In-Store,Gresham,2022-09-17
1078,Liam Carter,Retail,Immediate,In-Store, portland,2025-11-17
1079,Ella Brown,Retail,Immediate,In-Store,Portland,2023-07-07
1080,MASON WILLIAMS ,Retail,Immediate,In-Store,Salem,2024-06-06
1081,Sophia Patel,Retail,Immediate,In-Store,Beaverton,2023-03-25
1082,Liam Miller,Retail,Immediate,In-Store,Portland,2024-03-02
1083,Grace Davis,Retail,Immediate,In-Store,Salem,2024-09-03
1084,Ella Thomas,Retail,Immediate,In-Store, corvallis,2024-07-30
1085,Matthew Miller,Retail,Immediate,In-Store,Portland,2023-01-19
1086,Liam Thomas,Retail,Immediate,In-Store,Beaverton,2025-01-05
1087,Noah Taylor,Retail,Immediate,In-Store,Portland,2023-05-06
1088,Emily Moore,Retail,Immediate,In-Store, corvallis,2024-05-06
1089,Christopher Carter,Retail,Immediate,In-Store,Portland,2022-09-26
1090,Sarah Wilson,Retail,Immediate,In-Store,Portland,2025-11-22
1091,Emily Garcia,Retail,Immediate,In-Store, portland,2024-07-21
1092,William Davis,Retail,Immediate,In-Store,Portland,2022-04-25
1093,AVA SMITH ,Retail,Immediate,In-Store,Portland,2023-08-18
1094,Emma Johnson,Retail,Immediate,In-Store,Beaverton,2025-05-29
1095,Grace Davis,Retail,Immediate,In-Store,Portland,2022-03-02
1096,Olivia Williams,Retail,Immediate,In-Store,Beaverton,2023-01-05
1097,Ava Nguyen,Retail,Immediate,In-Store,Portland,2023-10-02
1098,Isabella Nguyen,Retail,Immediate,In-Store,Gresham,2023-02-18
1099,Matthew Wilson,Retail,Immediate,In-Store,Portland,2022-08-23
1100,Christopher Nguyen,Retail,Immediate,In-Store,Hillsboro,2024-11-18
1101,Hannah Garcia,Retail,Immediate,In-Store,Portland,2025-04-26
1102,Chloe Miller,Retail,Immediate,In-Store,Portland,2024-06-16
1103,Chloe Lee,Retail,Immediate,In-Store,Portland,2024-04-30
1104,Sarah Johnson,Retail,Immediate,In-Store, gresham,2025-01-02
1105,Liam Williams,Retail,Immediate,In-Store,Portland,2024-08-31
1106,Emma Nelson,Retail,Immediate,In-Store, salem,2024-02-14
1107,Hannah Moore,Retail,Immediate,In-Store, bend,2024-08-09
1108,Christopher Nelson,Retail,Immediate,In-Store,Beaverton,2023-04-24
1109,Jessica Martin,Retail,Immediate,In-Store,Eugene,2023-06-16
1110,Jessica Moore,Retail,Immediate,In-Store, portland,2025-05-24
1111,William Nguyen,Retail,Immediate,In-Store,Seattle,2025-08-08
1112,Jessica Carter,Retail,Immediate,In-Store,Portland,2023-07-23
1113,Mason Smith,Retail,Immediate,In-Store,Portland,2025-04-25
1114,Isabella Williams,Retail,Immediate,In-Store,Corvallis,2025-04-17
1115,James Thomas,Retail,Immediate,In-Store,Hillsboro,2024-05-22
1116,Olivia Martin,Retail,Immediate,In-Store,Portland,2024-12-11
1117,NOAH BROWN ,Retail,Immediate,In-Store, eugene,2022-11-13
1118,Daniel Jones,Retail,Immediate,In-Store,Hillsboro,2025-08-11
1119,Mason Carter,Retail,Immediate,In-Store,Portland,2022-10-04
1120,Michael Nguyen,Retail,Immediate,In-Store, portland,2022-10-17
1121,Joseph Wilson,Retail,Immediate,In-Store,Lake Oswego,2023-10-28
1122,DANIEL THOMAS ,Retail,Immediate,In-Store,Portland,2025-04-21
1123,Ella Smith,Retail,Immediate,In-Store, portland,2023-11-09
1124,Madison Wilson,Retail,Immediate,In-Store,Portland,2023-03-15
1125,Andrew Davis,Retail,Immediate,In-Store,Portland,2024-10-01
1126,Olivia Martin,Retail,Immediate,In-Store,Portland,2024-07-01
1127,Sarah Lee,Retail,Immediate,In-Store,Beaverton,2022-08-03
1128,Sarah Lee,Retail,Immediate,In-Store,Portland,2022-08-22
1129,William Nguyen,Retail,Immediate,In-Store, eugene,2022-11-27
1130,Chloe Garcia,Retail,Immediate,In-Store,Salem,2024-10-01
1131,Andrew Thomas,Retail,Immediate,In-Store,Gresham,2022-10-03
1132,Christopher Anderson,Retail,Immediate,In-Store,Portland,2022-07-06
1133,Mia Anderson,Retail,Immediate,In-Store,Portland,2022-08-04
1134,Ella Davis,Retail,Immediate,In-Store,Portland,2025-01-21
1135,MASON SMITH ,Retail,Immediate,In-Store,Lake Oswego,2022-01-09
1136,David Moore,Retail,Immediate,In-Store,Tigard,2023-03-10
1137,Lucas Moore,Retail,Immediate,In-Store,Beaverton,2025-09-17
1138,James Davis,Retail,Immediate,In-Store,Portland,2025-03-30
1139,Hannah Miller,Retail,Immediate,In-Store,Gresham,2023-09-16
1140,Matthew Johnson,Retail,Immediate,In-Store,Eugene,2023-11-29
1141,Daniel Smith,Retail,Immediate,In-Store,Portland,2025-10-11
1142,Robert Williams,Retail,Immediate,In-Store,Eugene,2022-08-22
1143,Lucas Smith,Retail,Immediate,In-Store,Tigard,2024-12-15
1144,Emma Garcia,Retail,Immediate,In-Store,Eugene,2023-08-12
1145,Emily Lee,Retail,Immediate,In-Store,Portland,2024-02-25
1146,MICHAEL SMITH ,Retail,Immediate,In-Store,Beaverton,2024-01-21
1147,Liam Patel,Retail,Immediate,In-Store,Lake Oswego,2022-09-13
1148,Madison Taylor,Retail,Immediate,In-Store,Portland,2022-01-28
1149,Hannah Wilson,Retail,Immediate,In-Store,Portland,2022-10-08
1150,Hannah Martin,Retail,Immediate,In-Store,Portland,2022-03-02
1151,David Nguyen,Retail,Immediate,In-Store,Portland,2024-12-17
1152,Andrew Kim,Retail,Immediate,In-Store,Salem,2023-11-08
1153,William Nelson,Retail,Immediate,In-Store,Portland,2024-01-28
1154,Sarah Moore,Retail,Immediate,In-Store,Portland,2024-06-01
1155,Mia Nguyen,Retail,Immediate,In-Store,Hillsboro,2022-10-31
1156,Michael Williams,Retail,Immediate,In-Store,Portland,2022-05-22
1157,Ashley Taylor,Retail,Immediate,In-Store,Corvallis,2024-04-17
1158,Liam Smith,Retail,Immediate,In-Store,Portland,2023-08-01
1159,Emily Nelson,Retail,Immediate,In-Store,Seattle,2023-06-19
1160,Matthew Nelson,Retail,Immediate,In-Store,Seattle,2025-04-12
1161,WILLIAM MOORE ,Retail,Immediate,In-Store,Gresham,2023-08-26
1162,Olivia Miller,Retail,Immediate,In-Store,Hillsboro,2025-07-17
1163,Matthew Kim,Retail,Immediate,In-Store,Vancouver,2023-04-18
1164,Emily Garcia,Retail,Immediate,In-Store, tigard,2023-03-31
1165,Andrew Jones,Retail,Immediate,In-Store,Portland,2022-02-04
1166,Grace Brown,Retail,Immediate,In-Store,Portland,2024-06-13
1167,David Anderson,Retail,Immediate,In-Store,Seattle,2024-07-03
1168,Olivia Davis,Retail,Immediate,In-Store,Portland,2023-11-28
1169,Jessica Patel,Retail,Immediate,In-Store,Beaverton,2025-02-22
1170,ASHLEY WILLIAMS ,Retail,Immediate,In-Store,Portland,2022-05-08
1171,Emma Lee,Retail,Immediate,In-Store,Portland,2023-04-23
1172,Daniel Carter,Retail,Immediate,In-Store,Portland,2023-12-07
1173,Joseph Wilson,Retail,Immediate,In-Store,Beaverton,2022-08-01
1174,HANNAH WILSON ,Retail,Immediate,In-Store,Portland,2022-11-11
1175,Jessica Anderson,Retail,Immediate,In-Store,Portland,2024-09-11
1176,Grace Nelson,Retail,Immediate,In-Store,Portland,2022-07-20
1177,JOSEPH WILLIAMS ,Retail,Immediate,In-Store, eugene,2025-10-26
1178,Noah Miller,Retail,Immediate,In-Store,Vancouver,2025-04-04
1179,OLIVIA KIM ,Retail,Immediate,In-Store,Eugene,2023-05-22
1180,Sarah Nguyen,Retail,Immediate,In-Store,Portland,2022-11-16
1181,Madison Anderson,Retail,Immediate,In-Store,Portland,2023-06-24
1182,Robert Carter,Retail,Immediate,In-Store,Portland,2022-01-22
1183,Isabella Wilson,Retail,Immediate,In-Store,Beaverton,2024-05-26
1184,Isabella Garcia,Retail,Immediate,In-Store,Corvallis,2024-11-02
1185,MADISON NGUYEN ,Retail,Immediate,In-Store,Portland,2024-09-07
1186,CHLOE GARCIA ,Retail,Immediate,In-Store,Portland,2023-04-29
1187,Emily Moore,Retail,Immediate,In-Store,Hillsboro,2022-09-15
1188,Christopher Patel,Retail,Immediate,In-Store,Portland,2024-03-29
1189,Andrew Miller,Retail,Immediate,In-Store,Portland,2024-09-06
1190,Matthew Nelson,Retail,Immediate,In-Store,Portland,2024-07-07
1191,David Garcia,Retail,Immediate,In-Store,Lake Oswego,2022-09-13
1192,Liam Jones,Retail,Immediate,In-Store,Hillsboro,2025-06-24
1193,William Lee,Retail,Immediate,In-Store,Seattle,2022-10-11
1194,Michael Williams,Retail,Immediate,In-Store,Portland,2024-09-27
1195,Olivia Miller,Retail,Immediate,In-Store,Portland,2025-06-14
1196,James Williams,Retail,Immediate,In-Store,Corvallis,2024-05-22
1197,Ethan Jones,Retail,Immediate,In-Store,Salem,2025-05-27
1198,Emma Martin,Retail,Immediate,In-Store,Portland,2024-05-18
1199,ANDREW CARTER ,Retail,Immediate,In-Store,Gresham,2024-11-13
1200,Ashley Carter,Retail,Immediate,In-Store,Beaverton,2022-04-12
1201,Christopher Thomas,Retail,Immediate,In-Store,Beaverton,2023-12-17
1202,Jessica Wilson,Retail,Immediate,In-Store,Salem,2023-02-09
1203,Isabella Thomas,Retail,Immediate,In-Store,Beaverton,2022-01-14
1204,Matthew Moore,Retail,Immediate,In-Store,Bend,2022-02-19
1205,Jessica Brown,Retail,Immediate,In-Store,Portland,2024-04-19
1206,Ella Taylor,Retail,Immediate,In-Store,Portland,2023-02-28
1207,Chloe Anderson,Retail,Immediate,In-Store,Portland,2025-08-23
1208,Jessica Thomas,Retail,Immediate,In-Store,Portland,2023-11-27
1209,ISABELLA THOMAS ,Retail,Immediate,In-Store,Gresham,2023-09-19
1210,Madison Smith,Retail,Immediate,In-Store,Gresham,2025-02-19
1211,Christopher Nelson,Retail,Immediate,In-Store,Beaverton,2024-08-10
1212,Chloe Jones,Retail,Immediate,In-Store, portland,2022-05-03
1213,Grace Carter,Retail,Immediate,In-Store,Portland,2024-06-03
1214,Madison Wilson,Retail,Immediate,In-Store,Portland,2024-03-07
1215,Hannah Brown,Retail,Immediate,In-Store,Portland,2024-06-16
1216,Chloe Moore,Retail,Immediate,In-Store,Gresham,2024-06-21
1217,Mason Johnson,Retail,Immediate,In-Store,Portland,2022-03-28
1218,Matthew Wilson,Retail,Immediate,In-Store,Portland,2025-11-22
1219,Jessica Brown,Retail,Immediate,In-Store, portland,2022-04-14
1220,Jessica Martin,Retail,Immediate,In-Store,Portland,2022-06-07
1221,NOAH ANDERSON ,Retail,Immediate,In-Store,Beaverton,2022-03-12
1222,Joseph Davis,Retail,Immediate,In-Store,Salem,2024-07-10
1223,Mason Johnson,Retail,Immediate,In-Store,Beaverton,2023-07-03
1224,Lucas Jones,Retail,Immediate,In-Store,Beaverton,2025-04-18
1225,Robert Carter,Retail,Immediate,In-Store,Portland,2023-09-27
1226,Ella Patel,Retail,Immediate,In-Store,Portland,2024-12-07
1227,Isabella Brown,Retail,Immediate,In-Store,Portland,2023-06-11
1228,MIA JONES ,Retail,Immediate,In-Store,Bend,2025-03-07
1229,Mason Brown,Retail,Immediate,In-Store,Gresham,2022-07-14
1230,Liam Wilson,Retail,Immediate,In-Store,Portland,2023-03-02
1231,Olivia Williams,Retail,Immediate,In-Store,Portland,2022-07-09
1232,ELLA MARTIN ,Retail,Immediate,In-Store,Portland,2024-05-24
1233,Chloe Davis,Retail,Immediate,In-Store, eugene,2024-08-18
1234,Ella Moore,Retail,Immediate,In-Store,Vancouver,2024-09-27
1235,EMILY MOORE ,Retail,Immediate,In-Store,Portland,2024-03-13
1236,Madison Nelson,Retail,Immediate,In-Store,Portland,2025-12-13
1237,ISABELLA GARCIA ,Retail,Immediate,In-Store,Portland,2025-01-07
1238,GRACE PATEL ,Retail,Immediate,In-Store,Portland,2025-06-15
1239,JOSEPH LEE ,Retail,Immediate,In-Store,Portland,2024-05-03
1240,Lucas Smith,Retail,Immediate,In-Store,Portland,2024-07-27
1241,Joseph Carter,Retail,Immediate,In-Store,Seattle,2025-01-28
1242,MATTHEW TAYLOR ,Retail,Immediate,In-Store,Portland,2022-12-19
1243,SOPHIA TAYLOR ,Retail,Immediate,In-Store,Gresham,2025-06-04
1244,James Garcia,Retail,Immediate,In-Store,Portland,2024-05-03
1245,Ava Martin,Retail,Immediate,In-Store,Portland,2025-06-01
1246,Emily Kim,Retail,Immediate,In-Store,Portland,2025-05-03
1247,Michael Carter,Retail,Immediate,In-Store,Portland,2025-01-13
1248,Robert Wilson,Retail,Immediate,In-Store, bend,2023-10-16
1249,Grace Nguyen,Retail,Immediate,In-Store,Beaverton,2022-03-26
1250,Sophia Nguyen,Retail,Immediate,In-Store,Beaverton,2023-04-14
1251,ELLA CARTER ,Retail,Immediate,In-Store,Portland,2024-09-29
1252,Jessica Brown,Retail,Immediate,In-Store,Eugene,2022-11-25
1253,ELLA WILLIAMS ,Retail,Immediate,In-Store,Portland,2022-05-24
1254,Liam Nguyen,Retail,Immediate,In-Store, portland,2023-03-27
1255,Robert Martin,Retail,Immediate,In-Store,Eugene,2025-07-22
1256,Mason Patel,Retail,Immediate,In-Store,Hillsboro,2025-12-26
1257,ANDREW WILSON ,Retail,Immediate,In-Store, portland,2025-08-17
1258,WILLIAM GARCIA ,Retail,Immediate,In-Store,Seattle,2022-07-19
1259,Ethan Nguyen,Retail,Immediate,In-Store,Portland,2025-08-01
1260,Emma Carter,Retail,Immediate,In-Store,Beaverton,2025-11-08
1261,Ethan Johnson,Retail,Immediate,In-Store,Portland,2025-08-28
1262,MATTHEW LEE ,Retail,Immediate,In-Store,Hillsboro,2025-06-16
1263,Mason Miller,Retail,Immediate,In-Store,Hillsboro,2025-08-03
1264,OLIVIA JOHNSON ,Retail,Immediate,In-Store,Portland,2025-09-27
1265,Mia Wilson,Retail,Immediate,In-Store,Tigard,2025-11-16
1266,Daniel Smith,Retail,Immediate,In-Store,Portland,2023-03-04
1267,Liam Miller,Retail,Immediate,In-Store,Portland,2025-01-04
1268,Andrew Moore,Retail,Immediate,In-Store,Portland,2024-12-30
1269,Emma Wilson,Retail,Immediate,In-Store,Portland,2022-12-17
1270,Ethan Johnson,Retail,Immediate,In-Store,Bend,2023-05-18
1271,Liam Miller,Retail,Immediate,In-Store, portland,2025-09-23
1272,Ethan Wilson,Retail,Immediate,In-Store,Portland,2025-05-07
1273,Madison Moore,Retail,Immediate,In-Store,Gresham,2023-05-29
1274,Lucas Kim,Retail,Immediate,In-Store,Seattle,2025-05-14
1275,Matthew Carter,Retail,Immediate,In-Store,Portland,2024-02-09
1276,Emily Smith,Retail,Immediate,In-Store,Gresham,2024-09-02
1277,Sophia Davis,Retail,Immediate,In-Store,Portland,2024-11-23
1278,SARAH CARTER ,Retail,Immediate,In-Store,Corvallis,2022-09-25
1279,ASHLEY WILLIAMS ,Retail,Immediate,In-Store,Portland,2025-06-19
1280,ROBERT LEE ,Retail,Immediate,In-Store,Seattle,2025-11-20
1281,Lucas Nguyen,Retail,Immediate,In-Store, portland,2025-04-01
1282,LIAM KIM ,Retail,Immediate,In-Store,Hillsboro,2023-05-11
1283,David Brown,Retail,Immediate,In-Store,Salem,2022-06-16
1284,David Moore,Retail,Immediate,In-Store,Portland,2024-06-04
1285,Ava Taylor,Retail,Immediate,In-Store,Portland,2024-08-21
1286,Chloe Wilson,Retail,Immediate,In-Store,Beaverton,2024-09-27
1287,Liam Lee,Retail,Immediate,In-Store,Portland,2024-04-04
1288,Emily Lee,Retail,Immediate,In-Store,Gresham,2025-02-02
1289,Lucas Davis,Retail,Immediate,In-Store,Salem,2022-04-02
1290,Lucas Taylor,Retail,Immediate,In-Store,Portland,2024-07-30
1291,Ethan Taylor,Retail,Immediate,In-Store,Portland,2024-11-12
1292,Madison Nguyen,Retail,Immediate,In-Store,Portland,2023-09-04
1293,DANIEL MILLER ,Retail,Immediate,In-Store,Portland,2023-05-28
1294,Olivia Martin,Retail,Immediate,In-Store,Vancouver,2023-12-02
1295,Noah Williams,Retail,Immediate,In-Store,Portland,2022-09-12
1296,EMMA BROWN ,Retail,Immediate,In-Store,Hillsboro,2024-11-30
1297,Matthew Miller,Retail,Immediate,In-Store,Salem,2024-02-07
1298,SARAH MARTIN ,Retail,Immediate,In-Store,Portland,2025-04-17
1299,Andrew Miller,Retail,Immediate,In-Store,Portland,2024-08-12
1300,Daniel Johnson,Retail,Immediate,In-Store,Seattle,2025-07-19
1301,Olivia Patel,Retail,Immediate,In-Store,Portland,2023-11-23
1302,Christopher Davis,Retail,Immediate,In-Store,Portland,2024-06-14
1303,Christopher Moore,Retail,Immediate,In-Store,Portland,2024-04-08
1304,David Patel,Retail,Immediate,In-Store,Lake Oswego,2025-07-03
1305,DANIEL LEE ,Retail,Immediate,In-Store,Salem,2022-05-27
1306,Ethan Carter,Retail,Immediate,In-Store,Vancouver,2022-05-27
1307,James Carter,Retail,Immediate,In-Store,Portland,2023-01-03
1308,Madison Kim,Retail,Immediate,In-Store,Beaverton,2024-08-24
1309,Olivia Wilson,Retail,Immediate,In-Store,Portland,2024-03-21
1310,Emma Moore,Retail,Immediate,In-Store,Portland,2023-02-24
1311,Hannah Martin,Retail,Immediate,In-Store,Hillsboro,2024-12-09
1312,ISABELLA MILLER ,Retail,Immediate,In-Store,Eugene,2023-11-16
1313,Noah Williams,Retail,Immediate,In-Store,Portland,2022-07-07
1314,Madison Moore,Retail,Immediate,In-Store,Portland,2024-04-22
1315,David Anderson,Retail,Immediate,In-Store,Portland,2022-08-15
1316,David Anderson,Retail,Immediate,In-Store,Beaverton,2023-10-05
1317,Joseph Smith,Retail,Immediate,In-Store,Portland,2024-11-06
1318,Daniel Miller,Retail,Immediate,In-Store,Portland,2023-12-24
1319,Mason Lee,Retail,Immediate,In-Store,Portland,2025-11-03
1320,Sarah Smith,Retail,Immediate,In-Store,Portland,2023-12-01
1321,William Lee,Retail,Immediate,In-Store,Portland,2025-05-16
1322,David Carter,Retail,Immediate,In-Store,Beaverton,2023-04-15
1323,OLIVIA TAYLOR ,Retail,Immediate,In-Store,Portland,2025-05-22
1324,Ethan Nguyen,Retail,Immediate,In-Store,Portland,2022-07-27
1325,Grace Wilson,Retail,Immediate,In-Store,Portland,2024-02-13
1326,Daniel Kim,Retail,Immediate,In-Store,Portland,2024-10-23
1327,William Nguyen,Retail,Immediate,In-Store,Portland,2025-03-11
1328,Christopher Patel,Retail,Immediate,In-Store,Beaverton,2022-07-19
1329,Madison Thomas,Retail,Immediate,In-Store, portland,2023-03-03
1330,Noah Carter,Retail,Immediate,In-Store,Portland,2024-03-19
1331,Olivia Thomas,Retail,Immediate,In-Store,Portland,2023-02-03
1332,Sophia Thomas,Retail,Immediate,In-Store,Salem,2025-07-13
1333,MASON NGUYEN ,Retail,Immediate,In-Store,Portland,2025-06-23
1334,Olivia Anderson,Retail,Immediate,In-Store,Portland,2022-07-23
1335,LIAM KIM ,Retail,Immediate,In-Store,Beaverton,2023-03-18
1336,Emma Brown,Retail,Immediate,In-Store,Eugene,2024-12-01
1337,Lucas Moore,Retail,Immediate,In-Store,Portland,2025-07-05
1338,David Carter,Retail,Immediate,In-Store,Portland,2025-06-01
1339,Andrew Thomas,Retail,Immediate,In-Store,Portland,2022-12-31
1340,Daniel Thomas,Retail,Immediate,In-Store, portland,2024-04-09
1341,Sarah Moore,Retail,Immediate,In-Store,Eugene,2024-08-15
1342,Daniel Martin,Retail,Immediate,In-Store,Beaverton,2025-03-13
1343,William Davis,Retail,Immediate,In-Store,Portland,2025-04-07
1344,Emma Garcia,Retail,Immediate,In-Store,Portland,2024-02-26
1345,Ethan Taylor,Retail,Immediate,In-Store,Hillsboro,2023-06-23
1346,Ava Miller,Retail,Immediate,In-Store,Portland,2024-01-11
1347,Ashley Kim,Retail,Immediate,In-Store,Portland,2022-03-08
1348,Daniel Moore,Retail,Immediate,In-Store,Portland,2022-05-05
1349,Robert Wilson,Retail,Immediate,In-Store,Portland,2024-09-03
1350,Grace Smith,Retail,Immediate,In-Store,Portland,2025-12-08
1351,Emma Brown,Retail,Immediate,In-Store,Hillsboro,2023-03-30
1352,Daniel Jones,Retail,Immediate,In-Store,Salem,2022-07-20
1353,Christopher Miller,Retail,Immediate,In-Store,Salem,2024-06-26
1354,Christopher Davis,Retail,Immediate,In-Store,Portland,2024-12-13
1355,Sophia Anderson,Retail,Immediate,In-Store, tigard,2025-12-25
1356,Ethan Jones,Retail,Immediate,In-Store,Salem,2023-06-14
1357,Emily Kim,Retail,Immediate,In-Store,Hillsboro,2022-08-23
1358,Ava Taylor,Retail,Immediate,In-Store,Portland,2023-01-04
1359,Lucas Moore,Retail,Immediate,In-Store,Hillsboro,2023-05-07
1360,Ethan Davis,Retail,Immediate,In-Store,Portland,2023-08-13
1361,Sarah Taylor,Retail,Immediate,In-Store, portland,2025-10-20
1362,HANNAH WILLIAMS ,Retail,Immediate,In-Store,Hillsboro,2024-09-24
1363,Mia Anderson,Retail,Immediate,In-Store,Beaverton,2025-08-19
1364,ROBERT DAVIS ,Retail,Immediate,In-Store, beaverton,2025-09-29
1365,Lucas Johnson,Retail,Immediate,In-Store,Eugene,2025-06-12
1366,Olivia Anderson,Retail,Immediate,In-Store,Portland,2024-05-19
1367,Isabella Thomas,Retail,Immediate,In-Store,Portland,2022-08-17
1368,William Anderson,Retail,Immediate,In-Store,Hillsboro,2025-12-05
1369,Grace Davis,Retail,Immediate,In-Store,Vancouver,2025-02-17
1370,Sarah Nguyen,Retail,Immediate,In-Store,Gresham,2025-09-06
1371,James Brown,Retail,Immediate,In-Store,Portland,2024-07-03
1372,NOAH JOHNSON ,Retail,Immediate,In-Store,Portland,2023-10-13
1373,Lucas Taylor,Retail,Immediate,In-Store, lake oswego,2024-12-22
1374,Ashley Carter,Retail,Immediate,In-Store, seattle,2024-12-06
1375,David Moore,Retail,Immediate,In-Store,Eugene,2025-07-07
1376,David Patel,Retail,Immediate,In-Store,Portland,2024-11-27
1377,David Thomas,Retail,Immediate,In-Store,Portland,2025-09-11
1378,Jessica Davis,Retail,Immediate,In-Store,Portland,2023-01-15
1379,DAVID GARCIA ,Retail,Immediate,In-Store, corvallis,2022-01-31
1380,Sarah Patel,Retail,Immediate,In-Store,Bend,2022-09-10
1381,Christopher Lee,Retail,Immediate,In-Store, portland,2022-11-18
1382,Jessica Anderson,Retail,Immediate,In-Store,Portland,2025-01-01
1383,Mason Kim,Retail,Immediate,In-Store,Portland,2025-12-27
1384,Ashley Davis,Retail,Immediate,In-Store,Portland,2024-04-16
1385,Robert Miller,Retail,Immediate,In-Store,Portland,2023-01-24
1386,Noah Wilson,Retail,Immediate,In-Store,Portland,2022-03-21
1387,GRACE NGUYEN ,Retail,Immediate,In-Store,Portland,2022-11-26
1388,Emily Smith,Retail,Immediate,In-Store,Portland,2024-08-21
1389,Isabella Jones,Retail,Immediate,In-Store,Seattle,2025-03-26
1390,Liam Moore,Retail,Immediate,In-Store,Portland,2023-02-16
1391,William Nelson,Retail,Immediate,In-Store,Portland,2023-08-10
1392,Mia Patel,Retail,Immediate,In-Store,Portland,2025-03-06
1393,Daniel Smith,Retail,Immediate,In-Store,Portland,2023-02-26
1394,Emily Nelson,Retail,Immediate,In-Store,Portland,2023-09-12
1395,James Smith,Retail,Immediate,In-Store,Eugene,2022-09-25
1396,David Taylor,Retail,Immediate,In-Store,Beaverton,2024-08-13
1397,Emily Patel,Retail,Immediate,In-Store,Vancouver,2022-04-11
1398,Robert Brown,Retail,Immediate,In-Store,Portland,2022-06-20
1399,Isabella Martin,Retail,Immediate,In-Store, portland,2022-05-02
1400,Ethan Kim,Retail,Immediate,In-Store,Portland,2022-06-09
1401,MATTHEW PATEL ,Retail,Immediate,In-Store,Gresham,2023-05-25
1402,Ethan Johnson,Retail,Immediate,In-Store,Portland,2022-03-16
1403,MADISON WILLIAMS ,Retail,Immediate,In-Store,Corvallis,2024-06-05
1404,Noah Davis,Retail,Immediate,In-Store,Portland,2022-03-22
1405,Sophia Smith,Retail,Immediate,In-Store,Portland,2024-07-21
1406,Sophia Thomas,Retail,Immediate,In-Store,Portland,2024-03-10
1407,Grace Garcia,Retail,Immediate,In-Store,Portland,2025-05-05
1408,CHLOE CARTER ,Retail,Immediate,In-Store,Corvallis,2022-01-04
1409,David Smith,Retail,Immediate,In-Store, beaverton,2023-06-22
1410,MADISON JOHNSON ,Retail,Immediate,In-Store,Portland,2023-12-02
1411,Matthew Jones,Retail,Immediate,In-Store,Portland,2025-10-22
1412,Robert Nguyen,Retail,Immediate,In-Store,Portland,2024-09-01
1413,David Taylor,Retail,Immediate,In-Store,Portland,2025-06-15
1414,Daniel Johnson,Retail,Immediate,In-Store,Portland,2022-07-13
1415,Ethan Brown,Retail,Immediate,In-Store,Portland,2023-05-15
1416,Matthew Miller,Retail,Immediate,In-Store,Portland,2025-11-18
1417,James Nelson,Retail,Immediate,In-Store,Portland,2024-02-21
1418,David Garcia,Retail,Immediate,In-Store,Hillsboro,2023-03-31
1419,Noah Garcia,Retail,Immediate,In-Store,Portland,2023-01-20
1420,Grace Jones,Retail,Immediate,In-Store,Tigard,2024-08-13
1421,Joseph Patel,Retail,Immediate,In-Store,Portland,2022-09-25
1422,Ethan Brown,Retail,Immediate,In-Store,Portland,2025-02-16
1423,Robert Anderson,Retail,Immediate,In-Store,Beaverton,2024-07-24
1424,Ethan Martin,Retail,Immediate,In-Store,Salem,2024-12-04
1425,Andrew Lee,Retail,Immediate,In-Store,Gresham,2025-09-03
1426,Liam Kim,Retail,Immediate,In-Store,Gresham,2022-10-19
1427,Emily Nelson,Retail,Immediate,In-Store,Portland,2023-02-18
1428,Daniel Johnson,Retail,Immediate,In-Store,Portland,2024-01-18
1429,Michael Garcia,Retail,Immediate,In-Store,Lake Oswego,2022-01-06
1430,William Martin,Retail,Immediate,In-Store,Beaverton,2025-09-07
1431,Emily Brown,Retail,Immediate,In-Store,Seattle,2024-04-13
1432,Grace Martin,Retail,Immediate,In-Store,Beaverton,2024-12-10
1433,Ashley Carter,Retail,Immediate,In-Store,Hillsboro,2023-05-21
1434,Hannah Carter,Retail,Immediate,In-Store,Portland,2024-04-01
1435,Sarah Nguyen,Retail,Immediate,In-Store,Portland,2023-09-18
1436,Daniel Carter,Retail,Immediate,In-Store,Gresham,2024-05-13
1437,Emily Carter,Retail,Immediate,In-Store,Portland,2023-06-27
1438,James Smith,Retail,Immediate,In-Store,Portland,2023-07-21
1439,Lucas Moore,Retail,Immediate,In-Store,Portland,2024-08-23
1440,Robert Lee,Retail,Immediate,In-Store,Gresham,2022-07-09
1441,Matthew Lee,Retail,Immediate,In-Store,Beaverton,2024-06-29
1442,Michael Kim,Retail,Immediate,In-Store,Portland,2025-07-07
1443,Joseph Taylor,Retail,Immediate,In-Store, portland,2023-12-12
1444,David Wilson,Retail,Immediate,In-Store,Salem,2024-06-03
1445,William Carter,Retail,Immediate,In-Store,Corvallis,2023-11-03
1446,Michael Taylor,Retail,Immediate,In-Store,Portland,2023-03-29
1447,SOPHIA ANDERSON ,Retail,Immediate,In-Store,Portland,2022-09-29
1448,Grace Martin,Retail,Immediate,In-Store,Portland,2022-04-26
1449,Christopher Nelson,Retail,Immediate,In-Store,Vancouver,2022-02-15
1450,Olivia Smith,Retail,Immediate,In-Store,Gresham,2023-05-20
1451,Sarah Moore,Retail,Immediate,In-Store,Portland,2024-05-24
1452,Christopher Brown,Retail,Immediate,In-Store,Portland,2023-05-22
1453,Ethan Davis,Retail,Immediate,In-Store,Portland,2022-10-13
1454,Jessica Wilson,Retail,Immediate,In-Store,Portland,2023-02-07
1455,Sophia Smith,Retail,Immediate,In-Store,Portland,2022-08-02
1456,Hannah Williams,Retail,Immediate,In-Store,Portland,2022-08-15
1457,ANDREW JONES ,Retail,Immediate,In-Store,Portland,2023-10-23
1458,ASHLEY NELSON ,Retail,Immediate,In-Store,Portland,2025-11-07
1459,Lucas Kim,Retail,Immediate,In-Store, portland,2022-11-26
1460,Robert Johnson,Retail,Immediate,In-Store,Portland,2025-04-21
1461,Ethan Johnson,Retail,Immediate,In-Store, beaverton,2025-05-09
1462,Mia Moore,Retail,Immediate,In-Store,Portland,2023-09-15
1463,Michael Brown,Retail,Immediate,In-Store,Portland,2025-03-02
1464,Olivia Johnson,Retail,Immediate,In-Store,Lake Oswego,2024-07-11
1465,Mia Davis,Retail,Immediate,In-Store,Portland,2024-06-19
1466,Joseph Kim,Retail,Immediate,In-Store,Portland,2023-11-09
1467,Jessica Miller,Retail,Immediate,In-Store,Bend,2023-06-06
1468,Isabella Nelson,Retail,Immediate,In-Store,Hillsboro,2025-04-21
1469,DAVID NELSON ,Retail,Immediate,In-Store,Portland,2023-12-06
1470,Robert Patel,Retail,Immediate,In-Store,Portland,2024-08-20
1471,MICHAEL ANDERSON ,Retail,Immediate,In-Store,Portland,2024-10-26
1472,Sarah Kim,Retail,Immediate,In-Store,Portland,2022-08-18
1473,Lucas Anderson,Retail,Immediate,In-Store,Portland,2022-02-24
1474,Lucas Anderson,Retail,Immediate,In-Store,Portland,2024-06-19
1475,Isabella Kim,Retail,Immediate,In-Store,Portland,2022-02-07
1476,Sarah Lee,Retail,Immediate,In-Store,Portland,2024-08-18
1477,HANNAH BROWN ,Retail,Immediate,In-Store, portland,2024-12-31
1478,Sarah Nguyen,Retail,Immediate,In-Store,Portland,2025-01-10
1479,Sarah Anderson,Retail,Immediate,In-Store,Eugene,2022-05-07
1480,Joseph Thomas,Retail,Immediate,In-Store,Portland,2022-11-04
1481,Ella Garcia,Retail,Immediate,In-Store,Seattle,2023-05-04
1482,Olivia Lee,Retail,Immediate,In-Store,Bend,2025-06-05
1483,AVA NELSON ,Retail,Immediate,In-Store,Portland,2025-12-18
1484,David Nguyen,Retail,Immediate,In-Store,Eugene,2025-09-27
1485,Hannah Nguyen,Retail,Immediate,In-Store,Tigard,2023-02-12
1486,Lucas Jones,Retail,Immediate,In-Store,Portland,2025-05-17
1487,Olivia Moore,Retail,Immediate,In-Store, gresham,2022-08-25
1488,Grace Johnson,Retail,Immediate,In-Store,Hillsboro,2023-10-16
1489,Grace Johnson,Retail,Immediate,In-Store,Gresham,2023-05-26
1490,Grace Brown,Retail,Immediate,In-Store,Vancouver,2022-03-02
1491,Mia Patel,Retail,Immediate,In-Store,Hillsboro,2022-08-12
1492,James Taylor,Retail,Immediate,In-Store,Portland,2023-05-27
1493,Noah Patel,Retail,Immediate,In-Store,Beaverton,2023-12-16
1494,ELLA JONES ,Retail,Immediate,In-Store,Portland,2024-12-12
1495,Grace Garcia,Retail,Immediate,In-Store,Beaverton,2022-06-10
1496,Sarah Brown,Retail,Immediate,In-Store,Vancouver,2024-12-28
1497,Isabella Garcia,Retail,Immediate,In-Store,Portland,2023-08-12
1498,Ashley Wilson,Retail,Immediate,In-Store, tigard,2023-01-27
1499,Olivia Anderson,Retail,Immediate,In-Store, gresham,2023-11-17
1500,Chloe Davis,Retail,Immediate,In-Store,Portland,2024-03-31
1501,Emily Anderson,Retail,Immediate,In-Store,Gresham,2022-08-09
1502,Olivia Patel,Retail,Immediate,In-Store, bend,2022-05-16
1503,Chloe Miller,Retail,Immediate,In-Store,Portland,2023-10-23
1504,Chloe Moore,Retail,Immediate,In-Store,Tigard,2023-09-06
1505,Noah Taylor,Retail,Immediate,In-Store,Hillsboro,2023-12-24
1506,Ava Nguyen,Retail,Immediate,In-Store,Bend,2022-05-30
1507,LIAM DAVIS ,Retail,Immediate,In-Store,Portland,2023-09-25
1508,Chloe Anderson,Retail,Immediate,In-Store,Portland,2023-09-07
1509,Mia Williams,Retail,Immediate,In-Store,Portland,2024-01-13
1510,Sophia Miller,Retail,Immediate,In-Store, beaverton,2025-09-06
1511,Olivia Wilson,Retail,Immediate,In-Store,Vancouver,2022-07-08
1512,Ava Davis,Retail,Immediate,In-Store,Portland,2022-12-09
1513,DANIEL DAVIS ,Retail,Immediate,In-Store,Gresham,2024-03-19
1514,Ashley Patel,Retail,Immediate,In-Store,Portland,2023-04-01
1515,ELLA MILLER ,Retail,Immediate,In-Store,Portland,2024-10-25
1516,Hannah Jones,Retail,Immediate,In-Store,Portland,2024-09-09
1517,Chloe Garcia,Retail,Immediate,In-Store,Portland,2023-03-02
1518,Olivia Lee,Retail,Immediate,In-Store,Seattle,2023-06-18
1519,Hannah Wilson,Retail,Immediate,In-Store,Portland,2025-01-05
1520,Joseph Patel,Retail,Immediate,In-Store,Portland,2022-07-29
1521,David Nelson,Retail,Immediate,In-Store,Portland,2025-11-27
1522,Jessica Williams,Retail,Immediate,In-Store,Beaverton,2025-12-10
1523,Andrew Brown,Retail,Immediate,In-Store,Beaverton,2022-07-14
1524,Michael Nguyen,Retail,Immediate,In-Store,Salem,2023-11-09
1525,William Smith,Retail,Immediate,In-Store,Eugene,2024-03-24
1526,Chloe Brown,Retail,Immediate,In-Store,Portland,2022-06-05
1527,JAMES JOHNSON ,Retail,Immediate,In-Store,Portland,2024-02-06
1528,David Lee,Retail,Immediate,In-Store,Tigard,2022-06-12
1529,Daniel Anderson,Retail,Immediate,In-Store,Portland,2024-08-06
1530,JESSICA SMITH ,Retail,Immediate,In-Store,Salem,2024-02-09
1531,Ashley Anderson,Retail,Immediate,In-Store,Portland,2025-10-15
1532,Ava Brown,Retail,Immediate,In-Store,Portland,2023-04-11
1533,DANIEL WILLIAMS ,Retail,Immediate,In-Store,Hillsboro,2025-07-06
1534,David Miller,Retail,Immediate,In-Store,Portland,2024-10-12
1535,Ethan Wilson,Retail,Immediate,In-Store,Portland,2025-02-17
1536,Ava Smith,Retail,Immediate,In-Store,Portland,2022-12-05
1537,SARAH WILLIAMS ,Retail,Immediate,In-Store,Portland,2023-11-13
1538,Ava Wilson,Retail,Immediate,In-Store,Portland,2023-04-08
1539,David Thomas,Retail,Immediate,In-Store,Beaverton,2025-09-01
1540,HANNAH DAVIS ,Retail,Immediate,In-Store,Portland,2025-06-23
1541,ANDREW PATEL ,Retail,Immediate,In-Store,Beaverton,2025-06-02
1542,Liam Anderson,Retail,Immediate,In-Store,Bend,2024-07-05
1543,Grace Kim,Retail,Immediate,In-Store, portland,2025-04-02
1544,James Brown,Retail,Immediate,In-Store,Hillsboro,2024-01-16
1545,Emma Smith,Retail,Immediate,In-Store,Salem,2024-09-25
1546,David Garcia,Retail,Immediate,In-Store,Portland,2025-09-11
1547,Emma Wilson,Retail,Immediate,In-Store,Hillsboro,2023-02-04
1548,Ella Lee,Retail,Immediate,In-Store,Portland,2022-05-25
1549,Noah Kim,Retail,Immediate,In-Store, gresham,2024-01-16
1550,Ava Jones,Retail,Immediate,In-Store,Gresham,2023-04-30
1551,NOAH LEE ,Retail,Immediate,In-Store,Beaverton,2023-01-25
1552,Jessica Patel,Retail,Immediate,In-Store,Portland,2025-06-10
1553,Liam Moore,Retail,Immediate,In-Store, vancouver,2025-10-25
1554,Mason Wilson,Retail,Immediate,In-Store,Beaverton,2025-01-22
1555,Ella Martin,Retail,Immediate,In-Store,Portland,2024-04-10
1556,James Smith,Retail,Immediate,In-Store,Salem,2023-01-16
1557,Jessica Anderson,Retail,Immediate,In-Store,Portland,2022-12-27
1558,Ethan Nguyen,Retail,Immediate,In-Store,Portland,2025-12-19
1559,CHLOE NGUYEN ,Retail,Immediate,In-Store,Corvallis,2024-12-09
1560,LIAM PATEL ,Retail,Immediate,In-Store,Portland,2022-01-21
1561,Hannah Anderson,Retail,Immediate,In-Store,Corvallis,2022-01-31
1562,EMILY GARCIA ,Retail,Immediate,In-Store,Hillsboro,2023-05-01
1563,Grace Thomas,Retail,Immediate,In-Store,Vancouver,2022-08-23
1564,Robert Smith,Retail,Immediate,In-Store,Portland,2023-01-05
1565,EMMA BROWN ,Retail,Immediate,In-Store,Beaverton,2023-07-01
1566,Ethan Nelson,Retail,Immediate,In-Store,Portland,2023-01-22
1567,Isabella Taylor,Retail,Immediate,In-Store, salem,2025-07-05
1568,Joseph Smith,Retail,Immediate,In-Store,Lake Oswego,2023-01-01
1569,Michael Martin,Retail,Immediate,In-Store,Beaverton,2024-05-10
1570,Liam Nguyen,Retail,Immediate,In-Store,Portland,2025-02-13
1571,Joseph Jones,Retail,Immediate,In-Store,Portland,2025-01-03
1572,James Anderson,Retail,Immediate,In-Store, gresham,2025-08-16
1573,Hannah Nguyen,Retail,Immediate,In-Store,Portland,2022-11-04
1574,Michael Carter,Retail,Immediate,In-Store,Portland,2023-06-06
1575,Michael Nelson,Retail,Immediate,In-Store,Portland,2022-11-17
1576,William Carter,Retail,Immediate,In-Store,Portland,2023-02-01
1577,James Smith,Retail,Immediate,In-Store,Portland,2024-01-20
1578,Christopher Garcia,Retail,Immediate,In-Store,Corvallis,2023-03-25
1579,NOAH NGUYEN ,Retail,Immediate,In-Store,Portland,2022-03-16
1580,Olivia Brown,Retail,Immediate,In-Store,Portland,2025-10-13
1581,Isabella Smith,Retail,Immediate,In-Store,Gresham,2024-01-09
1582,Christopher Patel,Retail,Immediate,In-Store,Portland,2022-08-15
1583,Ava Lee,Retail,Immediate,In-Store, portland,2024-01-27
1584,Robert Kim,Retail,Immediate,In-Store,Portland,2022-03-17
1585,Sophia Smith,Retail,Immediate,In-Store,Portland,2024-11-20
1586,Christopher Patel,Retail,Immediate,In-Store,Portland,2022-05-04
1587,Grace Nelson,Retail,Immediate,In-Store,Portland,2022-04-25
1588,William Davis,Retail,Immediate,In-Store, vancouver,2024-10-19
1589,William Thomas,Retail,Immediate,In-Store,Portland,2025-07-03
1590,David Anderson,Retail,Immediate,In-Store,Portland,2022-06-09
1591,David Taylor,Retail,Immediate,In-Store,Portland,2025-10-11
1592,Ava Martin,Retail,Immediate,In-Store,Beaverton,2025-01-19
1593,Olivia Moore,Retail,Immediate,In-Store,Seattle,2024-06-19
1594,Christopher Martin,Retail,Immediate,In-Store,Portland,2025-08-06
1595,Hannah Garcia,Retail,Immediate,In-Store,Portland,2024-06-04
1596,DANIEL MOORE ,Retail,Immediate,In-Store,Portland,2025-10-04
1597,Liam Wilson,Retail,Immediate,In-Store,Tigard,2025-11-16
1598,Emily Kim,Retail,Immediate,In-Store,Beaverton,2024-06-10
1599,Liam Jones,Retail,Immediate,In-Store,Portland,2022-09-18
1600,Liam Garcia,Retail,Immediate,In-Store,Portland,2022-02-15
1601,Ella Patel,Retail,Immediate,In-Store,Portland,2025-06-16
1602,Ethan Garcia,Retail,Immediate,In-Store,Hillsboro,2023-08-19
1603,ASHLEY MILLER ,Retail,Immediate,In-Store,Corvallis,2025-03-19
1604,Mason Miller,Retail,Immediate,In-Store,Portland,2025-08-02
1605,Christopher Wilson,Retail,Immediate,In-Store,Portland,2022-05-17
1606,Sophia Smith,Retail,Immediate,In-Store,Portland,2025-12-29
1607,Christopher Davis,Retail,Immediate,In-Store, gresham,2022-08-22
1608,Robert Williams,Retail,Immediate,In-Store,Vancouver,2022-06-10
1609,DANIEL TAYLOR ,Retail,Immediate,In-Store,Portland,2022-06-08
1610,Emma Lee,Retail,Immediate,In-Store,Portland,2023-09-12
1611,Olivia Brown,Retail,Immediate,In-Store,Corvallis,2022-06-13
1612,Noah Williams,Retail,Immediate,In-Store,Portland,2022-09-22
1613,Grace Nelson,Retail,Immediate,In-Store,Portland,2022-12-24
1614,Isabella Kim,Retail,Immediate,In-Store,Portland,2022-12-30
1615,JAMES SMITH ,Retail,Immediate,In-Store,Portland,2023-09-18
1616,Daniel Nelson,Retail,Immediate,In-Store,Hillsboro,2024-02-02
1617,Isabella Davis,Retail,Immediate,In-Store,Hillsboro,2022-10-22
1618,HANNAH MARTIN ,Retail,Immediate,In-Store,Portland,2024-07-04
1619,Chloe Moore,Retail,Immediate,In-Store,Salem,2024-04-26
1620,ASHLEY GARCIA ,Retail,Immediate,In-Store,Portland,2025-09-15
1621,Noah Miller,Retail,Immediate,In-Store,Portland,2025-03-05
1622,Hannah Smith,Retail,Immediate,In-Store,Eugene,2024-05-18
1623,Daniel Lee,Retail,Immediate,In-Store,Beaverton,2023-05-11
1624,Robert Johnson,Retail,Immediate,In-Store,Portland,2023-03-14
1625,JAMES NELSON ,Retail,Immediate,In-Store,Portland,2025-09-01
1626,LIAM MARTIN ,Retail,Immediate,In-Store,Corvallis,2024-07-09
1627,Ethan Taylor,Retail,Immediate,In-Store,Portland,2024-02-07
1628,Ava Davis,Retail,Immediate,In-Store,Beaverton,2025-02-21
1629,Mia Taylor,Retail,Immediate,In-Store,Portland,2025-02-25
1630,Jessica Miller,Retail,Immediate,In-Store,Seattle,2023-04-23
1631,William Kim,Retail,Immediate,In-Store,Portland,2025-05-26
1632,Noah Lee,Retail,Immediate,In-Store, eugene,2025-10-23
1633,Emma Johnson,Retail,Immediate,In-Store, vancouver,2022-10-08
1634,James Davis,Retail,Immediate,In-Store,Portland,2024-07-22
1635,Olivia Anderson,Retail,Immediate,In-Store,Hillsboro,2023-09-28
1636,Michael Williams,Retail,Immediate,In-Store,Portland,2025-12-26
1637,Chloe Moore,Retail,Immediate,In-Store,Portland,2022-02-22
1638,Isabella Martin,Retail,Immediate,In-Store,Seattle,2023-12-22
1639,Isabella Smith,Retail,Immediate,In-Store,Portland,2025-04-19
1640,Andrew Davis,Retail,Immediate,In-Store,Lake Oswego,2025-03-19
1641,Chloe Davis,Retail,Immediate,In-Store,Portland,2024-03-26
1642,Isabella Anderson,Retail,Immediate,In-Store,Portland,2022-10-09
1643,Chloe Patel,Retail,Immediate,In-Store,Portland,2025-04-10
1644,JAMES GARCIA ,Retail,Immediate,In-Store,Portland,2023-12-03
1645,David Anderson,Retail,Immediate,In-Store,Beaverton,2024-11-20
1646,Ava Jones,Retail,Immediate,In-Store,Beaverton,2023-12-03
1647,Ella Johnson,Retail,Immediate,In-Store, portland,2022-06-28
1648,CHLOE ANDERSON ,Retail,Immediate,In-Store,Portland,2023-09-27
1649,Olivia Thomas,Retail,Immediate,In-Store, portland,2024-06-04
1650,William Brown,Retail,Immediate,In-Store,Vancouver,2025-07-14
1651,Andrew Johnson,Retail,Immediate,In-Store,Beaverton,2024-07-09
1652,Sarah Kim,Retail,Immediate,In-Store,Gresham,2023-08-16
1653,Grace Taylor,Retail,Immediate,In-Store,Portland,2024-07-02
1654,Grace Davis,Retail,Immediate,In-Store,Portland,2023-07-27
1655,Jessica Johnson,Retail,Immediate,In-Store,Portland,2022-07-08
1656,James Davis,Retail,Immediate,In-Store,Portland,2023-01-01
1657,Christopher Williams,Retail,Immediate,In-Store,Beaverton,2025-01-03
1658,Hannah Kim,Retail,Immediate,In-Store,Portland,2025-01-16
1659,GRACE JONES ,Retail,Immediate,In-Store,Portland,2025-03-09
1660,Madison Carter,Retail,Immediate,In-Store, portland,2025-09-01
1661,Isabella Jones,Retail,Immediate,In-Store, portland,2025-03-03
1662,CHRISTOPHER THOMAS ,Retail,Immediate,In-Store,Portland,2023-03-22
1663,MICHAEL NGUYEN ,Retail,Immediate,In-Store,Portland,2022-01-13
1664,Emily Johnson,Retail,Immediate,In-Store,Beaverton,2022-05-08
1665,Olivia Nguyen,Retail,Immediate,In-Store,Hillsboro,2023-10-28
1666,Joseph Smith,Retail,Immediate,In-Store,Portland,2022-02-11
1667,Mason Thomas,Retail,Immediate,In-Store,Portland,2025-08-22
1668,GRACE JOHNSON ,Retail,Immediate,In-Store,Salem,2023-03-04
1669,Chloe Garcia,Retail,Immediate,In-Store,Portland,2023-08-28
1670,ELLA SMITH ,Retail,Immediate,In-Store,Beaverton,2024-05-18
1671,AVA CARTER ,Retail,Immediate,In-Store,Portland,2024-09-17
1672,Lucas Moore,Retail,Immediate,In-Store,Eugene,2023-06-10
1673,EMMA ANDERSON ,Retail,Immediate,In-Store,Portland,2025-04-12
1674,MICHAEL MILLER ,Retail,Immediate,In-Store,Beaverton,2025-07-28
1675,Ashley Nelson,Retail,Immediate,In-Store,Portland,2025-11-28
1676,OLIVIA DAVIS ,Retail,Immediate,In-Store,Portland,2022-03-22
1677,Sophia Jones,Retail,Immediate,In-Store,Gresham,2023-06-03
1678,Christopher Davis,Retail,Immediate,In-Store,Portland,2024-04-27
1679,Madison Garcia,Retail,Immediate,In-Store,Hillsboro,2022-03-30
1680,ROBERT TAYLOR ,Retail,Immediate,In-Store,Portland,2024-07-25
1681,Noah Lee,Retail,Immediate,In-Store,Vancouver,2025-01-12
1682,Emily Davis,Retail,Immediate,In-Store, portland,2022-04-20
1683,Noah Martin,Retail,Immediate,In-Store,Beaverton,2024-04-30
1684,JOSEPH THOMAS ,Retail,Immediate,In-Store,Salem,2025-11-27
1685,Joseph Williams,Retail,Immediate,In-Store,Portland,2024-03-22
1686,Emma Wilson,Retail,Immediate,In-Store,Hillsboro,2023-03-08
1687,Emma Kim,Retail,Immediate,In-Store,Seattle,2023-07-09
1688,CHRISTOPHER NGUYEN ,Retail,Immediate,In-Store, portland,2022-05-09
1689,Mia Martin,Retail,Immediate,In-Store, salem,2023-09-12
1690,Liam Brown,Retail,Immediate,In-Store,Portland,2022-04-25
1691,Emily Williams,Retail,Immediate,In-Store,Portland,2022-06-04
1692,SARAH BROWN ,Retail,Immediate,In-Store,Beaverton,2024-05-05
1693,JOSEPH WILLIAMS ,Retail,Immediate,In-Store, tigard,2022-06-30
1694,SARAH MARTIN ,Retail,Immediate,In-Store,Lake Oswego,2023-04-14
1695,Emma Anderson,Retail,Immediate,In-Store,Beaverton,2022-02-18
1696,SARAH THOMAS ,Retail,Immediate,In-Store,Portland,2024-08-01
1697,Grace Lee,Retail,Immediate,In-Store,Gresham,2024-06-24
1698,Liam Anderson,Retail,Immediate,In-Store,Beaverton,2022-06-26
1699,MATTHEW NGUYEN ,Retail,Immediate,In-Store, portland,2025-11-23
1700,Ava Brown,Retail,Immediate,In-Store,Portland,2022-12-09
1701,Hannah Miller,Retail,Immediate,In-Store,Seattle,2025-12-07
1702,Noah Lee,Retail,Immediate,In-Store,Corvallis,2022-05-20
1703,Noah Williams,Retail,Immediate,In-Store,Beaverton,2023-05-11
1704,Mason Johnson,Retail,Immediate,In-Store,Portland,2022-04-23
1705,Jessica Thomas,Retail,Immediate,In-Store,Tigard,2022-10-22
1706,Emily Carter,Retail,Immediate,In-Store,Portland,2024-04-22
1707,Noah Anderson,Retail,Immediate,In-Store, portland,2023-08-19
1708,James Miller,Retail,Immediate,In-Store,Portland,2022-09-20
1709,Andrew Thomas,Retail,Immediate,In-Store,Portland,2022-11-11
1710,Andrew Jones,Retail,Immediate,In-Store,Bend,2023-06-26
1711,Robert Johnson,Retail,Immediate,In-Store,Portland,2023-04-20
1712,Andrew Davis,Retail,Immediate,In-Store,Portland,2024-10-15
1713,Michael Anderson,Retail,Immediate,In-Store,Beaverton,2024-08-05
1714,Olivia Martin,Retail,Immediate,In-Store,Beaverton,2023-04-12
1715,Ashley Williams,Retail,Immediate,In-Store,Portland,2023-05-27
1716,Jessica Taylor,Retail,Immediate,In-Store,Portland,2025-08-05
1717,Andrew Lee,Retail,Immediate,In-Store,Portland,2024-09-17
1718,Ella Johnson,Retail,Immediate,In-Store,Hillsboro,2023-12-06
1719,Sarah Johnson,Retail,Immediate,In-Store, lake oswego,2025-03-17
1720,Noah Carter,Retail,Immediate,In-Store,Portland,2024-10-25
1721,Matthew Nguyen,Retail,Immediate,In-Store,Beaverton,2024-06-08
1722,Christopher Moore,Retail,Immediate,In-Store,Portland,2025-11-26
1723,Michael Nguyen,Retail,Immediate,In-Store, portland,2022-11-03
1724,David Williams,Retail,Immediate,In-Store,Bend,2024-05-04
1725,James Patel,Retail,Immediate,In-Store,Lake Oswego,2024-05-29
1726,Jessica Davis,Retail,Immediate,In-Store,Portland,2024-11-13
1727,Ethan Kim,Retail,Immediate,In-Store,Portland,2023-04-09
1728,HANNAH KIM ,Retail,Immediate,In-Store,Gresham,2025-04-30
1729,Lucas Kim,Retail,Immediate,In-Store, portland,2025-12-13
1730,Ashley Lee,Retail,Immediate,In-Store,Beaverton,2024-04-16
1731,Hannah Wilson,Retail,Immediate,In-Store,Gresham,2024-12-16
1732,Lucas Patel,Retail,Immediate,In-Store,Portland,2022-03-09
1733,Hannah Johnson,Retail,Immediate,In-Store,Beaverton,2023-02-14
1734,MADISON NGUYEN ,Retail,Immediate,In-Store,Salem,2024-05-06
1735,JESSICA ANDERSON ,Retail,Immediate,In-Store,Portland,2024-01-14
1736,Daniel Brown,Retail,Immediate,In-Store,Portland,2024-01-25
1737,Ava Williams,Retail,Immediate,In-Store,Corvallis,2023-03-28
1738,NOAH JONES ,Retail,Immediate,In-Store,Gresham,2025-10-31
1739,Isabella Garcia,Retail,Immediate,In-Store,Hillsboro,2024-10-15
1740,Michael Lee,Retail,Immediate,In-Store,Bend,2025-07-12
1741,Sophia Moore,Retail,Immediate,In-Store,Portland,2022-04-10
1742,Matthew Lee,Retail,Immediate,In-Store,Portland,2024-01-12
1743,Sophia Garcia,Retail,Immediate,In-Store,Portland,2024-05-21
1744,Mason Nguyen,Retail,Immediate,In-Store,Gresham,2025-09-08
1745,Noah Carter,Retail,Immediate,In-Store,Seattle,2024-11-11
1746,ELLA THOMAS ,Retail,Immediate,In-Store,Tigard,2023-07-10
1747,David Patel,Retail,Immediate,In-Store, gresham,2024-07-12
1748,James Anderson,Retail,Immediate,In-Store,Portland,2025-11-17
1749,Sophia Williams,Retail,Immediate,In-Store,Bend,2023-06-17
1750,Christopher Davis,Retail,Immediate,In-Store,Portland,2025-02-13
1751,Isabella Wilson,Retail,Immediate,In-Store,Portland,2023-08-02
1752,Ava Thomas,Retail,Immediate,In-Store,Portland,2025-05-29
1753,Joseph Taylor,Retail,Immediate,In-Store,Beaverton,2024-05-23
1754,Liam Nguyen,Retail,Immediate,In-Store, portland,2024-10-25
1755,Matthew Kim,Retail,Immediate,In-Store,Beaverton,2025-10-21
1756,Lucas Smith,Retail,Immediate,In-Store,Eugene,2025-06-26
1757,Joseph Nguyen,Retail,Immediate,In-Store,Gresham,2025-02-22
1758,Madison Carter,Retail,Immediate,In-Store,Tigard,2024-04-14
1759,Christopher Davis,Retail,Immediate,In-Store,Portland,2025-01-24
1760,Ella Moore,Retail,Immediate,In-Store, beaverton,2025-03-17
1761,MICHAEL JOHNSON ,Retail,Immediate,In-Store,Portland,2022-01-08
1762,Ava Williams,Retail,Immediate,In-Store,Portland,2025-01-20
1763,Ava Garcia,Retail,Immediate,In-Store,Salem,2024-01-28
1764,William Kim,Retail,Immediate,In-Store,Gresham,2024-02-10
1765,Sarah Patel,Retail,Immediate,In-Store, gresham,2025-06-16
1766,Sarah Lee,Retail,Immediate,In-Store,Bend,2024-01-24
1767,Isabella Brown,Retail,Immediate,In-Store,Seattle,2024-02-12
1768,Liam Anderson,Retail,Immediate,In-Store,Eugene,2022-06-23
1769,Michael Garcia,Retail,Immediate,In-Store,Portland,2022-01-02
1770,Sophia Johnson,Retail,Immediate,In-Store,Corvallis,2024-05-12
1771,James Davis,Retail,Immediate,In-Store,Portland,2024-11-15
1772,Lucas Carter,Retail,Immediate,In-Store,Portland,2024-02-08
1773,James Taylor,Retail,Immediate,In-Store,Beaverton,2022-02-09
1774,Olivia Carter,Retail,Immediate,In-Store, corvallis,2025-03-25
1775,Emily Nelson,Retail,Immediate,In-Store,Portland,2023-12-07
1776,Daniel Taylor,Retail,Immediate,In-Store,Beaverton,2022-04-27
1777,Matthew Martin,Retail,Immediate,In-Store,Seattle,2024-06-13
1778,Lucas Smith,Retail,Immediate,In-Store,Portland,2023-01-25
1779,Daniel Anderson,Retail,Immediate,In-Store,Portland,2022-06-30
1780,Olivia Moore,Retail,Immediate,In-Store,Portland,2025-03-23
1781,Liam Garcia,Retail,Immediate,In-Store,Bend,2025-07-19
1782,David Martin,Retail,Immediate,In-Store,Portland,2023-08-15
1783,Robert Anderson,Retail,Immediate,In-Store,Tigard,2022-12-05
1784,Ella Carter,Retail,Immediate,In-Store,Portland,2023-04-24
1785,Andrew Wilson,Retail,Immediate,In-Store, portland,2024-01-16
1786,Ella Carter,Retail,Immediate,In-Store,Portland,2024-02-18
1787,SARAH CARTER ,Retail,Immediate,In-Store,Portland,2023-09-20
1788,Robert Davis,Retail,Immediate,In-Store,Vancouver,2025-07-25
1789,William Nelson,Retail,Immediate,In-Store,Portland,2024-05-03
1790,Ashley Brown,Retail,Immediate,In-Store,Portland,2022-04-12
1791,CHRISTOPHER WILLIAMS ,Retail,Immediate,In-Store,Portland,2022-04-01
1792,David Kim,Retail,Immediate,In-Store,Gresham,2024-02-02
1793,Mia Davis,Retail,Immediate,In-Store,Gresham,2023-09-16
1794,Robert Martin,Retail,Immediate,In-Store,Portland,2024-06-13
1795,Andrew Davis,Retail,Immediate,In-Store, salem,2024-02-14
1796,Sarah Anderson,Retail,Immediate,In-Store,Portland,2023-10-23
1797,Ella Davis,Retail,Immediate,In-Store,Tigard,2022-06-18
1798,Liam Kim,Retail,Immediate,In-Store,Eugene,2023-07-29
1799,Mason Patel,Retail,Immediate,In-Store,Beaverton,2022-11-01
1800,Noah Nguyen,Retail,Immediate,In-Store,Gresham,2022-11-08
1801,Christopher Williams,Retail,Immediate,In-Store,Portland,2022-09-22
1802,Sarah Anderson,Retail,Immediate,In-Store,Beaverton,2024-02-23
1803,Grace Anderson,Retail,Immediate,In-Store,Hillsboro,2025-01-28
1804,MICHAEL GARCIA ,Retail,Immediate,In-Store,Portland,2023-02-21
1805,Emily Johnson,Retail,Immediate,In-Store,Portland,2022-12-10
1806,Grace Miller,Retail,Immediate,In-Store,Portland,2025-04-25
1807,Isabella Patel,Retail,Immediate,In-Store,Portland,2022-04-02
1808,Emily Smith,Retail,Immediate,In-Store,Hillsboro,2025-12-04
1809,Isabella Brown,Retail,Immediate,In-Store,Portland,2023-05-09
1810,Ava Carter,Retail,Immediate,In-Store,Beaverton,2024-10-24
1811,Ethan Johnson,Retail,Immediate,In-Store,Eugene,2024-02-16
1812,Isabella Patel,Retail,Immediate,In-Store,Portland,2023-10-09
1813,Ethan Patel,Retail,Immediate,In-Store,Hillsboro,2022-12-02
1814,Liam Davis,Retail,Immediate,In-Store,Portland,2023-03-03
1815,Mia Thomas,Retail,Immediate,In-Store,Portland,2025-06-22
1816,Ella Carter,Retail,Immediate,In-Store,Portland,2025-03-16
1817,Ashley Kim,Retail,Immediate,In-Store,Portland,2025-05-28
1818,Ella Anderson,Retail,Immediate,In-Store,Hillsboro,2025-09-30
1819,David Carter,Retail,Immediate,In-Store,Portland,2023-09-10
1820,Ashley Martin,Retail,Immediate,In-Store,Portland,2023-12-15
1821,Daniel Garcia,Retail,Immediate,In-Store,Portland,2024-11-05
1822,Madison Wilson,Retail,Immediate,In-Store,Gresham,2022-12-30
1823,Liam Wilson,Retail,Immediate,In-Store,Vancouver,2022-05-19
1824,SOPHIA LEE ,Retail,Immediate,In-Store,Portland,2023-05-27
1825,LIAM DAVIS ,Retail,Immediate,In-Store,Beaverton,2024-11-30
1826,Daniel Thomas,Retail,Immediate,In-Store,Gresham,2022-02-12
1827,ELLA KIM ,Retail,Immediate,In-Store,Eugene,2024-04-25
1828,William Lee,Retail,Immediate,In-Store,Vancouver,2025-06-16
1829,Mia Anderson,Retail,Immediate,In-Store,Portland,2022-10-10
1830,Ella Thomas,Retail,Immediate,In-Store,Portland,2022-09-10
1831,Isabella Wilson,Retail,Immediate,In-Store,Lake Oswego,2025-03-11
1832,MICHAEL WILSON ,Retail,Immediate,In-Store,Gresham,2024-08-19
1833,Joseph Anderson,Retail,Immediate,In-Store,Portland,2024-02-20
1834,Joseph Taylor,Retail,Immediate,In-Store,Portland,2022-08-28
1835,Liam Brown,Retail,Immediate,In-Store,Portland,2024-08-06
1836,William Smith,Retail,Immediate,In-Store,Portland,2025-07-12
1837,Ella Carter,Retail,Immediate,In-Store,Portland,2025-09-09
1838,Ashley Garcia,Retail,Immediate,In-Store,Portland,2023-07-17
1839,Ethan Davis,Retail,Immediate,In-Store,Portland,2023-06-06
1840,Michael Wilson,Retail,Immediate,In-Store, portland,2024-07-25
1841,Andrew Miller,Retail,Immediate,In-Store,Hillsboro,2022-08-27
1842,Emily Taylor,Retail,Immediate,In-Store,Portland,2024-10-07
1843,Sophia Johnson,Retail,Immediate,In-Store,Salem,2023-12-21
1844,Andrew Carter,Retail,Immediate,In-Store,Portland,2023-08-13
1845,Chloe Garcia,Retail,Immediate,In-Store,Hillsboro,2024-10-26
1846,Robert Davis,Retail,Immediate,In-Store,Portland,2025-07-08
1847,James Taylor,Retail,Immediate,In-Store,Beaverton,2025-12-06
1848,Ella Wilson,Retail,Immediate,In-Store,Portland,2022-03-11
1849,Michael Patel,Retail,Immediate,In-Store,Beaverton,2022-09-11
1850,Isabella Taylor,Retail,Immediate,In-Store,Salem,2025-10-07
1851,Hannah Carter,Retail,Immediate,In-Store,Eugene,2024-05-28
1852,Chloe Johnson,Retail,Immediate,In-Store,Hillsboro,2025-08-04
1853,Noah Nelson,Retail,Immediate,In-Store,Portland,2023-02-07
1854,Matthew Jones,Retail,Immediate,In-Store,Portland,2022-08-20
1855,Olivia Nguyen,Retail,Immediate,In-Store,Hillsboro,2022-07-18
1856,Noah Williams,Retail,Immediate,In-Store,Portland,2022-12-13
1857,Andrew Patel,Retail,Immediate,In-Store,Corvallis,2022-10-08
1858,MIA MILLER ,Retail,Immediate,In-Store,Portland,2025-01-28
1859,Joseph Moore,Retail,Immediate,In-Store,Beaverton,2023-07-01
1860,Isabella Nguyen,Retail,Immediate,In-Store,Portland,2024-02-12
1861,MADISON KIM ,Retail,Immediate,In-Store,Vancouver,2023-12-06
1862,Mia Thomas,Retail,Immediate,In-Store,Portland,2023-11-08
1863,Noah Martin,Retail,Immediate,In-Store,Portland,2025-04-13
1864,Noah Carter,Retail,Immediate,In-Store, seattle,2022-01-12
1865,Joseph Kim,Retail,Immediate,In-Store,Beaverton,2025-02-23
1866,Madison Taylor,Retail,Immediate,In-Store,Portland,2023-03-04
1867,Grace Davis,Retail,Immediate,In-Store,Portland,2024-06-11
1868,Madison Smith,Retail,Immediate,In-Store,Portland,2023-07-30
1869,Ava Patel,Retail,Immediate,In-Store, portland,2024-11-05
1870,Liam Patel,Retail,Immediate,In-Store,Eugene,2025-09-21
1871,Sophia Jones,Retail,Immediate,In-Store,Beaverton,2022-02-02
1872,William Johnson,Retail,Immediate,In-Store,Portland,2023-04-23
1873,Madison Davis,Retail,Immediate,In-Store,Portland,2025-08-26
1874,Matthew Patel,Retail,Immediate,In-Store,Bend,2023-05-20
1875,James Patel,Retail,Immediate,In-Store,Gresham,2022-12-16
1876,Daniel Nguyen,Retail,Immediate,In-Store,Portland,2023-06-05
1877,Hannah Taylor,Retail,Immediate,In-Store,Gresham,2024-06-13
1878,William Lee,Retail,Immediate,In-Store,Portland,2024-11-23
1879,WILLIAM NGUYEN ,Retail,Immediate,In-Store,Lake Oswego,2022-07-13
1880,JOSEPH NELSON ,Retail,Immediate,In-Store,Salem,2025-10-04
1881,David Miller,Retail,Immediate,In-Store,Portland,2024-04-19
1882,Joseph Davis,Retail,Immediate,In-Store,Portland,2022-07-09
1883,Lucas Nguyen,Retail,Immediate,In-Store,Hillsboro,2022-07-31
1884,Madison Carter,Retail,Immediate,In-Store,Hillsboro,2022-02-18
1885,ROBERT MOORE ,Retail,Immediate,In-Store,Hillsboro,2025-08-19
1886,DANIEL ANDERSON ,Retail,Immediate,In-Store,Hillsboro,2022-06-16
1887,CHLOE NELSON ,Retail,Immediate,In-Store,Portland,2023-11-29
1888,LUCAS ANDERSON ,Retail,Immediate,In-Store,Portland,2025-03-31
1889,Mason Nguyen,Retail,Immediate,In-Store,Portland,2022-07-04
1890,Daniel Davis,Retail,Immediate,In-Store,Portland,2022-06-30
1891,Jessica Lee,Retail,Immediate,In-Store,Portland,2024-06-21
1892,Isabella Brown,Retail,Immediate,In-Store, vancouver,2022-02-07
1893,Ella Smith,Retail,Immediate,In-Store,Portland,2023-11-01
1894,Daniel Smith,Retail,Immediate,In-Store,Portland,2023-12-09
1895,SARAH CARTER ,Retail,Immediate,In-Store,Gresham,2025-09-21
1896,SOPHIA MILLER ,Retail,Immediate,In-Store,Tigard,2023-07-17
1897,Jessica Williams,Retail,Immediate,In-Store,Portland,2023-02-09
1898,Isabella Jones,Retail,Immediate,In-Store,Seattle,2023-09-24
1899,Emily Garcia,Retail,Immediate,In-Store,Portland,2024-08-19
1900,AVA NELSON ,Retail,Immediate,In-Store,Hillsboro,2025-11-15
1901,EMMA SMITH ,Retail,Immediate,In-Store,Bend,2022-07-13
1902,DAVID TAYLOR ,Retail,Immediate,In-Store,Portland,2024-07-11
1903,Chloe Jones,Retail,Immediate,In-Store,Portland,2022-03-21
1904,NOAH TAYLOR ,Retail,Immediate,In-Store,Portland,2024-12-09
1905,Emma Thomas,Retail,Immediate,In-Store,Portland,2023-01-22
1906,ROBERT SMITH ,Retail,Immediate,In-Store,Portland,2024-04-18
1907,Mia Martin,Retail,Immediate,In-Store,Portland,2024-04-20
1908,CHLOE DAVIS ,Retail,Immediate,In-Store,Gresham,2023-01-25
1909,William Smith,Retail,Immediate,In-Store,Hillsboro,2023-02-08
1910,ISABELLA ANDERSON ,Retail,Immediate,In-Store,Salem,2024-11-08
1911,Chloe Davis,Retail,Immediate,In-Store,Portland,2025-04-17
1912,WILLIAM JOHNSON ,Retail,Immediate,In-Store,Portland,2025-05-05
1913,Mason Wilson,Retail,Immediate,In-Store,Bend,2025-08-28
1914,Emma Garcia,Retail,Immediate,In-Store,Vancouver,2025-06-29
1915,SOPHIA JOHNSON ,Retail,Immediate,In-Store,Portland,2025-04-17
1916,Hannah Williams,Retail,Immediate,In-Store,Portland,2025-11-02
1917,Mia Wilson,Retail,Immediate,In-Store,Portland,2023-09-15
1918,Sophia Davis,Retail,Immediate,In-Store,Portland,2024-07-09
1919,Mia Jones,Retail,Immediate,In-Store,Portland,2022-04-02
1920,DANIEL NGUYEN ,Retail,Immediate,In-Store,Portland,2025-02-07
1921,David Anderson,Retail,Immediate,In-Store,Portland,2022-02-20
1922,Ava Garcia,Retail,Immediate,In-Store,Portland,2022-07-14
1923,Daniel Jones,Retail,Immediate,In-Store,Vancouver,2024-12-14
1924,Mia Patel,Retail,Immediate,In-Store,Portland,2024-08-06
1925,Andrew Moore,Retail,Immediate,In-Store,Salem,2025-12-31
1926,Mia Taylor,Retail,Immediate,In-Store,Portland,2022-09-03
1927,Andrew Lee,Retail,Immediate,In-Store,Portland,2024-01-23
1928,Lucas Smith,Retail,Immediate,In-Store,Tigard,2024-12-29
1929,Isabella Nelson,Retail,Immediate,In-Store,Portland,2024-05-10
1930,LUCAS NGUYEN ,Retail,Immediate,In-Store, gresham,2024-11-28
1931,ROBERT BROWN ,Retail,Immediate,In-Store,Hillsboro,2024-05-19
1932,Sarah Kim,Retail,Immediate,In-Store,Portland,2022-06-18
1933,Chloe Lee,Retail,Immediate,In-Store,Portland,2023-11-06
1934,William Williams,Retail,Immediate,In-Store,Portland,2022-07-06
1935,CHRISTOPHER MARTIN ,Retail,Immediate,In-Store,Gresham,2023-12-27
1936,Emma Brown,Retail,Immediate,In-Store,Corvallis,2024-02-29
1937,William Miller,Retail,Immediate,In-Store,Bend,2024-05-25
1938,Ava Kim,Retail,Immediate,In-Store,Hillsboro,2024-12-08
1939,NOAH MOORE ,Retail,Immediate,In-Store,Portland,2022-07-16
1940,Jessica Wilson,Retail,Immediate,In-Store,Portland,2023-11-27
1941,Emily Johnson,Retail,Immediate,In-Store,Bend,2022-11-23
1942,Sarah Patel,Retail,Immediate,In-Store,Eugene,2025-06-01
1943,NOAH LEE ,Retail,Immediate,In-Store,Portland,2022-08-14
1944,LIAM MARTIN ,Retail,Immediate,In-Store,Hillsboro,2023-06-23
1945,Sarah Thomas,Retail,Immediate,In-Store,Portland,2023-11-22
1946,Sophia Jones,Retail,Immediate,In-Store,Portland,2023-01-27
1947,Jessica Williams,Retail,Immediate,In-Store,Tigard,2024-05-31
1948,CHRISTOPHER TAYLOR ,Retail,Immediate,In-Store,Gresham,2024-07-01
1949,Lucas Patel,Retail,Immediate,In-Store,Hillsboro,2022-06-15
1950,Sophia Anderson,Retail,Immediate,In-Store,Beaverton,2024-12-17
1951,Michael Thomas,Retail,Immediate,In-Store, tigard,2025-08-16
1952,Emily Smith,Retail,Immediate,In-Store,Portland,2022-01-15
1953,JOSEPH NELSON ,Retail,Immediate,In-Store,Beaverton,2025-02-15
1954,EMILY BROWN ,Retail,Immediate,In-Store,Eugene,2023-06-16
1955,Emily Kim,Retail,Immediate,In-Store,Portland,2023-11-05
1956,Ashley Taylor,Retail,Immediate,In-Store,Portland,2023-10-05
1957,Christopher Davis,Retail,Immediate,In-Store,Bend,2023-09-13
1958,OLIVIA TAYLOR ,Retail,Immediate,In-Store,Bend,2022-02-03
1959,Sophia Brown,Retail,Immediate,In-Store,Portland,2025-01-28
1960,Michael Nguyen,Retail,Immediate,In-Store,Portland,2025-05-18
1961,James Anderson,Retail,Immediate,In-Store,Portland,2022-08-23
1962,Joseph Nelson,Retail,Immediate,In-Store,Corvallis,2023-01-26
1963,Liam Johnson,Retail,Immediate,In-Store, seattle,2022-06-07
1964,Ethan Lee,Retail,Immediate,In-Store,Portland,2024-11-21
1965,Olivia Taylor,Retail,Immediate,In-Store,Portland,2024-08-24
1966,Robert Taylor,Retail,Immediate,In-Store,Gresham,2024-04-15
1967,Joseph Davis,Retail,Immediate,In-Store, portland,2023-10-11
1968,Hannah Lee,Retail,Immediate,In-Store,Tigard,2024-09-13
1969,Grace Lee,Retail,Immediate,In-Store,Beaverton,2024-06-27
1970,David Moore,Retail,Immediate,In-Store,Portland,2023-03-27
1971,MICHAEL MARTIN ,Retail,Immediate,In-Store,Gresham,2024-10-17
1972,Mason Taylor,Retail,Immediate,In-Store, seattle,2023-11-13
1973,Ethan Nelson,Retail,Immediate,In-Store, portland,2023-06-14
1974,CHLOE JOHNSON ,Retail,Immediate,In-Store,Portland,2022-02-22
1975,Ashley Nelson,Retail,Immediate,In-Store,Portland,2022-09-01
1976,David Jones,Retail,Immediate,In-Store,Salem,2024-10-05
1977,Mason Lee,Retail,Immediate,In-Store,Portland,2023-07-14
1978,Ethan Williams,Retail,Immediate,In-Store,Portland,2022-11-12
1979,Sarah Martin,Retail,Immediate,In-Store,Portland,2022-03-08
1980,Noah Carter,Retail,Immediate,In-Store,Portland,2023-05-07
1981,Lucas Williams,Retail,Immediate,In-Store, portland,2022-07-08
1982,Ashley Nelson,Retail,Immediate,In-Store, portland,2022-11-06
1983,Hannah Garcia,Retail,Immediate,In-Store,Beaverton,2025-11-27
1984,Ava Miller,Retail,Immediate,In-Store,Portland,2023-02-01
1985,Michael Garcia,Retail,Immediate,In-Store,Portland,2022-06-14
1986,Andrew Patel,Retail,Immediate,In-Store, hillsboro,2024-09-03
1987,Christopher Moore,Retail,Immediate,In-Store,Hillsboro,2022-11-20
1988,Chloe Nelson,Retail,Immediate,In-Store,Portland,2024-03-10
1989,Andrew Moore,Retail,Immediate,In-Store,Seattle,2025-06-02
1990,Chloe Nelson,Retail,Immediate,In-Store,Portland,2022-07-01
1991,David Johnson,Retail,Immediate,In-Store,Portland,2023-10-05
1992,Ella Patel,Retail,Immediate,In-Store,Portland,2024-08-23
1993,Hannah Williams,Retail,Immediate,In-Store,Corvallis,2025-08-16
1994,David Martin,Retail,Immediate,In-Store,Lake Oswego,2024-06-06
1995,Robert Jones,Retail,Immediate,In-Store,Portland,2023-06-09
1996,AVA CARTER ,Retail,Immediate,In-Store,Bend,2024-08-15
1997,JAMES LEE ,Retail,Immediate,In-Store,Portland,2022-01-27
1998,William Garcia,Retail,Immediate,In-Store, vancouver,2024-04-13
1999,WILLIAM NELSON ,Retail,Immediate,In-Store,Beaverton,2025-03-01
2000,Mia Davis,Retail,Immediate,In-Store,Portland,2024-05-27
2001,Ella Lee,Retail,Immediate,In-Store, portland,2024-06-21
2002,Michael Davis,Retail,Immediate,In-Store,Bend,2025-09-09
2003,Lucas Smith,Retail,Immediate,In-Store,Beaverton,2025-03-31
2004,MIA PATEL ,Retail,Immediate,In-Store,Portland,2024-02-01
2005,Noah Taylor,Retail,Immediate,In-Store, beaverton,2023-08-14
2006,Michael Carter,Retail,Immediate,In-Store,Corvallis,2022-02-21
2007,Olivia Wilson,Retail,Immediate,In-Store,Seattle,2024-04-18
2008,James Carter,Retail,Immediate,In-Store,Salem,2022-07-24
2009,Michael Davis,Retail,Immediate,In-Store, seattle,2023-04-17
2010,Jessica Nguyen,Retail,Immediate,In-Store,Gresham,2022-05-26
2011,Ethan Davis,Retail,Immediate,In-Store,Portland,2023-08-30
2012,Chloe Kim,Retail,Immediate,In-Store,Portland,2024-01-14
2013,ETHAN BROWN ,Retail,Immediate,In-Store,Vancouver,2024-11-26
2014,Sophia Miller,Retail,Immediate,In-Store,Gresham,2023-10-27
2015,David Martin,Retail,Immediate,In-Store,Portland,2022-07-21
2016,Emily Johnson,Retail,Immediate,In-Store,Lake Oswego,2024-02-24
2017,AVA CARTER ,Retail,Immediate,In-Store,Eugene,2022-03-13
2018,Emma Taylor,Retail,Immediate,In-Store,Gresham,2025-10-03
2019,Chloe Moore,Retail,Immediate,In-Store,Portland,2024-04-22
2020,Noah Smith,Retail,Immediate,In-Store,Portland,2025-02-23
2021,MIA THOMAS ,Retail,Immediate,In-Store,Portland,2024-04-16
2022,ROBERT SMITH ,Retail,Immediate,In-Store,Bend,2022-03-20
2023,Andrew Moore,Retail,Immediate,In-Store,Hillsboro,2024-10-26
2024,ROBERT GARCIA ,Retail,Immediate,In-Store, portland,2023-05-17
2025,Sarah Carter,Retail,Immediate,In-Store,Gresham,2023-04-09
2026,Ethan Kim,Retail,Immediate,In-Store,Portland,2023-09-07
2027,Olivia Carter,Retail,Immediate,In-Store,Portland,2022-03-01
2028,Daniel Nguyen,Retail,Immediate,In-Store,Salem,2025-12-23
2029,Mason Brown,Retail,Immediate,In-Store,Beaverton,2022-07-28
2030,Mason Wilson,Retail,Immediate,In-Store,Corvallis,2025-08-14
2031,Hannah Martin,Retail,Immediate,In-Store,Portland,2025-09-28
2032,Madison Anderson,Retail,Immediate,In-Store, salem,2023-11-20
2033,SARAH WILSON ,Retail,Immediate,In-Store,Portland,2024-07-13
2034,Olivia Carter,Retail,Immediate,In-Store,Portland,2025-03-13
2035,Mia Moore,Retail,Immediate,In-Store,Portland,2023-08-10
2036,Michael Taylor,Retail,Immediate,In-Store,Portland,2024-03-29
2037,Mia Jones,Retail,Immediate,In-Store, corvallis,2025-08-24
2038,Sarah Carter,Retail,Immediate,In-Store,Hillsboro,2024-04-02
2039,ASHLEY TAYLOR ,Retail,Immediate,In-Store,Portland,2025-05-27
2040,Ethan Kim,Retail,Immediate,In-Store, portland,2023-05-06
2041,Ethan Martin,Retail,Immediate,In-Store,Portland,2023-07-01
2042,MICHAEL SMITH ,Retail,Immediate,In-Store,Portland,2024-01-16
2043,Jessica Carter,Retail,Immediate,In-Store,Portland,2022-11-25
2044,Christopher Thomas,Retail,Immediate,In-Store,Portland,2024-09-07
2045,Lucas Jones,Retail,Immediate,In-Store,Beaverton,2022-06-12
2046,Mia Brown,Retail,Immediate,In-Store,Portland,2025-12-18
2047,Sophia Nelson,Retail,Immediate,In-Store,Portland,2024-07-27
2048,Mason Taylor,Retail,Immediate,In-Store, portland,2024-08-27
2049,Ashley Thomas,Retail,Immediate,In-Store,Hillsboro,2023-06-29
2050,James Wilson,Retail,Immediate,In-Store,Salem,2024-11-30
2051,Jessica Garcia,Retail,Immediate,In-Store,Portland,2022-12-11
2052,Liam Smith,Retail,Immediate,In-Store,Portland,2022-11-23
2053,Lucas Nguyen,Retail,Immediate,In-Store,Portland,2025-01-28
2054,Jessica Brown,Retail,Immediate,In-Store,Vancouver,2023-01-10
2055,Michael Thomas,Retail,Immediate,In-Store,Vancouver,2023-08-07
2056,Mia Davis,Retail,Immediate,In-Store,Portland,2023-06-29
2057,Matthew Nelson,Retail,Immediate,In-Store,Portland,2024-05-26
2058,Mason Martin,Retail,Immediate,In-Store,Portland,2022-08-08
2059,Emily Moore,Retail,Immediate,In-Store,Eugene,2022-12-18
2060,Olivia Davis,Retail,Immediate,In-Store,Gresham,2022-01-02
2061,Ashley Garcia,Retail,Immediate,In-Store,Portland,2022-05-15
2062,Sophia Taylor,Retail,Immediate,In-Store,Portland,2024-05-11
2063,LUCAS MARTIN ,Retail,Immediate,In-Store,Salem,2025-08-23
2064,Ethan Thomas,Retail,Immediate,In-Store, portland,2025-06-08
2065,Hannah Smith,Retail,Immediate,In-Store,Eugene,2023-02-25
2066,Ashley Patel,Retail,Immediate,In-Store,Portland,2022-10-12
2067,Ava Thomas,Retail,Immediate,In-Store,Portland,2025-05-24
2068,Michael Nelson,Retail,Immediate,In-Store, portland,2024-02-14
2069,James Garcia,Retail,Immediate,In-Store,Beaverton,2023-05-24
2070,GRACE DAVIS ,Retail,Immediate,In-Store,Lake Oswego,2024-12-29
2071,Matthew Martin,Retail,Immediate,In-Store,Beaverton,2023-02-15
2072,Christopher Smith,Retail,Immediate,In-Store,Gresham,2022-06-29
2073,Sarah Garcia,Retail,Immediate,In-Store,Hillsboro,2025-11-29
2074,Ashley Johnson,Retail,Immediate,In-Store,Portland,2025-02-27
2075,Robert Martin,Retail,Immediate,In-Store,Hillsboro,2025-10-23
2076,CHLOE WILSON ,Retail,Immediate,In-Store,Portland,2023-09-17
2077,CHLOE MARTIN ,Retail,Immediate,In-Store,Gresham,2022-10-22
2078,Robert Nguyen,Retail,Immediate,In-Store, portland,2023-09-01
2079,OLIVIA NELSON ,Retail,Immediate,In-Store,Portland,2022-11-22
2080,Grace Carter,Retail,Immediate,In-Store,Hillsboro,2025-09-02
2081,Grace Martin,Retail,Immediate,In-Store,Portland,2024-02-29
2082,Emily Lee,Retail,Immediate,In-Store,Portland,2025-06-02
2083,Joseph Kim,Retail,Immediate,In-Store,Beaverton,2023-08-26
2084,William Lee,Retail,Immediate,In-Store,Portland,2025-07-21
2085,Chloe Smith,Retail,Immediate,In-Store,Portland,2023-07-09
2086,Ella Brown,Retail,Immediate,In-Store,Eugene,2025-07-11
2087,EMILY MARTIN ,Retail,Immediate,In-Store,Portland,2023-12-08
2088,Liam Martin,Retail,Immediate,In-Store,Salem,2024-10-06
2089,Emily Garcia,Retail,Immediate,In-Store,Portland,2025-10-12
2090,Mason Williams,Retail,Immediate,In-Store,Beaverton,2024-10-01
2091,Noah Moore,Retail,Immediate,In-Store,Beaverton,2023-01-02
2092,Sophia Miller,Retail,Immediate,In-Store,Beaverton,2023-05-20
2093,HANNAH DAVIS ,Retail,Immediate,In-Store,Portland,2025-11-22
2094,Noah Moore,Retail,Immediate,In-Store,Beaverton,2025-09-23
2095,ANDREW WILSON ,Retail,Immediate,In-Store,Corvallis,2023-01-05
2096,MADISON JONES ,Retail,Immediate,In-Store,Salem,2023-10-06
2097,William Wilson,Retail,Immediate,In-Store,Portland,2025-03-21
2098,William Carter,Retail,Immediate,In-Store,Hillsboro,2023-06-11
2099,Robert Wilson,Retail,Immediate,In-Store,Beaverton,2024-10-09
2100,Ashley Miller,Retail,Immediate,In-Store,Portland,2023-01-09
2101,Noah Miller,Retail,Immediate,In-Store,Portland,2024-12-19
2102,Ava Patel,Retail,Immediate,In-Store,Portland,2024-11-11
2103,Robert Anderson,Retail,Immediate,In-Store,Portland,2024-05-26
2104,James Garcia,Retail,Immediate,In-Store,Portland,2025-09-05
2105,Christopher Anderson,Retail,Immediate,In-Store, gresham,2022-11-11
2106,Matthew Taylor,Retail,Immediate,In-Store,Eugene,2022-09-29
2107,Isabella Nelson,Retail,Immediate,In-Store,Portland,2023-12-08
2108,Mason Nguyen,Retail,Immediate,In-Store,Portland,2023-03-03
2109,Matthew Lee,Retail,Immediate,In-Store, gresham,2025-05-14
2110,Liam Moore,Retail,Immediate,In-Store,Portland,2024-10-19
2111,David Patel,Retail,Immediate,In-Store,Gresham,2024-01-01
2112,Liam Anderson,Retail,Immediate,In-Store,Portland,2025-08-19
2113,Joseph Kim,Retail,Immediate,In-Store,Hillsboro,2024-05-10
2114,Grace Smith,Retail,Immediate,In-Store,Portland,2025-12-30
2115,Matthew Kim,Retail,Immediate,In-Store,Portland,2022-05-02
2116,Mia Williams,Retail,Immediate,In-Store,Hillsboro,2022-03-13
2117,Mason Smith,Retail,Immediate,In-Store,Lake Oswego,2025-11-18
2118,DAVID GARCIA ,Retail,Immediate,In-Store,Portland,2022-05-31
2119,Andrew Lee,Retail,Immediate,In-Store,Portland,2024-11-01
2120,Hannah Davis,Retail,Immediate,In-Store,Portland,2023-06-15
2121,Daniel Garcia,Retail,Immediate,In-Store,Hillsboro,2024-10-28
2122,Robert Taylor,Retail,Immediate,In-Store,Bend,2023-09-11
2123,David Martin,Retail,Immediate,In-Store,Portland,2022-08-07
2124,Mason Martin,Retail,Immediate,In-Store,Beaverton,2022-09-24
2125,Robert Nguyen,Retail,Immediate,In-Store,Portland,2025-11-01
2126,Emily Davis,Retail,Immediate,In-Store,Beaverton,2025-03-09
2127,Mia Davis,Retail,Immediate,In-Store,Tigard,2024-08-26
2128,Emily Brown,Retail,Immediate,In-Store,Beaverton,2025-10-24
2129,LUCAS SMITH ,Retail,Immediate,In-Store,Portland,2024-01-14
2130,Mia Carter,Retail,Immediate,In-Store,Portland,2024-10-14
2131,Jessica Wilson,Retail,Immediate,In-Store,Bend,2025-06-29
2132,Mason Carter,Retail,Immediate,In-Store,Seattle,2024-02-29
2133,Michael Kim,Retail,Immediate,In-Store,Portland,2025-09-20
2134,Isabella Martin,Retail,Immediate,In-Store,Portland,2025-06-02
2135,Lucas Nelson,Retail,Immediate,In-Store,Vancouver,2024-04-21
2136,Robert Brown,Retail,Immediate,In-Store,Portland,2024-11-23
2137,Ashley Jones,Retail,Immediate,In-Store,Hillsboro,2022-01-07
2138,Mason Garcia,Retail,Immediate,In-Store,Beaverton,2025-02-17
2139,Robert Nguyen,Retail,Immediate,In-Store, beaverton,2022-09-07
2140,Michael Miller,Retail,Immediate,In-Store,Portland,2025-02-03
2141,Daniel Smith,Retail,Immediate,In-Store,Beaverton,2022-11-10
2142,ELLA BROWN ,Retail,Immediate,In-Store,Portland,2022-04-15
2143,Ethan Jones,Retail,Immediate,In-Store, beaverton,2024-01-21
2144,William Garcia,Retail,Immediate,In-Store,Lake Oswego,2022-01-18
2145,Jessica Patel,Retail,Immediate,In-Store,Bend,2023-02-24
2146,ELLA MARTIN ,Retail,Immediate,In-Store,Beaverton,2023-02-19
2147,Chloe Smith,Retail,Immediate,In-Store,Eugene,2022-03-27
2148,Lucas Martin,Retail,Immediate,In-Store,Portland,2023-09-14
2149,Matthew Wilson,Retail,Immediate,In-Store,Lake Oswego,2022-06-03
2150,Noah Williams,Retail,Immediate,In-Store,Portland,2023-02-16
2151,Ethan Patel,Retail,Immediate,In-Store,Portland,2024-11-03
2152,William Kim,Retail,Immediate,In-Store,Portland,2024-04-23
2153,GRACE KIM ,Retail,Immediate,In-Store,Portland,2022-05-08
2154,Sarah Moore,Retail,Immediate,In-Store,Portland,2023-12-19
2155,Olivia Lee,Retail,Immediate,In-Store,Salem,2022-01-21
2156,Ethan Patel,Retail,Immediate,In-Store,Eugene,2024-01-17
2157,MIA WILSON ,Retail,Immediate,In-Store,Portland,2025-08-12
2158,Ethan Davis,Retail,Immediate,In-Store, seattle,2023-10-24
2159,Ava Davis,Retail,Immediate,In-Store,Salem,2025-11-22
2160,Liam Jones,Retail,Immediate,In-Store, lake oswego,2024-08-23
2161,Mia Kim,Retail,Immediate,In-Store,Vancouver,2024-08-31
2162,Joseph Thomas,Retail,Immediate,In-Store,Lake Oswego,2023-01-26
2163,Robert Miller,Retail,Immediate,In-Store,Portland,2025-06-16
2164,David Miller,Retail,Immediate,In-Store,Portland,2023-12-23
2165,Emma Brown,Retail,Immediate,In-Store,Tigard,2022-12-06
2166,Ella Thomas,Retail,Immediate,In-Store, seattle,2025-10-20
2167,CHRISTOPHER WILSON ,Retail,Immediate,In-Store,Salem,2022-02-07
2168,James Lee,Retail,Immediate,In-Store,Portland,2022-11-15
2169,LUCAS WILSON ,Retail,Immediate,In-Store,Beaverton,2025-05-12
2170,Andrew Carter,Retail,Immediate,In-Store,Gresham,2022-05-06
2171,Ethan Williams,Retail,Immediate,In-Store,Portland,2023-06-13
2172,Isabella Jones,Retail,Immediate,In-Store,Salem,2022-09-18
2173,Noah Garcia,Retail,Immediate,In-Store, beaverton,2023-04-29
2174,Hannah Brown,Retail,Immediate,In-Store,Portland,2023-02-09
2175,Mia Williams,Retail,Immediate,In-Store,Portland,2023-08-27
2176,Mason Anderson,Retail,Immediate,In-Store,Portland,2025-08-03
2177,Noah Miller,Retail,Immediate,In-Store,Beaverton,2025-11-06
2178,James Thomas,Retail,Immediate,In-Store,Portland,2022-07-30
2179,SOPHIA KIM ,Retail,Immediate,In-Store, portland,2023-04-12
2180,Noah Patel,Retail,Immediate,In-Store,Portland,2022-03-07
2181,Emma Nelson,Retail,Immediate,In-Store,Eugene,2022-05-02
2182,Isabella Brown,Retail,Immediate,In-Store,Portland,2024-05-19
2183,Grace Patel,Retail,Immediate,In-Store,Lake Oswego,2023-10-31
2184,Mason Jones,Retail,Immediate,In-Store,Gresham,2022-12-08
2185,Ella Garcia,Retail,Immediate,In-Store,Hillsboro,2024-03-13
2186,Ava Davis,Retail,Immediate,In-Store,Salem,2025-10-23
2187,Ava Nguyen,Retail,Immediate,In-Store,Lake Oswego,2024-10-24
2188,James Thomas,Retail,Immediate,In-Store,Beaverton,2023-07-31
2189,Andrew Patel,Retail,Immediate,In-Store,Seattle,2024-11-02
2190,Robert Moore,Retail,Immediate,In-Store,Portland,2022-09-28
2191,Sophia Moore,Retail,Immediate,In-Store,Lake Oswego,2025-01-09
2192,Sarah Brown,Retail,Immediate,In-Store,Portland,2023-10-13
2193,Jessica Patel,Retail,Immediate,In-Store,Corvallis,2022-07-03
2194,James Wilson,Retail,Immediate,In-Store,Portland,2025-11-23
2195,Daniel Davis,Retail,Immediate,In-Store, corvallis,2023-10-19
2196,Robert Anderson,Retail,Immediate,In-Store,Portland,2025-03-23
2197,Matthew Taylor,Retail,Immediate,In-Store,Corvallis,2025-11-30
2198,Madison Jones,Retail,Immediate,In-Store,Beaverton,2023-03-30
2199,Robert Moore,Retail,Immediate,In-Store, portland,2024-04-23
2200,Sophia Kim,Retail,Immediate,In-Store,Lake Oswego,2022-11-06
2201,Joseph Thomas,Retail,Immediate,In-Store,Portland,2023-11-08
2202,WILLIAM MILLER ,Retail,Immediate,In-Store,Portland,2022-06-03
2203,Matthew Patel,Retail,Immediate,In-Store,Portland,2025-12-17
2204,James Patel,Retail,Immediate,In-Store,Portland,2025-05-02
2205,Olivia Miller,Retail,Immediate,In-Store, lake oswego,2023-10-23
2206,Mason Brown,Retail,Immediate,In-Store,Portland,2023-10-25
2207,Liam Smith,Retail,Immediate,In-Store,Hillsboro,2024-11-26
2208,Emma Smith,Retail,Immediate,In-Store,Portland,2025-10-23
2209,Grace Brown,Retail,Immediate,In-Store,Beaverton,2024-05-27
2210,Sophia Garcia,Retail,Immediate,In-Store,Portland,2025-08-18
2211,Mia Brown,Retail,Immediate,In-Store,Portland,2024-11-29
2212,Liam Nelson,Retail,Immediate,In-Store,Beaverton,2025-03-11
2213,Emily Jones,Retail,Immediate,In-Store,Gresham,2023-08-04
2214,Sarah Davis,Retail,Immediate,In-Store,Beaverton,2025-09-19
2215,Noah Patel,Retail,Immediate,In-Store,Lake Oswego,2022-10-13
2216,Michael Davis,Retail,Immediate,In-Store,Portland,2025-02-11
2217,ETHAN JONES ,Retail,Immediate,In-Store, portland,2024-06-08
2218,Ava Moore,Retail,Immediate,In-Store,Bend,2022-01-25
2219,Lucas Brown,Retail,Immediate,In-Store,Portland,2025-04-19
2220,MICHAEL WILSON ,Retail,Immediate,In-Store,Beaverton,2022-04-30
2221,Michael Wilson,Retail,Immediate,In-Store,Portland,2025-01-29
2222,WILLIAM GARCIA ,Retail,Immediate,In-Store,Portland,2023-05-18
2223,Christopher Martin,Retail,Immediate,In-Store,Beaverton,2023-05-09
2224,Hannah Thomas,Retail,Immediate,In-Store,Portland,2025-12-06
2225,Daniel Williams,Retail,Immediate,In-Store,Portland,2025-04-22
2226,ISABELLA TAYLOR ,Retail,Immediate,In-Store,Portland,2024-09-28
2227,Isabella Taylor,Retail,Immediate,In-Store,Beaverton,2025-07-17
2228,Andrew Carter,Retail,Immediate,In-Store,Seattle,2024-07-12
2229,Daniel Nguyen,Retail,Immediate,In-Store,Portland,2022-12-19
2230,Ethan Davis,Retail,Immediate,In-Store, beaverton,2022-10-15
2231,Daniel Miller,Retail,Immediate,In-Store,Portland,2022-11-21
2232,Jessica Martin,Retail,Immediate,In-Store,Hillsboro,2024-03-16
2233,Ella Patel,Retail,Immediate,In-Store,Portland,2022-10-23
2234,Grace Carter,Retail,Immediate,In-Store, hillsboro,2022-12-08
2235,Isabella Brown,Retail,Immediate,In-Store,Portland,2024-02-28
2236,Ella Patel,Retail,Immediate,In-Store,Beaverton,2022-12-17
2237,Isabella Lee,Retail,Immediate,In-Store,Portland,2024-02-28
2238,Grace Garcia,Retail,Immediate,In-Store,Salem,2025-07-24
2239,Olivia Jones,Retail,Immediate,In-Store,Portland,2022-02-19
2240,David Nelson,Retail,Immediate,In-Store,Portland,2024-09-03
2241,JESSICA ANDERSON ,Retail,Immediate,In-Store,Eugene,2024-06-30
2242,Joseph Martin,Retail,Immediate,In-Store,Vancouver,2022-03-08
2243,DAVID MOORE ,Retail,Immediate,In-Store,Bend,2025-09-12
2244,William Taylor,Retail,Immediate,In-Store,Beaverton,2025-02-09
2245,Daniel Anderson,Retail,Immediate,In-Store,Portland,2023-10-17
2246,Andrew Smith,Retail,Immediate,In-Store,Corvallis,2025-05-23
2247,Matthew Lee,Retail,Immediate,In-Store,Portland,2024-05-16
2248,Ella Davis,Retail,Immediate,In-Store,Portland,2024-09-08
2249,EMILY KIM ,Retail,Immediate,In-Store,Tigard,2024-07-20
2250,Noah Wilson,Retail,Immediate,In-Store,Corvallis,2025-01-08
2251,Ethan Kim,Retail,Immediate,In-Store,Portland,2024-06-06
2252,Robert Johnson,Retail,Immediate,In-Store,Vancouver,2022-08-28
2253,Isabella Williams,Retail,Immediate,In-Store,Eugene,2023-08-29
2254,Mia Miller,Retail,Immediate,In-Store,Salem,2023-05-10
2255,Andrew Williams,Retail,Immediate,In-Store,Portland,2025-09-07
2256,Jessica Williams,Retail,Immediate,In-Store,Hillsboro,2022-08-17
2257,William Smith,Retail,Immediate,In-Store,Hillsboro,2025-10-19
2258,William Jones,Retail,Immediate,In-Store,Portland,2024-06-14
2259,Ava Miller,Retail,Immediate,In-Store,Seattle,2024-06-07
2260,James Williams,Retail,Immediate,In-Store,Bend,2023-04-16
2261,Olivia Thomas,Retail,Immediate,In-Store,Portland,2024-09-03
2262,Chloe Johnson,Retail,Immediate,In-Store,Tigard,2022-09-16
2263,ELLA GARCIA ,Retail,Immediate,In-Store,Lake Oswego,2023-06-17
2264,Emily Brown,Retail,Immediate,In-Store,Portland,2025-02-27
2265,Robert Anderson,Retail,Immediate,In-Store,Portland,2023-07-26
2266,OLIVIA DAVIS ,Retail,Immediate,In-Store,Portland,2025-03-21
2267,NOAH MOORE ,Retail,Immediate,In-Store,Hillsboro,2025-05-02
2268,LIAM JONES ,Retail,Immediate,In-Store,Salem,2024-05-31
2269,Matthew Martin,Retail,Immediate,In-Store,Beaverton,2025-01-14
2270,Olivia Davis,Retail,Immediate,In-Store,Portland,2024-12-31
2271,Lucas Wilson,Retail,Immediate,In-Store, hillsboro,2025-10-04
2272,ISABELLA CARTER ,Retail,Immediate,In-Store, lake oswego,2025-12-01
2273,Joseph Martin,Retail,Immediate,In-Store,Portland,2024-12-04
2274,Grace Anderson,Retail,Immediate,In-Store,Portland,2023-04-15
2275,Ella Lee,Retail,Immediate,In-Store,Portland,2024-11-26
2276,Hannah Davis,Retail,Immediate,In-Store,Portland,2025-06-02
2277,Liam Nguyen,Retail,Immediate,In-Store,Portland,2025-09-14
2278,Olivia Anderson,Retail,Immediate,In-Store,Beaverton,2023-10-02
2279,Sarah Williams,Retail,Immediate,In-Store,Portland,2024-01-07
2280,HANNAH BROWN ,Retail,Immediate,In-Store,Portland,2023-07-23
2281,Ava Johnson,Retail,Immediate,In-Store, portland,2023-05-26
2282,Ella Lee,Retail,Immediate,In-Store,Lake Oswego,2022-06-09
2283,Ashley Lee,Retail,Immediate,In-Store,Hillsboro,2022-01-13
2284,MASON WILSON ,Retail,Immediate,In-Store,Hillsboro,2022-03-08
2285,Christopher Nelson,Retail,Immediate,In-Store, portland,2022-01-04
2286,ELLA LEE ,Retail,Immediate,In-Store,Portland,2025-10-04
2287,Daniel Thomas,Retail,Immediate,In-Store,Salem,2023-11-09
2288,Lucas Williams,Retail,Immediate,In-Store,Hillsboro,2023-09-05
2289,ETHAN MOORE ,Retail,Immediate,In-Store, corvallis,2023-06-26
2290,Lucas Patel,Retail,Immediate,In-Store,Portland,2023-04-18
2291,James Brown,Retail,Immediate,In-Store,Portland,2023-03-27
2292,Olivia Taylor,Retail,Immediate,In-Store,Bend,2022-05-17
2293,Chloe Lee,Retail,Immediate,In-Store, portland,2023-03-23
2294,ELLA SMITH ,Retail,Immediate,In-Store,Portland,2025-09-22
2295,Michael Nguyen,Retail,Immediate,In-Store,Vancouver,2025-10-03
2296,Liam Jones,Retail,Immediate,In-Store,Hillsboro,2022-01-19
2297,Isabella Martin,Retail,Immediate,In-Store,Portland,2025-03-16
2298,Christopher Brown,Retail,Immediate,In-Store,Beaverton,2025-11-03
2299,Robert Lee,Retail,Immediate,In-Store,Portland,2024-05-04
2300,Christopher Martin,Retail,Immediate,In-Store,Eugene,2023-06-25
2301,David Johnson,Retail,Immediate,In-Store,Gresham,2023-08-08
2302,Emma Brown,Retail,Immediate,In-Store,Beaverton,2023-05-04
2303,Ethan Nelson,Retail,Immediate,In-Store,Eugene,2023-06-03
2304,Daniel Taylor,Retail,Immediate,In-Store,Beaverton,2024-12-21
2305,WILLIAM BROWN ,Retail,Immediate,In-Store,Portland,2022-02-03
2306,Noah Nelson,Retail,Immediate,In-Store,Seattle,2024-12-02
2307,Lucas Lee,Retail,Immediate,In-Store, portland,2022-10-19
2308,HANNAH NGUYEN ,Retail,Immediate,In-Store,Hillsboro,2025-05-02
2309,David Wilson,Retail,Immediate,In-Store,Portland,2025-08-01
2310,Lucas Brown,Retail,Immediate,In-Store,Bend,2023-12-30
2311,Emma Wilson,Retail,Immediate,In-Store,Beaverton,2023-06-29
2312,Chloe Carter,Retail,Immediate,In-Store,Portland,2023-03-25
2313,Liam Taylor,Retail,Immediate,In-Store,Portland,2023-05-04
2314,Andrew Wilson,Retail,Immediate,In-Store,Portland,2023-02-03
2315,Daniel Patel,Retail,Immediate,In-Store,Beaverton,2023-08-16
2316,Sophia Thomas,Retail,Immediate,In-Store,Gresham,2022-10-08
2317,Grace Wilson,Retail,Immediate,In-Store,Portland,2023-08-21
2318,Hannah Anderson,Retail,Immediate,In-Store,Beaverton,2023-01-26
2319,David Kim,Retail,Immediate,In-Store,Portland,2023-04-02
2320,Emily Davis,Retail,Immediate,In-Store, corvallis,2023-04-01
2321,Isabella Thomas,Retail,Immediate,In-Store,Beaverton,2023-09-20
2322,ROBERT MARTIN ,Retail,Immediate,In-Store,Portland,2023-06-17
2323,Ashley Johnson,Retail,Immediate,In-Store,Portland,2024-10-21
2324,James Taylor,Retail,Immediate,In-Store, portland,2024-11-18
2325,Liam Patel,Retail,Immediate,In-Store,Salem,2025-12-06
2326,Jessica Taylor,Retail,Immediate,In-Store,Portland,2024-09-17
2327,Isabella Taylor,Retail,Immediate,In-Store, lake oswego,2025-05-03
2328,Ella Kim,Retail,Immediate,In-Store,Portland,2023-03-14
2329,Noah Patel,Retail,Immediate,In-Store,Hillsboro,2025-07-09
2330,Mia Martin,Retail,Immediate,In-Store,Portland,2023-06-09
2331,Hannah Moore,Retail,Immediate,In-Store,Portland,2023-03-07
2332,Christopher Kim,Retail,Immediate,In-Store,Lake Oswego,2025-09-15
2333,Grace Brown,Retail,Immediate,In-Store,Portland,2023-05-03
2334,DANIEL GARCIA ,Retail,Immediate,In-Store,Vancouver,2024-02-09
2335,Hannah Martin,Retail,Immediate,In-Store,Portland,2025-11-13
2336,ANDREW THOMAS ,Retail,Immediate,In-Store,Salem,2024-03-30
2337,Matthew Thomas,Retail,Immediate,In-Store,Beaverton,2025-11-09
2338,Joseph Smith,Retail,Immediate,In-Store,Portland,2023-10-23
2339,Chloe Wilson,Retail,Immediate,In-Store,Salem,2024-07-31
2340,Hannah Nguyen,Retail,Immediate,In-Store,Portland,2023-08-06
2341,Mason Wilson,Retail,Immediate,In-Store,Portland,2025-10-01
2342,Noah Nguyen,Retail,Immediate,In-Store,Portland,2022-01-14
2343,Andrew Anderson,Retail,Immediate,In-Store,Vancouver,2023-08-27
2344,MASON SMITH ,Retail,Immediate,In-Store,Portland,2024-06-27
2345,Ethan Garcia,Retail,Immediate,In-Store,Salem,2022-06-11
2346,Ella Nelson,Retail,Immediate,In-Store,Portland,2025-11-14
2347,William Garcia,Retail,Immediate,In-Store,Portland,2025-11-24
2348,Olivia Johnson,Retail,Immediate,In-Store,Tigard,2023-03-13
2349,Chloe Taylor,Retail,Immediate,In-Store,Beaverton,2024-08-16
2350,Michael Nelson,Retail,Immediate,In-Store,Hillsboro,2024-03-20
2351,Hannah Davis,Retail,Immediate,In-Store,Hillsboro,2025-05-17
2352,Isabella Taylor,Retail,Immediate,In-Store,Portland,2022-03-11
2353,Olivia Martin,Retail,Immediate,In-Store,Portland,2024-02-03
2354,Andrew Wilson,Retail,Immediate,In-Store,Eugene,2025-03-29
2355,Jessica Nguyen,Retail,Immediate,In-Store, portland,2022-02-07
2356,Sarah Jones,Retail,Immediate,In-Store,Salem,2023-10-29
2357,Ashley Johnson,Retail,Immediate,In-Store,Eugene,2023-02-14
2358,DAVID SMITH ,Retail,Immediate,In-Store,Portland,2024-04-19
2359,Lucas Nguyen,Retail,Immediate,In-Store,Salem,2024-03-15
2360,Ethan Kim,Retail,Immediate,In-Store,Lake Oswego,2025-01-29
2361,Michael Garcia,Retail,Immediate,In-Store,Gresham,2025-03-13
2362,Emily Jones,Retail,Immediate,In-Store,Lake Oswego,2025-08-04
2363,Jessica Smith,Retail,Immediate,In-Store,Beaverton,2025-07-20
2364,Madison Taylor,Retail,Immediate,In-Store,Portland,2022-07-29
2365,Ava Smith,Retail,Immediate,In-Store,Portland,2024-03-24
2366,Ava Smith,Retail,Immediate,In-Store,Salem,2025-03-05
2367,WILLIAM PATEL ,Retail,Immediate,In-Store,Hillsboro,2024-05-24
2368,Emily Garcia,Retail,Immediate,In-Store,Beaverton,2024-05-28
2369,Matthew Jones,Retail,Immediate,In-Store,Vancouver,2025-10-14
2370,Andrew Garcia,Retail,Immediate,In-Store,Portland,2025-02-12
2371,Olivia Garcia,Retail,Immediate,In-Store,Portland,2025-11-03
2372,James Thomas,Retail,Immediate,In-Store,Bend,2022-12-04
2373,William Carter,Retail,Immediate,In-Store,Portland,2024-03-15
2374,EMMA MOORE ,Retail,Immediate,In-Store,Portland,2024-12-11
2375,Ella Anderson,Retail,Immediate,In-Store,Portland,2023-08-30
2376,Michael Kim,Retail,Immediate,In-Store,Eugene,2022-12-28
2377,ETHAN CARTER ,Retail,Immediate,In-Store, portland,2024-12-30
2378,Isabella Moore,Retail,Immediate,In-Store,Portland,2025-08-26
2379,Joseph Carter,Retail,Immediate,In-Store,Gresham,2025-09-24
2380,Hannah Jones,Retail,Immediate,In-Store,Portland,2022-12-30
2381,MIA LEE ,Retail,Immediate,In-Store,Portland,2022-06-13
2382,ROBERT BROWN ,Retail,Immediate,In-Store,Portland,2023-02-24
2383,ANDREW CARTER ,Retail,Immediate,In-Store,Portland,2025-11-24
2384,Olivia Taylor,Retail,Immediate,In-Store,Gresham,2025-08-17
2385,Sophia Nelson,Retail,Immediate,In-Store,Hillsboro,2024-12-22
2386,Emily Moore,Retail,Immediate,In-Store,Hillsboro,2023-01-08
2387,Mason Thomas,Retail,Immediate,In-Store,Salem,2024-11-03
2388,LUCAS WILLIAMS ,Retail,Immediate,In-Store,Hillsboro,2025-06-30
2389,Liam Anderson,Retail,Immediate,In-Store,Seattle,2023-03-15
2390,Chloe Miller,Retail,Immediate,In-Store,Portland,2025-10-26
2391,Chloe Brown,Retail,Immediate,In-Store,Portland,2022-12-27
2392,Ashley Davis,Retail,Immediate,In-Store, seattle,2025-09-02
2393,Ashley Kim,Retail,Immediate,In-Store,Salem,2024-10-11
2394,Emily Moore,Retail,Immediate,In-Store,Lake Oswego,2025-10-17
2395,Lucas Taylor,Retail,Immediate,In-Store,Tigard,2023-08-08
2396,Daniel Taylor,Retail,Immediate,In-Store,Portland,2024-07-16
2397,Matthew Garcia,Retail,Immediate,In-Store,Portland,2024-06-27
2398,Ashley Thomas,Retail,Immediate,In-Store,Portland,2023-03-26
2399,Sophia Miller,Retail,Immediate,In-Store,Vancouver,2022-01-03
2400,ISABELLA DAVIS ,Retail,Immediate,In-Store,Portland,2022-12-12
2401,Ashley Thomas,Retail,Immediate,In-Store,Beaverton,2023-12-12
2402,JAMES TAYLOR ,Retail,Immediate,In-Store,Portland,2023-07-17
2403,CHLOE DAVIS ,Retail,Immediate,In-Store,Portland,2023-10-29
2404,Andrew Nguyen,Retail,Immediate,In-Store,Hillsboro,2025-04-28
2405,HANNAH MARTIN ,Retail,Immediate,In-Store,Portland,2023-09-16
2406,Grace Taylor,Retail,Immediate,In-Store,Portland,2022-10-22
2407,Christopher Davis,Retail,Immediate,In-Store,Hillsboro,2025-12-14
2408,Hannah Wilson,Retail,Immediate,In-Store,Portland,2022-02-20
2409,Liam Martin,Retail,Immediate,In-Store,Portland,2023-01-16
2410,Matthew Brown,Retail,Immediate,In-Store,Gresham,2024-10-24
2411,Hannah Patel,Retail,Immediate,In-Store,Portland,2022-04-12
2412,MIA MOORE ,Retail,Immediate,In-Store,Beaverton,2023-07-15
2413,Ethan Kim,Retail,Immediate,In-Store,Gresham,2022-09-18
2414,Robert Nelson,Retail,Immediate,In-Store,Beaverton,2022-07-09
2415,Joseph Moore,Retail,Immediate,In-Store,Portland,2024-09-19
2416,Lucas Smith,Retail,Immediate,In-Store,Portland,2024-06-25
2417,Ava Garcia,Retail,Immediate,In-Store,Vancouver,2023-08-24
2418,Matthew Taylor,Retail,Immediate,In-Store,Portland,2023-07-08
2419,James Nelson,Retail,Immediate,In-Store, portland,2024-07-19
2420,Robert Anderson,Retail,Immediate,In-Store,Portland,2024-12-23
2421,Sarah Smith,Retail,Immediate,In-Store,Portland,2024-02-24
2422,David Garcia,Retail,Immediate,In-Store,Corvallis,2022-11-15
2423,Michael Brown,Retail,Immediate,In-Store,Portland,2023-04-12
2424,Ella Davis,Retail,Immediate,In-Store, hillsboro,2022-07-10
2425,Matthew Wilson,Retail,Immediate,In-Store,Hillsboro,2023-11-04
2426,Andrew Miller,Retail,Immediate,In-Store,Lake Oswego,2025-06-17
2427,Ella Wilson,Retail,Immediate,In-Store, portland,2022-06-24
2428,Andrew Jones,Retail,Immediate,In-Store,Portland,2024-08-19
2429,Emma Smith,Retail,Immediate,In-Store,Portland,2024-04-03
2430,Andrew Garcia,Retail,Immediate,In-Store,Portland,2025-09-12
2431,Ella Miller,Retail,Immediate,In-Store,Portland,2025-09-11
2432,EMMA MARTIN ,Retail,Immediate,In-Store,Portland,2023-12-23
2433,ETHAN GARCIA ,Retail,Immediate,In-Store,Seattle,2024-05-22
2434,Robert Johnson,Retail,Immediate,In-Store,Portland,2024-06-04
2435,Ella Anderson,Retail,Immediate,In-Store,Portland,2022-09-24
2436,Emma Lee,Retail,Immediate,In-Store,Salem,2022-11-30
2437,Ethan Kim,Retail,Immediate,In-Store,Hillsboro,2025-02-08
2438,Joseph Williams,Retail,Immediate,In-Store,Beaverton,2024-06-22
2439,MASON MILLER ,Retail,Immediate,In-Store,Portland,2025-06-18
2440,LIAM WILLIAMS ,Retail,Immediate,In-Store,Salem,2025-01-31
2441,MATTHEW BROWN ,Retail,Immediate,In-Store,Eugene,2022-02-16
2442,Mason Taylor,Retail,Immediate,In-Store,Portland,2022-10-08
2443,James Martin,Retail,Immediate,In-Store,Salem,2022-02-21
2444,Isabella Anderson,Retail,Immediate,In-Store, portland,2023-11-13
2445,Emily Taylor,Retail,Immediate,In-Store,Portland,2022-08-30
2446,Jessica Garcia,Retail,Immediate,In-Store,Portland,2023-12-28
2447,Daniel Martin,Retail,Immediate,In-Store,Portland,2023-05-18
2448,William Wilson,Retail,Immediate,In-Store,Portland,2024-04-05
2449,Michael Moore,Retail,Immediate,In-Store, portland,2022-02-21
2450,Madison Lee,Retail,Immediate,In-Store,Portland,2023-07-21
2451,Mason Johnson,Retail,Immediate,In-Store,Portland,2024-11-11
2452,Ethan Smith,Retail,Immediate,In-Store, portland,2024-05-03
2453,MICHAEL JOHNSON ,Retail,Immediate,In-Store,Portland,2024-02-16
2454,Ashley Kim,Retail,Immediate,In-Store,Portland,2025-05-10
2455,Noah Garcia,Retail,Immediate,In-Store,Portland,2025-01-01
2456,Ashley Nelson,Retail,Immediate,In-Store,Corvallis,2024-09-13
2457,Emily Williams,Retail,Immediate,In-Store,Portland,2022-07-03
2458,David Jones,Retail,Immediate,In-Store, portland,2024-05-13
2459,Sarah Lee,Retail,Immediate,In-Store,Salem,2023-12-03
2460,Robert Garcia,Retail,Immediate,In-Store,Portland,2025-01-05
2461,EMILY SMITH ,Retail,Immediate,In-Store,Beaverton,2025-02-20
2462,JESSICA SMITH ,Retail,Immediate,In-Store,Hillsboro,2024-09-02
2463,Joseph Lee,Retail,Immediate,In-Store, beaverton,2024-11-24
2464,Noah Wilson,Retail,Immediate,In-Store,Hillsboro,2025-02-12
2465,Grace Smith,Retail,Immediate,In-Store,Portland,2025-02-11
2466,Olivia Lee,Retail,Immediate,In-Store,Portland,2025-03-19
2467,MASON JONES ,Retail,Immediate,In-Store,Portland,2025-04-26
2468,Chloe Jones,Retail,Immediate,In-Store,Portland,2023-12-20
2469,William Brown,Retail,Immediate,In-Store,Portland,2023-07-28
2470,AVA THOMAS ,Retail,Immediate,In-Store,Portland,2025-04-04
2471,Christopher Brown,Retail,Immediate,In-Store,Portland,2024-08-30
2472,Liam Wilson,Retail,Immediate,In-Store,Salem,2025-09-04
2473,Ella Williams,Retail,Immediate,In-Store,Portland,2024-04-05
2474,Mia Williams,Retail,Immediate,In-Store,Tigard,2024-03-23
2475,ETHAN ANDERSON ,Retail,Immediate,In-Store,Hillsboro,2025-01-04
2476,Michael Brown,Retail,Immediate,In-Store,Portland,2022-08-11
2477,Mason Miller,Retail,Immediate,In-Store,Portland,2025-06-19
2478,Christopher Thomas,Retail,Immediate,In-Store,Portland,2024-04-14
2479,Mia Williams,Retail,Immediate,In-Store, gresham,2023-01-04
2480,William Jones,Retail,Immediate,In-Store,Beaverton,2022-05-01
2481,Hannah Wilson,Retail,Immediate,In-Store,Eugene,2023-04-25
2482,Lucas Patel,Retail,Immediate,In-Store,Vancouver,2022-09-15
2483,ANDREW THOMAS ,Retail,Immediate,In-Store,Beaverton,2024-12-23
2484,Sarah Thomas,Retail,Immediate,In-Store,Portland,2024-05-05
2485,Madison Miller,Retail,Immediate,In-Store,Portland,2022-07-18
2486,William Brown,Retail,Immediate,In-Store,Portland,2024-12-15
2487,David Carter,Retail,Immediate,In-Store,Salem,2022-11-07
2488,Daniel Taylor,Retail,Immediate,In-Store,Portland,2022-02-07
2489,Mason Garcia,Retail,Immediate,In-Store,Seattle,2025-08-21
2490,Ella Kim,Retail,Immediate,In-Store, corvallis,2023-05-21
2491,Isabella Smith,Retail,Immediate,In-Store, lake oswego,2025-11-07
2492,Emily Miller,Retail,Immediate,In-Store,Vancouver,2024-03-12
2493,Mason Jones,Retail,Immediate,In-Store,Seattle,2025-02-07
2494,Michael Davis,Retail,Immediate,In-Store, portland,2025-01-13
2495,Hannah Nguyen,Retail,Immediate,In-Store, seattle,2024-12-13
2496,ISABELLA PATEL ,Retail,Immediate,In-Store,Gresham,2024-02-02
2497,Mia Taylor,Retail,Immediate,In-Store,Tigard,2022-09-18
2498,JAMES JOHNSON ,Retail,Immediate,In-Store,Beaverton,2024-03-12
2499,Robert Thomas,Retail,Immediate,In-Store,Portland,2024-04-09
2500,Emily Johnson,Retail,Immediate,In-Store,Hillsboro,2023-02-15
2501,Noah Nelson,Retail,Immediate,In-Store,Hillsboro,2022-09-12
2502,James Brown,Retail,Immediate,In-Store,Portland,2023-06-04
2503,William Patel,Retail,Immediate,In-Store,Salem,2024-05-25
2504,James Thomas,Retail,Immediate,In-Store,Eugene,2022-11-21
2505,Isabella Nguyen,Retail,Immediate,In-Store,Corvallis,2025-03-10
2506,Christopher Davis,Retail,Immediate,In-Store, portland,2023-01-09
2507,William Lee,Retail,Immediate,In-Store, portland,2024-05-22
2508,Madison Brown,Retail,Immediate,In-Store,Seattle,2022-01-18
2509,MIA CARTER ,Retail,Immediate,In-Store,Portland,2023-01-05
2510,Sophia Jones,Retail,Immediate,In-Store,Portland,2025-11-14
2511,GRACE WILSON ,Retail,Immediate,In-Store,Portland,2024-05-20
2512,Olivia Anderson,Retail,Immediate,In-Store, portland,2025-05-12
2513,Jessica Anderson,Retail,Immediate,In-Store,Hillsboro,2023-08-13
2514,LIAM TAYLOR ,Retail,Immediate,In-Store, seattle,2023-02-20
2515,JAMES SMITH ,Retail,Immediate,In-Store,Portland,2025-02-04
2516,LUCAS MILLER ,Retail,Immediate,In-Store,Seattle,2022-03-12
2517,ETHAN MOORE ,Retail,Immediate,In-Store,Portland,2022-09-09
2518,William Lee,Retail,Immediate,In-Store,Lake Oswego,2025-03-17
2519,Hannah Williams,Retail,Immediate,In-Store,Portland,2022-02-06
2520,Mason Brown,Retail,Immediate,In-Store, portland,2023-01-24
2521,Isabella Kim,Retail,Immediate,In-Store,Portland,2025-02-09
2522,Christopher Nguyen,Retail,Immediate,In-Store,Gresham,2024-10-25
2523,Liam Jones,Retail,Immediate,In-Store,Portland,2022-12-24
2524,Olivia Williams,Retail,Immediate,In-Store,Portland,2024-04-01
2525,Andrew Carter,Retail,Immediate,In-Store,Portland,2023-04-12
2526,Robert Brown,Retail,Immediate,In-Store,Bend,2022-09-15
2527,MASON MARTIN ,Retail,Immediate,In-Store,Lake Oswego,2023-05-19
2528,Noah Jones,Retail,Immediate,In-Store,Portland,2022-04-27
2529,Lucas Patel,Retail,Immediate,In-Store,Portland,2023-10-10
2530,Grace Davis,Retail,Immediate,In-Store,Portland,2023-01-26
2531,Madison Lee,Retail,Immediate,In-Store,Portland,2023-08-16
2532,Ella Garcia,Retail,Immediate,In-Store,Portland,2025-10-10
2533,Daniel Brown,Retail,Immediate,In-Store,Gresham,2025-06-21
2534,Emma Wilson,Retail,Immediate,In-Store,Gresham,2023-02-08
2535,James Johnson,Retail,Immediate,In-Store,Portland,2023-05-19
2536,Madison Anderson,Retail,Immediate,In-Store,Gresham,2024-11-22
2537,Mia Kim,Retail,Immediate,In-Store,Portland,2023-07-10
2538,CHLOE MOORE ,Retail,Immediate,In-Store,Portland,2022-01-22
2539,William Taylor,Retail,Immediate,In-Store,Eugene,2025-11-05
2540,Emma Carter,Retail,Immediate,In-Store,Portland,2025-06-13
2541,James Thomas,Retail,Immediate,In-Store,Lake Oswego,2023-10-01
2542,Hannah Williams,Retail,Immediate,In-Store,Portland,2023-03-21
2543,Robert Garcia,Retail,Immediate,In-Store,Salem,2025-01-22
2544,Emma Martin,Retail,Immediate,In-Store,Portland,2025-08-14
2545,Noah Davis,Retail,Immediate,In-Store,Portland,2023-10-18
2546,DANIEL GARCIA ,Retail,Immediate,In-Store,Portland,2023-11-28
2547,Andrew Brown,Retail,Immediate,In-Store,Portland,2025-11-17
2548,Noah Davis,Retail,Immediate,In-Store,Hillsboro,2025-01-30
2549,HANNAH THOMAS ,Retail,Immediate,In-Store,Beaverton,2022-01-04
2550,Jessica Jones,Retail,Immediate,In-Store,Portland,2023-02-02
2551,Noah Anderson,Retail,Immediate,In-Store, portland,2024-03-25
2552,WILLIAM BROWN ,Retail,Immediate,In-Store,Portland,2023-09-02
2553,Andrew Lee,Retail,Immediate,In-Store,Portland,2025-08-26
2554,EMMA PATEL ,Retail,Immediate,In-Store,Portland,2025-11-09
2555,Lucas Kim,Retail,Immediate,In-Store,Portland,2022-03-24
2556,Liam Johnson,Retail,Immediate,In-Store,Portland,2022-10-08
2557,Ava Lee,Retail,Immediate,In-Store,Beaverton,2024-11-13
2558,Mason Taylor,Retail,Immediate,In-Store, beaverton,2023-04-20
2559,Hannah Nelson,Retail,Immediate,In-Store,Beaverton,2025-04-22
2560,ELLA LEE ,Retail,Immediate,In-Store, portland,2025-08-16
2561,Ella Johnson,Retail,Immediate,In-Store,Portland,2022-02-16
2562,William Patel,Retail,Immediate,In-Store,Portland,2025-04-26
2563,William Nguyen,Retail,Immediate,In-Store,Portland,2023-06-18
2564,Lucas Nelson,Retail,Immediate,In-Store,Eugene,2023-03-05
2565,ASHLEY WILLIAMS ,Retail,Immediate,In-Store,Hillsboro,2025-11-22
2566,Noah Patel,Retail,Immediate,In-Store,Portland,2022-02-24
2567,Emma Anderson,Retail,Immediate,In-Store, portland,2022-02-13
2568,Mason Lee,Retail,Immediate,In-Store,Portland,2025-06-25
2569,Sophia Patel,Retail,Immediate,In-Store,Portland,2024-10-13
2570,Ethan Wilson,Retail,Immediate,In-Store,Hillsboro,2022-04-19
2571,Chloe Johnson,Retail,Immediate,In-Store,Corvallis,2023-03-14
2572,William Kim,Retail,Immediate,In-Store, hillsboro,2022-05-12
2573,Sarah Moore,Retail,Immediate,In-Store,Eugene,2024-11-04
2574,Olivia Miller,Retail,Immediate,In-Store,Corvallis,2024-06-07
2575,Ava Wilson,Retail,Immediate,In-Store, gresham,2023-12-11
2576,Daniel Taylor,Retail,Immediate,In-Store,Salem,2022-02-13
2577,Lucas Nelson,Retail,Immediate,In-Store,Portland,2022-02-03
2578,Emily Miller,Retail,Immediate,In-Store,Bend,2023-11-06
2579,Sarah Johnson,Retail,Immediate,In-Store,Portland,2025-07-20
2580,Robert Garcia,Retail,Immediate,In-Store,Bend,2023-04-26
2581,SOPHIA PATEL ,Retail,Immediate,In-Store,Portland,2023-06-11
2582,Ava Williams,Retail,Immediate,In-Store,Portland,2024-10-30
2583,Emily Lee,Retail,Immediate,In-Store,Portland,2024-06-06
2584,James Johnson,Retail,Immediate,In-Store,Portland,2022-05-11
2585,JESSICA ANDERSON ,Retail,Immediate,In-Store,Portland,2025-12-20
2586,Emma Johnson,Retail,Immediate,In-Store,Beaverton,2022-01-31
2587,Ava Taylor,Retail,Immediate,In-Store, eugene,2025-02-23
2588,Sarah Nelson,Retail,Immediate,In-Store, beaverton,2022-10-25
2589,Ella Brown,Retail,Immediate,In-Store,Eugene,2022-02-18
2590,AVA PATEL ,Retail,Immediate,In-Store,Bend,2023-12-20
2591,Emma Brown,Retail,Immediate,In-Store, portland,2025-02-24
2592,Sarah Moore,Retail,Immediate,In-Store, portland,2023-04-28
2593,ISABELLA LEE ,Retail,Immediate,In-Store,Portland,2024-09-13
2594,Hannah Jones,Retail,Immediate,In-Store,Portland,2024-09-18
2595,Hannah Williams,Retail,Immediate,In-Store,Gresham,2024-09-15
2596,Sophia Williams,Retail,Immediate,In-Store,Eugene,2023-09-25
2597,Ethan Lee,Retail,Immediate,In-Store,Portland,2022-02-14
2598,Mason Anderson,Retail,Immediate,In-Store,Portland,2025-05-31
2599,David Patel,Retail,Immediate,In-Store,Portland,2022-10-30
2600,James Johnson,Retail,Immediate,In-Store,Portland,2024-05-23
2601,Lucas Smith,Retail,Immediate,In-Store,Portland,2024-02-09
2602,Ava Martin,Retail,Immediate,In-Store,Portland,2023-07-15
2603,DAVID CARTER ,Retail,Immediate,In-Store,Portland,2022-11-22
2604,Lucas Thomas,Retail,Immediate,In-Store,Portland,2022-06-20
2605,Sarah Brown,Retail,Immediate,In-Store,Corvallis,2024-03-24
2606,Sarah Miller,Retail,Immediate,In-Store, portland,2022-09-07
2607,Emma Garcia,Retail,Immediate,In-Store, gresham,2024-11-13
2608,Mia Lee,Retail,Immediate,In-Store,Portland,2024-02-13
2609,Ashley Miller,Retail,Immediate,In-Store,Portland,2025-03-31
2610,Ethan Carter,Retail,Immediate,In-Store,Portland,2024-12-13
2611,Emma Nguyen,Retail,Immediate,In-Store,Portland,2023-11-25
2612,Jessica Kim,Retail,Immediate,In-Store, portland,2022-07-26
2613,ISABELLA CARTER ,Retail,Immediate,In-Store, vancouver,2024-06-22
2614,Madison Moore,Retail,Immediate,In-Store,Tigard,2025-02-25
2615,Chloe Carter,Retail,Immediate,In-Store,Vancouver,2023-05-25
2616,Emma Carter,Retail,Immediate,In-Store, portland,2023-06-03
2617,Madison Davis,Retail,Immediate,In-Store,Hillsboro,2023-02-16
2618,Michael Johnson,Retail,Immediate,In-Store, gresham,2022-02-12
2619,Jessica Williams,Retail,Immediate,In-Store,Portland,2024-05-08
2620,Jessica Martin,Retail,Immediate,In-Store,Portland,2025-03-29
2621,Madison Nguyen,Retail,Immediate,In-Store,Portland,2023-04-07
2622,Madison Wilson,Retail,Immediate,In-Store,Lake Oswego,2024-10-22
2623,Daniel Johnson,Retail,Immediate,In-Store,Portland,2024-09-14
2624,Ella Lee,Retail,Immediate,In-Store, portland,2023-01-31
2625,Ashley Johnson,Retail,Immediate,In-Store,Portland,2023-06-22
2626,David Miller,Retail,Immediate,In-Store,Portland,2024-10-05
2627,Olivia Brown,Retail,Immediate,In-Store,Portland,2025-11-21
2628,Michael Nelson,Retail,Immediate,In-Store, portland,2022-08-25
2629,David Garcia,Retail,Immediate,In-Store,Portland,2022-12-03
2630,MICHAEL MILLER ,Retail,Immediate,In-Store,Vancouver,2022-01-13
2631,Ethan Carter,Retail,Immediate,In-Store,Portland,2024-04-24
2632,Daniel Davis,Retail,Immediate,In-Store,Beaverton,2023-09-22
2633,David Nelson,Retail,Immediate,In-Store,Portland,2022-08-26
2634,Christopher Brown,Retail,Immediate,In-Store,Hillsboro,2023-09-01
2635,James Garcia,Retail,Immediate,In-Store,Bend,2022-08-23
2636,Mia Carter,Retail,Immediate,In-Store,Portland,2022-03-08
2637,Emma Thomas,Retail,Immediate,In-Store,Portland,2025-02-03
2638,Ashley Wilson,Retail,Immediate,In-Store,Portland,2024-06-14
2639,Jessica Lee,Retail,Immediate,In-Store,Salem,2025-12-08
2640,David Carter,Retail,Immediate,In-Store,Gresham,2025-02-09
2641,Madison Davis,Retail,Immediate,In-Store,Hillsboro,2025-01-06
2642,Madison Anderson,Retail,Immediate,In-Store,Portland,2025-10-02
2643,Olivia Moore,Retail,Immediate,In-Store,Portland,2023-01-13
2644,Daniel Williams,Retail,Immediate,In-Store,Beaverton,2023-02-14
2645,Matthew Garcia,Retail,Immediate,In-Store,Portland,2023-03-05
2646,Emma Brown,Retail,Immediate,In-Store,Tigard,2024-12-25
2647,Ashley Miller,Retail,Immediate,In-Store,Portland,2023-05-30
2648,Mason Kim,Retail,Immediate,In-Store, beaverton,2025-09-19
2649,JESSICA GARCIA ,Retail,Immediate,In-Store,Gresham,2022-12-25
2650,James Nelson,Retail,Immediate,In-Store,Portland,2024-10-22
2651,William Wilson,Retail,Immediate,In-Store,Portland,2022-06-09
2652,MASON LEE ,Retail,Immediate,In-Store,Corvallis,2025-11-10
2653,Ella Smith,Retail,Immediate,In-Store,Portland,2025-02-19
2654,William Carter,Retail,Immediate,In-Store,Portland,2022-04-20
2655,Emily Smith,Retail,Immediate,In-Store,Portland,2024-10-01
2656,Ella Kim,Retail,Immediate,In-Store, corvallis,2022-01-21
2657,Mason Nguyen,Retail,Immediate,In-Store,Portland,2025-02-16
2658,Ava Johnson,Retail,Immediate,In-Store,Salem,2025-03-11
2659,Isabella Nguyen,Retail,Immediate,In-Store,Portland,2025-08-21
2660,Matthew Miller,Retail,Immediate,In-Store,Portland,2022-11-18
2661,Ethan Williams,Retail,Immediate,In-Store,Tigard,2025-02-24
2662,James Garcia,Retail,Immediate,In-Store,Portland,2024-03-30
2663,James Nguyen,Retail,Immediate,In-Store,Portland,2023-01-05
2664,Joseph Thomas,Retail,Immediate,In-Store, portland,2025-10-19
2665,Emily Davis,Retail,Immediate,In-Store,Eugene,2024-06-30
2666,DANIEL JONES ,Retail,Immediate,In-Store,Portland,2024-05-01
2667,Noah Patel,Retail,Immediate,In-Store,Eugene,2025-02-10
2668,Joseph Jones,Retail,Immediate,In-Store,Portland,2022-10-24
2669,Ava Garcia,Retail,Immediate,In-Store,Portland,2023-07-27
2670,Jessica Carter,Retail,Immediate,In-Store,Portland,2024-12-02
2671,NOAH JONES ,Retail,Immediate,In-Store,Portland,2025-05-27
2672,Joseph Lee,Retail,Immediate,In-Store,Portland,2024-12-08
2673,Grace Anderson,Retail,Immediate,In-Store,Seattle,2025-08-18
2674,Matthew Johnson,Retail,Immediate,In-Store, salem,2025-09-15
2675,Ava Williams,Retail,Immediate,In-Store,Beaverton,2024-06-26
2676,James Smith,Retail,Immediate,In-Store,Vancouver,2022-09-19
2677,Michael Wilson,Retail,Immediate,In-Store,Bend,2023-04-04
2678,Sophia Nelson,Retail,Immediate,In-Store,Corvallis,2023-10-16
2679,Emma Johnson,Retail,Immediate,In-Store,Portland,2022-09-17
2680,JOSEPH WILLIAMS ,Retail,Immediate,In-Store,Seattle,2022-04-13
2681,Sophia Carter,Retail,Immediate,In-Store,Portland,2023-08-14
2682,Mia Wilson,Retail,Immediate,In-Store,Vancouver,2025-03-17
2683,Noah Johnson,Retail,Immediate,In-Store, portland,2022-05-01
2684,Olivia Davis,Retail,Immediate,In-Store,Portland,2024-11-29
2685,Mia Williams,Retail,Immediate,In-Store,Portland,2024-08-10
2686,CHRISTOPHER NGUYEN ,Retail,Immediate,In-Store,Portland,2022-06-05
2687,Matthew Kim,Retail,Immediate,In-Store,Portland,2024-04-12
2688,Mason Anderson,Retail,Immediate,In-Store,Vancouver,2024-04-01
2689,Ava Thomas,Retail,Immediate,In-Store,Hillsboro,2023-05-16
2690,Liam Jones,Retail,Immediate,In-Store,Beaverton,2022-06-03
2691,Matthew Nelson,Retail,Immediate,In-Store,Portland,2024-04-14
2692,Daniel Nelson,Retail,Immediate,In-Store,Seattle,2025-03-26
2693,Emily Nelson,Retail,Immediate,In-Store,Portland,2025-02-08
2694,David Lee,Retail,Immediate,In-Store, portland,2023-09-27
2695,William Miller,Retail,Immediate,In-Store, portland,2024-09-17
2696,Liam Taylor,Retail,Immediate,In-Store,Portland,2025-11-01
2697,Michael Taylor,Retail,Immediate,In-Store, beaverton,2022-03-17
2698,Michael Moore,Retail,Immediate,In-Store,Portland,2025-11-30
2699,Sarah Smith,Retail,Immediate,In-Store,Hillsboro,2024-06-14
2700,William Kim,Retail,Immediate,In-Store,Portland,2025-03-20
2701,Sophia Smith,Retail,Immediate,In-Store,Portland,2024-04-25
2702,Joseph Johnson,Retail,Immediate,In-Store,Portland,2024-05-02
2703,Grace Davis,Retail,Immediate,In-Store,Beaverton,2022-10-20
2704,James Thomas,Retail,Immediate,In-Store,Portland,2023-03-21
2705,Grace Carter,Retail,Immediate,In-Store,Portland,2024-10-17
2706,Michael Nguyen,Retail,Immediate,In-Store,Portland,2024-10-08
2707,Emily Martin,Retail,Immediate,In-Store,Hillsboro,2024-11-27
2708,Joseph Miller,Retail,Immediate,In-Store,Corvallis,2022-04-05
2709,Hannah Thomas,Retail,Immediate,In-Store,Portland,2024-06-04
2710,Liam Garcia,Retail,Immediate,In-Store,Portland,2022-02-09
2711,MADISON THOMAS ,Retail,Immediate,In-Store,Salem,2024-01-20
2712,Michael Garcia,Retail,Immediate,In-Store,Gresham,2023-08-19
2713,LUCAS NELSON ,Retail,Immediate,In-Store, salem,2025-01-22
2714,Daniel Patel,Retail,Immediate,In-Store,Portland,2022-05-25
2715,Ethan Williams,Retail,Immediate,In-Store,Beaverton,2025-11-16
2716,GRACE JONES ,Retail,Immediate,In-Store,Corvallis,2022-02-02
2717,Joseph Williams,Retail,Immediate,In-Store,Portland,2023-05-06
2718,Grace Anderson,Retail,Immediate,In-Store,Portland,2025-11-19
2719,Emma Anderson,Retail,Immediate,In-Store,Portland,2025-09-17
2720,Liam Taylor,Retail,Immediate,In-Store,Seattle,2023-05-07
2721,Lucas Jones,Retail,Immediate,In-Store,Portland,2022-12-17
2722,Emily Moore,Retail,Immediate,In-Store,Vancouver,2023-01-03
2723,Sophia Williams,Retail,Immediate,In-Store,Gresham,2022-11-05
2724,Daniel Martin,Retail,Immediate,In-Store,Beaverton,2025-06-30
2725,GRACE SMITH ,Retail,Immediate,In-Store,Hillsboro,2025-02-19
2726,Joseph Martin,Retail,Immediate,In-Store,Hillsboro,2023-09-19
2727,Olivia Martin,Retail,Immediate,In-Store,Gresham,2023-11-09
2728,Andrew Moore,Retail,Immediate,In-Store,Portland,2024-11-10
2729,David Davis,Retail,Immediate,In-Store,Hillsboro,2024-10-22
2730,HANNAH MILLER ,Retail,Immediate,In-Store,Portland,2022-03-18
2731,Matthew Moore,Retail,Immediate,In-Store,Vancouver,2025-11-06
2732,Mason Thomas,Retail,Immediate,In-Store,Portland,2023-10-09
2733,Liam Moore,Retail,Immediate,In-Store,Corvallis,2024-02-11
2734,Michael Johnson,Retail,Immediate,In-Store,Portland,2023-05-14
2735,Isabella Wilson,Retail,Immediate,In-Store, beaverton,2022-10-24
2736,Mia Nguyen,Retail,Immediate,In-Store,Portland,2022-12-21
2737,Ashley Jones,Retail,Immediate,In-Store,Eugene,2024-10-03
2738,Christopher Anderson,Retail,Immediate,In-Store,Portland,2025-01-17
2739,Isabella Moore,Retail,Immediate,In-Store,Salem,2023-10-27
2740,Joseph Thomas,Retail,Immediate,In-Store,Portland,2024-02-23
2741,LIAM GARCIA ,Retail,Immediate,In-Store, portland,2024-01-27
2742,JOSEPH THOMAS ,Retail,Immediate,In-Store,Lake Oswego,2024-02-05
2743,Noah Davis,Retail,Immediate,In-Store,Gresham,2023-03-13
2744,Sarah Garcia,Retail,Immediate,In-Store,Portland,2024-09-20
2745,Olivia Garcia,Retail,Immediate,In-Store,Portland,2022-12-28
2746,Daniel Nelson,Retail,Immediate,In-Store,Portland,2024-06-05
2747,Lucas Anderson,Retail,Immediate,In-Store,Portland,2024-09-02
2748,Michael Williams,Retail,Immediate,In-Store,Portland,2022-02-23
2749,JOSEPH NGUYEN ,Retail,Immediate,In-Store,Corvallis,2024-05-07
2750,SARAH PATEL ,Retail,Immediate,In-Store,Portland,2022-06-11
2751,Christopher Brown,Retail,Immediate,In-Store,Corvallis,2022-08-18
2752,Daniel Jones,Retail,Immediate,In-Store,Portland,2025-04-27
2753,Madison Nelson,Retail,Immediate,In-Store,Portland,2024-03-23
2754,Isabella Martin,Retail,Immediate,In-Store,Portland,2022-08-18
2755,James Nguyen,Retail,Immediate,In-Store,Portland,2022-05-01
2756,CHRISTOPHER CARTER ,Retail,Immediate,In-Store,Portland,2025-07-22
2757,Liam Moore,Retail,Immediate,In-Store,Gresham,2023-04-15
2758,Mia Carter,Retail,Immediate,In-Store,Portland,2025-10-15
2759,Ella Williams,Retail,Immediate,In-Store,Gresham,2024-07-21
2760,Ella Garcia,Retail,Immediate,In-Store,Hillsboro,2022-05-01
2761,Olivia Williams,Retail,Immediate,In-Store,Bend,2025-10-29
2762,MADISON DAVIS ,Retail,Immediate,In-Store,Lake Oswego,2022-08-10
2763,Chloe Wilson,Retail,Immediate,In-Store,Portland,2024-05-12
2764,William Brown,Retail,Immediate,In-Store,Portland,2024-06-11
2765,David Nguyen,Retail,Immediate,In-Store,Portland,2025-11-28
2766,ASHLEY MARTIN ,Retail,Immediate,In-Store,Beaverton,2024-04-30
2767,MADISON JONES ,Retail,Immediate,In-Store,Beaverton,2022-10-29
2768,Grace Moore,Retail,Immediate,In-Store,Beaverton,2024-10-07
2769,Joseph Anderson,Retail,Immediate,In-Store, portland,2024-11-22
2770,William Thomas,Retail,Immediate,In-Store,Portland,2022-07-15
2771,MATTHEW SMITH ,Retail,Immediate,In-Store,Portland,2025-03-25
2772,Olivia Nelson,Retail,Immediate,In-Store,Seattle,2023-08-17
2773,Emily Miller,Retail,Immediate,In-Store,Portland,2023-03-22
2774,Grace Nelson,Retail,Immediate,In-Store, beaverton,2025-06-04
2775,James Kim,Retail,Immediate,In-Store,Portland,2024-01-17
2776,Ava Thomas,Retail,Immediate,In-Store,Portland,2022-02-24
2777,Robert Taylor,Retail,Immediate,In-Store,Portland,2025-04-06
2778,Sarah Taylor,Retail,Immediate,In-Store,Beaverton,2023-12-29
2779,Mia Miller,Retail,Immediate,In-Store,Bend,2023-12-23
2780,Grace Davis,Retail,Immediate,In-Store,Vancouver,2023-03-08
2781,Matthew Jones,Retail,Immediate,In-Store,Portland,2024-10-30
2782,WILLIAM CARTER ,Retail,Immediate,In-Store,Tigard,2023-02-10
2783,Ashley Anderson,Retail,Immediate,In-Store,Beaverton,2024-02-05
2784,MICHAEL GARCIA ,Retail,Immediate,In-Store,Hillsboro,2025-08-02
2785,ETHAN WILSON ,Retail,Immediate,In-Store, portland,2024-02-07
2786,Mia Nelson,Retail,Immediate,In-Store, portland,2022-08-30
2787,MADISON SMITH ,Retail,Immediate,In-Store,Portland,2022-05-31
2788,Robert Smith,Retail,Immediate,In-Store,Portland,2023-02-20
2789,Hannah Brown,Retail,Immediate,In-Store,Hillsboro,2024-02-01
2790,Madison Martin,Retail,Immediate,In-Store, portland,2024-02-19
2791,Michael Anderson,Retail,Immediate,In-Store,Hillsboro,2024-07-02
2792,ELLA THOMAS ,Retail,Immediate,In-Store,Portland,2024-09-10
2793,Lucas Miller,Retail,Immediate,In-Store,Beaverton,2022-04-21
2794,HANNAH WILLIAMS ,Retail,Immediate,In-Store,Hillsboro,2023-08-05
2795,Jessica Garcia,Retail,Immediate,In-Store,Portland,2024-11-15
2796,Robert Thomas,Retail,Immediate,In-Store, portland,2022-08-19
2797,Ethan Anderson,Retail,Immediate,In-Store,Portland,2022-06-25
2798,DANIEL LEE ,Retail,Immediate,In-Store,Portland,2025-11-03
2799,Daniel Taylor,Retail,Immediate,In-Store,Eugene,2025-04-19
2800,EMILY PATEL ,Retail,Immediate,In-Store,Portland,2022-10-19
2801,Olivia Patel,Retail,Immediate,In-Store,Portland,2025-02-03
2802,LIAM LEE ,Retail,Immediate,In-Store,Portland,2022-06-02
2803,AVA GARCIA ,Retail,Immediate,In-Store,Portland,2024-07-20
2804,DANIEL ANDERSON ,Retail,Immediate,In-Store,Portland,2025-03-30
2805,Emily Martin,Retail,Immediate,In-Store,Portland,2024-11-28
2806,Joseph Taylor,Retail,Immediate,In-Store,Portland,2022-12-05
2807,Ethan Carter,Retail,Immediate,In-Store,Portland,2023-07-27
2808,Isabella Nelson,Retail,Immediate,In-Store, portland,2022-08-15
2809,Olivia Thomas,Retail,Immediate,In-Store, portland,2025-12-04
2810,Hannah Nelson,Retail,Immediate,In-Store,Hillsboro,2025-07-08
2811,Madison Wilson,Retail,Immediate,In-Store,Portland,2022-12-09
2812,William Wilson,Retail,Immediate,In-Store,Portland,2024-10-09
2813,Robert Williams,Retail,Immediate,In-Store,Gresham,2024-05-19
2814,James Brown,Retail,Immediate,In-Store,Gresham,2023-07-26
2815,Mia Patel,Retail,Immediate,In-Store,Salem,2024-12-21
2816,William Lee,Retail,Immediate,In-Store,Portland,2022-01-22
2817,Emily Garcia,Retail,Immediate,In-Store, hillsboro,2025-10-18
2818,Ella Nguyen,Retail,Immediate,In-Store,Tigard,2024-10-03
2819,Daniel Lee,Retail,Immediate,In-Store,Hillsboro,2023-04-15
2820,Andrew Smith,Retail,Immediate,In-Store,Beaverton,2024-09-05
2821,LUCAS MOORE ,Retail,Immediate,In-Store,Portland,2024-06-10
2822,Lucas Lee,Retail,Immediate,In-Store, portland,2025-07-09
2823,Chloe Carter,Retail,Immediate,In-Store,Vancouver,2022-05-28
2824,Mason Anderson,Retail,Immediate,In-Store,Portland,2022-02-12
2825,Olivia Jones,Retail,Immediate,In-Store,Portland,2022-10-20
2826,Michael Kim,Retail,Immediate,In-Store,Eugene,2023-03-16
2827,William Taylor,Retail,Immediate,In-Store,Vancouver,2024-09-10
2828,Ashley Kim,Retail,Immediate,In-Store,Portland,2023-11-01
2829,MICHAEL LEE ,Retail,Immediate,In-Store, portland,2025-09-22
2830,Hannah Davis,Retail,Immediate,In-Store,Salem,2024-05-13
2831,Matthew Wilson,Retail,Immediate,In-Store,Portland,2025-05-04
2832,GRACE LEE ,Retail,Immediate,In-Store,Tigard,2025-10-22
2833,Ella Davis,Retail,Immediate,In-Store,Seattle,2025-09-11
2834,Sophia Garcia,Retail,Immediate,In-Store,Tigard,2024-01-05
2835,Ava Thomas,Retail,Immediate,In-Store,Portland,2024-02-20
2836,Sophia Williams,Retail,Immediate,In-Store,Beaverton,2022-12-29
2837,Noah Anderson,Retail,Immediate,In-Store,Portland,2023-08-14
2838,Sophia Thomas,Retail,Immediate,In-Store,Portland,2025-09-27
2839,Mia Nelson,Retail,Immediate,In-Store,Portland,2023-02-28
2840,Ava Smith,Retail,Immediate,In-Store,Vancouver,2024-11-26
2841,Grace Anderson,Retail,Immediate,In-Store,Portland,2022-05-20
2842,Michael Wilson,Retail,Immediate,In-Store,Portland,2023-09-05
2843,Liam Martin,Retail,Immediate,In-Store, portland,2022-03-26
2844,Emily Davis,Retail,Immediate,In-Store,Portland,2022-12-26
2845,Jessica Johnson,Retail,Immediate,In-Store,Portland,2022-08-12
2846,Emily Johnson,Retail,Immediate,In-Store,Portland,2022-11-13
2847,Ella Smith,Retail,Immediate,In-Store,Portland,2023-02-13
2848,Andrew Williams,Retail,Immediate,In-Store,Salem,2024-05-08
2849,Ava Martin,Retail,Immediate,In-Store,Beaverton,2025-02-27
2850,Isabella Kim,Retail,Immediate,In-Store,Portland,2022-04-13
2851,Grace Wilson,Retail,Immediate,In-Store,Portland,2025-03-12
2852,Hannah Anderson,Retail,Immediate,In-Store,Portland,2024-07-21
2853,Robert Moore,Retail,Immediate,In-Store,Portland,2025-05-21
2854,Michael Lee,Retail,Immediate,In-Store,Corvallis,2022-02-12
2855,Emma Smith,Retail,Immediate,In-Store, beaverton,2023-06-27
2856,Ava Kim,Retail,Immediate,In-Store,Portland,2023-02-06
2857,Matthew Davis,Retail,Immediate,In-Store,Lake Oswego,2024-06-06
2858,Noah Garcia,Retail,Immediate,In-Store,Portland,2025-03-14
2859,Ella Davis,Retail,Immediate,In-Store,Portland,2022-09-15
2860,Hannah Thomas,Retail,Immediate,In-Store,Portland,2023-10-01
2861,JOSEPH MILLER ,Retail,Immediate,In-Store,Hillsboro,2024-06-28
2862,Christopher Taylor,Retail,Immediate,In-Store,Portland,2022-07-04
2863,Isabella Carter,Retail,Immediate,In-Store, eugene,2024-07-28
2864,MICHAEL NGUYEN ,Retail,Immediate,In-Store,Hillsboro,2025-12-08
2865,Chloe Wilson,Retail,Immediate,In-Store,Portland,2025-05-09
2866,Matthew Carter,Retail,Immediate,In-Store,Seattle,2023-07-16
2867,Andrew Kim,Retail,Immediate,In-Store,Beaverton,2022-01-30
2868,Madison Wilson,Retail,Immediate,In-Store, gresham,2022-03-20
2869,Olivia Patel,Retail,Immediate,In-Store,Portland,2022-04-22
2870,OLIVIA PATEL ,Retail,Immediate,In-Store, portland,2022-01-31
2871,LIAM NELSON ,Retail,Immediate,In-Store,Portland,2023-03-03
2872,Michael Taylor,Retail,Immediate,In-Store,Portland,2025-11-04
2873,Hannah Davis,Retail,Immediate,In-Store,Portland,2024-10-10
2874,CHLOE DAVIS ,Retail,Immediate,In-Store,Gresham,2022-05-02
2875,Noah Davis,Retail,Immediate,In-Store,Salem,2024-03-06
2876,Joseph Williams,Retail,Immediate,In-Store,Portland,2022-12-21
2877,Hannah Kim,Retail,Immediate,In-Store,Eugene,2024-10-09
2878,Jessica Brown,Retail,Immediate,In-Store,Portland,2023-06-26
2879,Hannah Lee,Retail,Immediate,In-Store,Portland,2022-11-23
2880,Michael Moore,Retail,Immediate,In-Store,Portland,2024-05-24
2881,Sarah Davis,Retail,Immediate,In-Store,Bend,2022-11-13
2882,MADISON JONES ,Retail,Immediate,In-Store,Portland,2023-02-28
2883,Michael Kim,Retail,Immediate,In-Store,Portland,2022-03-07
2884,Daniel Moore,Retail,Immediate,In-Store, portland,2022-08-20
2885,Christopher Nelson,Retail,Immediate,In-Store,Portland,2022-03-26
2886,Andrew Smith,Retail,Immediate,In-Store,Beaverton,2022-09-16
2887,Ethan Johnson,Retail,Immediate,In-Store, portland,2024-12-04
2888,Joseph Patel,Retail,Immediate,In-Store,Hillsboro,2022-10-25
2889,MICHAEL SMITH ,Retail,Immediate,In-Store,Salem,2023-10-06
2890,MASON MILLER ,Retail,Immediate,In-Store,Portland,2024-09-13
2891,Madison Martin,Retail,Immediate,In-Store, tigard,2022-03-23
2892,Emily Brown,Retail,Immediate,In-Store,Portland,2025-02-14
2893,James Thomas,Retail,Immediate,In-Store, seattle,2023-08-07
2894,LIAM KIM ,Retail,Immediate,In-Store,Bend,2024-10-20
2895,Sophia Martin,Retail,Immediate,In-Store,Portland,2023-10-18
2896,Emma Smith,Retail,Immediate,In-Store,Bend,2023-09-06
2897,Emma Kim,Retail,Immediate,In-Store,Portland,2023-10-27
2898,Christopher Nguyen,Retail,Immediate,In-Store,Portland,2024-10-07
2899,Noah Carter,Retail,Immediate,In-Store,Vancouver,2024-11-04
2900,JESSICA SMITH ,Retail,Immediate,In-Store,Portland,2023-08-31
2901,Emma Johnson,Retail,Immediate,In-Store,Tigard,2025-05-27
2902,ASHLEY THOMAS ,Retail,Immediate,In-Store,Portland,2025-08-20
2903,Joseph Carter,Retail,Immediate,In-Store,Portland,2024-07-23
2904,Isabella Thomas,Retail,Immediate,In-Store,Eugene,2023-12-07
2905,SARAH DAVIS ,Retail,Immediate,In-Store,Portland,2023-07-07
2906,Liam Garcia,Retail,Immediate,In-Store,Hillsboro,2024-06-06
2907,Emily Nguyen,Retail,Immediate,In-Store, portland,2022-08-20
2908,Olivia Johnson,Retail,Immediate,In-Store,Hillsboro,2022-12-25
2909,Madison Miller,Retail,Immediate,In-Store, portland,2024-01-28
2910,David Brown,Retail,Immediate,In-Store,Portland,2023-03-05
2911,Michael Wilson,Retail,Immediate,In-Store,Portland,2025-09-14
2912,Mia Wilson,Retail,Immediate,In-Store,Portland,2023-03-30
2913,Mason Miller,Retail,Immediate,In-Store,Bend,2022-08-31
2914,Lucas Smith,Retail,Immediate,In-Store,Eugene,2023-06-10
2915,Hannah Garcia,Retail,Immediate,In-Store,Portland,2022-12-31
2916,Emily Davis,Retail,Immediate,In-Store,Eugene,2024-09-11
2917,Grace Taylor,Retail,Immediate,In-Store,Portland,2022-09-14
2918,Mia Jones,Retail,Immediate,In-Store,Portland,2025-10-28
2919,Hannah Wilson,Retail,Immediate,In-Store,Portland,2023-05-21
2920,Isabella Patel,Retail,Immediate,In-Store,Gresham,2024-04-07
2921,Mason Nguyen,Retail,Immediate,In-Store,Bend,2022-02-27
2922,William Thomas,Retail,Immediate,In-Store,Portland,2022-01-10
2923,James Martin,Retail,Immediate,In-Store,Portland,2025-08-04
2924,Mia Kim,Retail,Immediate,In-Store,Hillsboro,2025-11-05
2925,Mason Wilson,Retail,Immediate,In-Store,Bend,2024-10-09
2926,Robert Jones,Retail,Immediate,In-Store, portland,2024-05-19
2927,Noah Patel,Retail,Immediate,In-Store, beaverton,2024-01-03
2928,James Lee,Retail,Immediate,In-Store,Portland,2025-12-31
2929,MASON TAYLOR ,Retail,Immediate,In-Store,Vancouver,2023-04-11
2930,Sarah Williams,Retail,Immediate,In-Store,Beaverton,2025-09-26
2931,Chloe Jones,Retail,Immediate,In-Store,Portland,2023-01-05
2932,Ashley Miller,Retail,Immediate,In-Store,Beaverton,2023-03-04
2933,Jessica Davis,Retail,Immediate,In-Store, seattle,2022-06-07
2934,Emma Jones,Retail,Immediate,In-Store,Portland,2024-03-16
2935,Isabella Lee,Retail,Immediate,In-Store,Portland,2022-03-01
2936,William Carter,Retail,Immediate,In-Store,Hillsboro,2024-10-18
2937,Michael Jones,Retail,Immediate,In-Store,Portland,2025-03-06
2938,Liam Johnson,Retail,Immediate,In-Store,Hillsboro,2023-08-13
2939,Emma Johnson,Retail,Immediate,In-Store,Seattle,2022-10-27
2940,David Garcia,Retail,Immediate,In-Store, portland,2022-01-16
2941,CHRISTOPHER LEE ,Retail,Immediate,In-Store,Gresham,2025-01-26
2942,Madison Nelson,Retail,Immediate,In-Store,Portland,2024-05-09
2943,Mason Miller,Retail,Immediate,In-Store,Portland,2024-04-17
2944,Joseph Smith,Retail,Immediate,In-Store,Eugene,2024-08-10
2945,Matthew Smith,Retail,Immediate,In-Store,Portland,2024-07-11
2946,Ella Smith,Retail,Immediate,In-Store,Corvallis,2023-05-04
2947,Lucas Kim,Retail,Immediate,In-Store,Hillsboro,2023-12-12
2948,Madison Anderson,Retail,Immediate,In-Store,Gresham,2022-11-05
2949,William Johnson,Retail,Immediate,In-Store,Portland,2023-10-15
2950,Matthew Anderson,Retail,Immediate,In-Store,Portland,2024-03-24
2951,William Williams,Retail,Immediate,In-Store,Portland,2025-11-27
2952,Sophia Smith,Retail,Immediate,In-Store,Portland,2024-08-17
2953,MADISON NGUYEN ,Retail,Immediate,In-Store,Portland,2022-09-20
2954,Chloe Lee,Retail,Immediate,In-Store,Portland,2025-07-06
2955,Ella Thomas,Retail,Immediate,In-Store,Hillsboro,2023-05-07
2956,Ava Williams,Retail,Immediate,In-Store,Gresham,2023-05-25
2957,GRACE JOHNSON ,Retail,Immediate,In-Store,Portland,2022-06-03
2958,Jessica Garcia,Retail,Immediate,In-Store,Portland,2023-06-06
2959,Ella Davis,Retail,Immediate,In-Store,Beaverton,2024-05-24
2960,Liam Carter,Retail,Immediate,In-Store,Eugene,2024-01-13
2961,Lucas Moore,Retail,Immediate,In-Store,Portland,2023-05-12
2962,Sarah Garcia,Retail,Immediate,In-Store,Portland,2024-07-03
2963,Sarah Anderson,Retail,Immediate,In-Store,Portland,2022-07-24
2964,Mia Wilson,Retail,Immediate,In-Store,Portland,2024-12-01
2965,William Brown,Retail,Immediate,In-Store,Portland,2023-06-30
2966,MICHAEL LEE ,Retail,Immediate,In-Store,Gresham,2024-04-04
2967,Daniel Anderson,Retail,Immediate,In-Store,Portland,2022-02-23
2968,Sarah Brown,Retail,Immediate,In-Store,Portland,2022-11-25
2969,Ella Garcia,Retail,Immediate,In-Store,Portland,2022-09-22
2970,Ashley Lee,Retail,Immediate,In-Store,Portland,2022-02-01
2971,Michael Johnson,Retail,Immediate,In-Store,Lake Oswego,2022-08-25
2972,Ava Williams,Retail,Immediate,In-Store,Beaverton,2024-03-19
2973,Mason Anderson,Retail,Immediate,In-Store,Gresham,2023-01-23
2974,Ethan Brown,Retail,Immediate,In-Store,Portland,2025-04-12
2975,Andrew Johnson,Retail,Immediate,In-Store,Portland,2025-12-26
2976,JAMES WILLIAMS ,Retail,Immediate,In-Store,Bend,2022-09-16
2977,William Kim,Retail,Immediate,In-Store,Hillsboro,2025-07-08
2978,Sophia Thomas,Retail,Immediate,In-Store,Salem,2025-07-11
2979,Noah Nelson,Retail,Immediate,In-Store,Corvallis,2022-06-11
2980,Sophia Nelson,Retail,Immediate,In-Store,Seattle,2025-10-03
2981,Madison Lee,Retail,Immediate,In-Store,Portland,2024-02-03
2982,Mia Smith,Retail,Immediate,In-Store,Portland,2023-05-11
2983,Madison Davis,Retail,Immediate,In-Store,Portland,2024-08-20
2984,Ethan Anderson,Retail,Immediate,In-Store,Beaverton,2023-04-25
2985,Jessica Carter,Retail,Immediate,In-Store,Gresham,2025-11-06
2986,EMMA SMITH ,Retail,Immediate,In-Store,Portland,2023-04-11
2987,Ethan Kim,Retail,Immediate,In-Store,Eugene,2023-08-26
2988,Ashley Brown,Retail,Immediate,In-Store,Portland,2025-07-28
2989,SARAH NGUYEN ,Retail,Immediate,In-Store,Corvallis,2024-12-11
2990,Mason Patel,Retail,Immediate,In-Store,Portland,2025-10-22
2991,Lucas Anderson,Retail,Immediate,In-Store,Beaverton,2022-04-13
2992,Hannah Nelson,Retail,Immediate,In-Store,Portland,2023-02-02
2993,Mia Brown,Retail,Immediate,In-Store,Portland,2022-11-19
2994,Hannah Taylor,Retail,Immediate,In-Store,Bend,2023-09-25
2995,Andrew Davis,Retail,Immediate,In-Store,Portland,2025-03-15
2996,Ethan Lee,Retail,Immediate,In-Store,Beaverton,2024-04-03
2997,JOSEPH SMITH ,Retail,Immediate,In-Store,Gresham,2024-11-15
2998,Sarah Taylor,Retail,Immediate,In-Store,Portland,2024-08-11
2999,David Johnson,Retail,Immediate,In-Store,Hillsboro,2025-10-30
3000,Olivia Kim,Retail,Immediate,In-Store,Hillsboro,2025-07-30
3001,Lucas Lee,Retail,Immediate,In-Store,Portland,2022-08-26
3002,Hannah Martin,Retail,Immediate,In-Store,Portland,2022-09-11
3003,William Taylor,Retail,Immediate,In-Store,Vancouver,2024-07-15
3004,Andrew Martin,Retail,Immediate,In-Store,Portland,2025-06-17
3005,ELLA CARTER ,Retail,Immediate,In-Store,Portland,2022-07-23
3006,Ashley Carter,Retail,Immediate,In-Store,Salem,2023-09-09
3007,Mia Nelson,Retail,Immediate,In-Store,Hillsboro,2025-03-24
3008,ROBERT GARCIA ,Retail,Immediate,In-Store,Portland,2022-09-09
3009,Mia Anderson,Retail,Immediate,In-Store,Portland,2025-06-11
3010,EMILY DAVIS ,Retail,Immediate,In-Store,Portland,2025-04-04
3011,Andrew Wilson,Retail,Immediate,In-Store,Portland,2025-06-11
3012,James Wilson,Retail,Immediate,In-Store,Lake Oswego,2022-07-11
3013,Sophia Garcia,Retail,Immediate,In-Store,Portland,2023-10-21
3014,James Johnson,Retail,Immediate,In-Store,Portland,2023-04-23
3015,Robert Smith,Retail,Immediate,In-Store,Portland,2022-07-05
3016,Daniel Miller,Retail,Immediate,In-Store,Portland,2022-06-21
3017,Mia Martin,Retail,Immediate,In-Store,Portland,2022-06-30
3018,Ava Patel,Retail,Immediate,In-Store,Portland,2023-12-18
3019,EMMA MOORE ,Retail,Immediate,In-Store,Beaverton,2025-05-19
3020,Matthew Jones,Retail,Immediate,In-Store,Gresham,2023-10-02
3021,Ethan Martin,Retail,Immediate,In-Store,Portland,2023-06-14
3022,Chloe Smith,Retail,Immediate,In-Store,Eugene,2024-09-26
3023,Andrew Patel,Retail,Immediate,In-Store,Portland,2022-07-21
3024,DANIEL NELSON ,Retail,Immediate,In-Store,Portland,2022-05-07
3025,Michael Wilson,Retail,Immediate,In-Store,Hillsboro,2023-09-02
3026,James Anderson,Retail,Immediate,In-Store,Seattle,2023-03-03
3027,Michael Brown,Retail,Immediate,In-Store,Portland,2023-05-12
3028,Robert Miller,Retail,Immediate,In-Store,Portland,2022-04-26
3029,Mason Wilson,Retail,Immediate,In-Store,Gresham,2023-04-10
3030,William Williams,Retail,Immediate,In-Store,Beaverton,2023-06-03
3031,Sarah Taylor,Retail,Immediate,In-Store,Portland,2024-02-27
3032,Mason Carter,Retail,Immediate,In-Store, bend,2023-11-09
3033,LUCAS PATEL ,Retail,Immediate,In-Store,Portland,2025-07-28
3034,Jessica Taylor,Retail,Immediate,In-Store,Portland,2025-04-29
3035,CHLOE CARTER ,Retail,Immediate,In-Store,Portland,2022-10-04
3036,Liam Martin,Retail,Immediate,In-Store,Portland,2024-01-31
3037,Noah Anderson,Retail,Immediate,In-Store,Hillsboro,2023-01-27
3038,Isabella Patel,Retail,Immediate,In-Store,Beaverton,2025-06-03
3039,Daniel Garcia,Retail,Immediate,In-Store,Portland,2022-03-13
3040,Liam Johnson,Retail,Immediate,In-Store,Beaverton,2025-12-14
3041,Emily Miller,Retail,Immediate,In-Store,Portland,2022-12-22
3042,David Nelson,Retail,Immediate,In-Store,Portland,2024-06-21
3043,Andrew Brown,Retail,Immediate,In-Store,Portland,2023-11-20
3044,Emily Nelson,Retail,Immediate,In-Store,Portland,2023-09-19
3045,Ethan Carter,Retail,Immediate,In-Store,Eugene,2024-07-07
3046,Mason Martin,Retail,Immediate,In-Store,Salem,2022-12-06
3047,Jessica Taylor,Retail,Immediate,In-Store,Gresham,2023-12-15
3048,DAVID THOMAS ,Retail,Immediate,In-Store, portland,2023-09-09
3049,Daniel Carter,Retail,Immediate,In-Store,Portland,2023-01-13
3050,Liam Smith,Retail,Immediate,In-Store,Portland,2025-06-18
3051,James Smith,Retail,Immediate,In-Store,Gresham,2024-04-05
3052,Christopher Thomas,Retail,Immediate,In-Store,Hillsboro,2024-01-28
3053,James Garcia,Retail,Immediate,In-Store,Hillsboro,2022-03-28
3054,Jessica Kim,Retail,Immediate,In-Store,Gresham,2024-06-17
3055,Hannah Kim,Retail,Immediate,In-Store,Gresham,2024-10-30
3056,Ashley Lee,Retail,Immediate,In-Store,Gresham,2024-06-06
3057,Robert Wilson,Retail,Immediate,In-Store,Portland,2022-04-03
3058,Ashley Taylor,Retail,Immediate,In-Store,Salem,2023-09-10
3059,Emily Lee,Retail,Immediate,In-Store,Salem,2023-02-06
3060,Ethan Jones,Retail,Immediate,In-Store, eugene,2022-04-16
3061,Joseph Taylor,Retail,Immediate,In-Store,Portland,2023-06-10
3062,Ella Garcia,Retail,Immediate,In-Store,Portland,2022-12-28
3063,Matthew Nguyen,Retail,Immediate,In-Store,Portland,2023-05-09
3064,Sophia Nguyen,Retail,Immediate,In-Store,Portland,2025-05-13
3065,Sarah Kim,Retail,Immediate,In-Store, lake oswego,2022-02-24
3066,Michael Nguyen,Retail,Immediate,In-Store,Corvallis,2024-12-23
3067,Ava Patel,Retail,Immediate,In-Store,Hillsboro,2023-04-07
3068,JOSEPH MILLER ,Retail,Immediate,In-Store,Seattle,2022-12-29
3069,Jessica Anderson,Retail,Immediate,In-Store,Bend,2023-07-04
3070,Isabella Kim,Retail,Immediate,In-Store,Tigard,2022-06-19
3071,Michael Smith,Retail,Immediate,In-Store,Portland,2022-12-22
3072,Mason Wilson,Retail,Immediate,In-Store,Portland,2022-12-06
3073,Christopher Taylor,Retail,Immediate,In-Store,Portland,2025-02-28
3074,Noah Martin,Retail,Immediate,In-Store,Vancouver,2025-05-16
3075,Madison Garcia,Retail,Immediate,In-Store, portland,2023-06-02
3076,ANDREW WILLIAMS ,Retail,Immediate,In-Store,Gresham,2022-07-07
3077,Emma Wilson,Retail,Immediate,In-Store,Corvallis,2022-03-09
3078,Hannah Martin,Retail,Immediate,In-Store, vancouver,2025-02-19
3079,ASHLEY LEE ,Retail,Immediate,In-Store,Portland,2025-10-27
3080,Andrew Brown,Retail,Immediate,In-Store,Seattle,2022-10-05
3081,Chloe Garcia,Retail,Immediate,In-Store,Portland,2023-12-31
3082,Joseph Miller,Retail,Immediate,In-Store,Salem,2024-03-09
3083,Grace Patel,Retail,Immediate,In-Store,Portland,2023-05-23
3084,Jessica Martin,Retail,Immediate,In-Store,Gresham,2025-06-08
3085,Jessica Garcia,Retail,Immediate,In-Store,Corvallis,2024-05-01
3086,Lucas Jones,Retail,Immediate,In-Store,Beaverton,2023-08-11
3087,Madison Nelson,Retail,Immediate,In-Store,Vancouver,2024-03-13
3088,Ashley Moore,Retail,Immediate,In-Store,Portland,2023-09-15
3089,David Jones,Retail,Immediate,In-Store,Portland,2024-10-24
3090,Michael Smith,Retail,Immediate,In-Store,Portland,2024-07-01
3091,Isabella Taylor,Retail,Immediate,In-Store,Gresham,2025-12-30
3092,Robert Kim,Retail,Immediate,In-Store,Portland,2022-07-17
3093,Olivia Davis,Retail,Immediate,In-Store,Portland,2025-11-24
3094,Ava Kim,Retail,Immediate,In-Store,Portland,2025-06-29
3095,Daniel Kim,Retail,Immediate,In-Store,Portland,2024-04-27
3096,Olivia Smith,Retail,Immediate,In-Store,Portland,2023-07-23
3097,Joseph Anderson,Retail,Immediate,In-Store,Seattle,2023-06-26
3098,LIAM DAVIS ,Retail,Immediate,In-Store,Vancouver,2024-10-15
3099,Sophia Moore,Retail,Immediate,In-Store,Portland,2022-01-12
3100,Hannah Nelson,Retail,Immediate,In-Store,Beaverton,2024-09-02
3101,Ava Smith,Retail,Immediate,In-Store,Gresham,2023-03-30
3102,Ashley Nguyen,Retail,Immediate,In-Store,Corvallis,2025-01-25
3103,James Carter,Retail,Immediate,In-Store,Portland,2025-10-23
3104,ELLA KIM ,Retail,Immediate,In-Store,Portland,2022-02-13
3105,SOPHIA MARTIN ,Retail,Immediate,In-Store, eugene,2023-06-10
3106,ASHLEY GARCIA ,Retail,Immediate,In-Store,Portland,2023-01-15
3107,SOPHIA PATEL ,Retail,Immediate,In-Store,Portland,2024-12-20
3108,Sophia Martin,Retail,Immediate,In-Store,Portland,2023-04-06
3109,Hannah Williams,Retail,Immediate,In-Store,Gresham,2024-09-11
3110,Ashley Kim,Retail,Immediate,In-Store,Portland,2025-05-29
3111,Joseph Nguyen,Retail,Immediate,In-Store,Portland,2024-09-19
3112,Liam Jones,Retail,Immediate,In-Store,Salem,2023-06-16
3113,Ashley Smith,Retail,Immediate,In-Store,Corvallis,2023-12-29
3114,Hannah Jones,Retail,Immediate,In-Store,Portland,2024-03-13
3115,David Johnson,Retail,Immediate,In-Store,Gresham,2022-12-24
3116,Chloe Nguyen,Retail,Immediate,In-Store,Beaverton,2023-06-27
3117,Matthew Nelson,Retail,Immediate,In-Store,Portland,2024-02-02
3118,Ashley Martin,Retail,Immediate,In-Store,Beaverton,2025-03-28
3119,JAMES NELSON ,Retail,Immediate,In-Store,Salem,2025-04-08
3120,Michael Miller,Retail,Immediate,In-Store,Beaverton,2025-06-04
3121,Madison Lee,Retail,Immediate,In-Store,Portland,2022-07-29
3122,Olivia Martin,Retail,Immediate,In-Store,Lake Oswego,2024-05-24
3123,Isabella Wilson,Retail,Immediate,In-Store,Hillsboro,2024-04-09
3124,Isabella Wilson,Retail,Immediate,In-Store, portland,2023-09-07
3125,Sarah Moore,Retail,Immediate,In-Store,Eugene,2025-08-08
3126,Isabella Nelson,Retail,Immediate,In-Store,Portland,2024-07-22
3127,Olivia Carter,Retail,Immediate,In-Store,Portland,2024-05-04
3128,David Jones,Retail,Immediate,In-Store,Salem,2023-12-23
3129,ETHAN CARTER ,Retail,Immediate,In-Store,Portland,2024-08-03
3130,Liam Taylor,Retail,Immediate,In-Store,Portland,2022-08-27
3131,David Martin,Retail,Immediate,In-Store,Portland,2024-01-28
3132,Madison Carter,Retail,Immediate,In-Store,Portland,2024-09-06
3133,ROBERT NELSON ,Retail,Immediate,In-Store,Gresham,2022-01-27
3134,Ella Brown,Retail,Immediate,In-Store,Portland,2022-03-15
3135,JESSICA THOMAS ,Retail,Immediate,In-Store,Beaverton,2023-01-21
3136,ASHLEY ANDERSON ,Retail,Immediate,In-Store,Portland,2024-06-04
3137,Mason Wilson,Retail,Immediate,In-Store,Beaverton,2023-09-15
3138,Christopher Smith,Retail,Immediate,In-Store,Beaverton,2024-07-03
3139,Christopher Brown,Retail,Immediate,In-Store,Portland,2023-12-24
3140,Olivia Carter,Retail,Immediate,In-Store,Portland,2022-12-11
3141,AVA TAYLOR ,Retail,Immediate,In-Store,Portland,2025-09-03
3142,Michael Miller,Retail,Immediate,In-Store,Portland,2022-01-04
3143,Ella Miller,Retail,Immediate,In-Store, portland,2024-06-23
3144,ETHAN SMITH ,Retail,Immediate,In-Store,Vancouver,2025-09-03
3145,ROBERT JONES ,Retail,Immediate,In-Store,Portland,2022-03-10
3146,Olivia Anderson,Retail,Immediate,In-Store,Seattle,2023-04-18
3147,MASON GARCIA ,Retail,Immediate,In-Store,Portland,2022-10-16
3148,Sophia Nguyen,Retail,Immediate,In-Store,Portland,2023-08-21
3149,Joseph Nelson,Retail,Immediate,In-Store,Beaverton,2023-08-02
3150,Ava Carter,Retail,Immediate,In-Store,Hillsboro,2022-07-20
3151,JAMES TAYLOR ,Retail,Immediate,In-Store,Portland,2024-10-27
3152,Olivia Patel,Retail,Immediate,In-Store, portland,2025-10-11
3153,Joseph Miller,Retail,Immediate,In-Store,Portland,2023-11-15
3154,Mason Jones,Retail,Immediate,In-Store,Beaverton,2022-01-18
3155,Mason Martin,Retail,Immediate,In-Store,Portland,2025-05-04
3156,Chloe Johnson,Retail,Immediate,In-Store,Portland,2023-10-16
3157,Ashley Lee,Retail,Immediate,In-Store,Seattle,2022-10-15
3158,Joseph Carter,Retail,Immediate,In-Store,Portland,2023-08-05
3159,Mason Kim,Retail,Immediate,In-Store,Portland,2024-08-01
3160,Chloe Moore,Retail,Immediate,In-Store,Portland,2023-01-26
3161,Robert Garcia,Retail,Immediate,In-Store,Beaverton,2025-12-22
3162,Ella Garcia,Retail,Immediate,In-Store,Portland,2023-02-21
3163,Mia Martin,Retail,Immediate,In-Store,Bend,2023-10-03
3164,Mason Patel,Retail,Immediate,In-Store,Portland,2022-12-06
3165,Ethan Kim,Retail,Immediate,In-Store,Salem,2024-08-22
3166,Joseph Davis,Retail,Immediate,In-Store,Portland,2025-08-23
3167,JOSEPH NGUYEN ,Retail,Immediate,In-Store, salem,2024-06-19
3168,Olivia Nguyen,Retail,Immediate,In-Store,Beaverton,2025-08-29
3169,Robert Davis,Retail,Immediate,In-Store,Salem,2022-01-26
3170,Michael Taylor,Retail,Immediate,In-Store,Salem,2022-11-18
3171,William Johnson,Retail,Immediate,In-Store,Bend,2023-08-19
3172,ASHLEY BROWN ,Retail,Immediate,In-Store,Portland,2023-05-20
3173,Hannah Garcia,Retail,Immediate,In-Store,Tigard,2024-05-18
3174,Christopher Nelson,Retail,Immediate,In-Store,Gresham,2022-09-04
3175,James Lee,Retail,Immediate,In-Store,Seattle,2023-12-03
3176,Andrew Wilson,Retail,Immediate,In-Store,Tigard,2025-08-06
3177,Hannah Williams,Retail,Immediate,In-Store,Portland,2022-06-09
3178,David Martin,Retail,Immediate,In-Store,Portland,2025-04-21
3179,Emily Davis,Retail,Immediate,In-Store,Portland,2024-11-13
3180,Mia Miller,Retail,Immediate,In-Store,Hillsboro,2022-11-13
3181,Mason Johnson,Retail,Immediate,In-Store,Tigard,2024-01-28
3182,Olivia Nelson,Retail,Immediate,In-Store,Portland,2025-04-03
3183,William Nelson,Retail,Immediate,In-Store,Portland,2025-02-03
3184,Lucas Kim,Retail,Immediate,In-Store,Beaverton,2022-03-30
3185,Sarah Brown,Retail,Immediate,In-Store,Portland,2024-03-23
3186,Ethan Nelson,Retail,Immediate,In-Store,Portland,2022-11-11
3187,Ava Johnson,Retail,Immediate,In-Store,Salem,2022-02-15
3188,Isabella Nelson,Retail,Immediate,In-Store,Portland,2024-03-22
3189,Robert Nelson,Retail,Immediate,In-Store,Vancouver,2025-03-21
3190,Ashley Miller,Retail,Immediate,In-Store,Portland,2022-11-28
3191,Lucas Lee,Retail,Immediate,In-Store,Beaverton,2022-10-08
3192,Christopher Wilson,Retail,Immediate,In-Store,Portland,2024-11-21
3193,LUCAS NELSON ,Retail,Immediate,In-Store,Lake Oswego,2023-04-20
3194,Ashley Thomas,Retail,Immediate,In-Store,Portland,2024-07-01
3195,JESSICA DAVIS ,Retail,Immediate,In-Store,Eugene,2023-08-09
3196,Sophia Martin,Retail,Immediate,In-Store,Salem,2023-07-30
3197,JESSICA JOHNSON ,Retail,Immediate,In-Store,Portland,2023-01-17
3198,Daniel Nguyen,Retail,Immediate,In-Store,Portland,2023-08-18
3199,Olivia Nguyen,Retail,Immediate,In-Store, portland,2023-11-17
3200,Matthew Martin,Retail,Immediate,In-Store,Beaverton,2022-07-09
3201,Ella Moore,Retail,Immediate,In-Store,Beaverton,2022-07-22
3202,Madison Johnson,Retail,Immediate,In-Store,Eugene,2023-11-15
3203,Madison Carter,Retail,Immediate,In-Store, eugene,2023-09-18
3204,Michael Anderson,Retail,Immediate,In-Store,Portland,2023-03-21
3205,Emma Johnson,Retail,Immediate,In-Store,Seattle,2022-04-14
3206,Daniel Lee,Retail,Immediate,In-Store,Salem,2023-04-28
3207,Chloe Davis,Retail,Immediate,In-Store,Portland,2025-03-02
3208,Ethan Williams,Retail,Immediate,In-Store,Portland,2025-10-26
3209,Mia Nguyen,Retail,Immediate,In-Store,Salem,2025-10-18
3210,Isabella Jones,Retail,Immediate,In-Store, portland,2022-09-28
3211,Chloe Williams,Retail,Immediate,In-Store,Beaverton,2022-07-27
3212,Michael Davis,Retail,Immediate,In-Store,Portland,2022-09-22
3213,Ethan Anderson,Retail,Immediate,In-Store,Salem,2025-11-02
3214,Ava Anderson,Retail,Immediate,In-Store,Portland,2024-05-19
3215,Ava Taylor,Retail,Immediate,In-Store,Portland,2024-04-24
3216,Joseph Martin,Retail,Immediate,In-Store,Portland,2024-11-30
3217,Michael Miller,Retail,Immediate,In-Store,Beaverton,2025-06-03
3218,Madison Brown,Retail,Immediate,In-Store,Portland,2025-02-22
3219,Ella Jones,Retail,Immediate,In-Store,Beaverton,2024-07-15
3220,ASHLEY JOHNSON ,Retail,Immediate,In-Store,Tigard,2022-05-02
3221,CHLOE KIM ,Retail,Immediate,In-Store,Portland,2024-03-11
3222,NOAH MARTIN ,Retail,Immediate,In-Store,Eugene,2025-07-04
3223,Mason Thomas,Retail,Immediate,In-Store,Beaverton,2025-11-28
3224,Joseph Miller,Retail,Immediate,In-Store, portland,2024-01-17
3225,Lucas Miller,Retail,Immediate,In-Store,Portland,2023-01-23
3226,Olivia Lee,Retail,Immediate,In-Store,Portland,2022-11-20
3227,LUCAS TAYLOR ,Retail,Immediate,In-Store,Portland,2022-07-29
3228,Grace Garcia,Retail,Immediate,In-Store,Hillsboro,2022-07-17
3229,Liam Lee,Retail,Immediate,In-Store, portland,2023-10-29
3230,Madison Williams,Retail,Immediate,In-Store,Gresham,2024-03-18
3231,Ella Jones,Retail,Immediate,In-Store,Portland,2025-02-10
3232,Mia Moore,Retail,Immediate,In-Store,Portland,2025-07-11
3233,James Williams,Retail,Immediate,In-Store, portland,2022-09-20
3234,Mason Brown,Retail,Immediate,In-Store,Salem,2025-07-07
3235,CHRISTOPHER JOHNSON ,Retail,Immediate,In-Store, lake oswego,2025-01-11
3236,Joseph Thomas,Retail,Immediate,In-Store,Portland,2022-01-02
3237,LIAM MOORE ,Retail,Immediate,In-Store, portland,2022-05-22
3238,Ethan Anderson,Retail,Immediate,In-Store,Eugene,2024-01-29
3239,Lucas Patel,Retail,Immediate,In-Store,Hillsboro,2025-05-24
3240,Sophia Taylor,Retail,Immediate,In-Store,Eugene,2024-10-09
3241,CHLOE LEE ,Retail,Immediate,In-Store,Corvallis,2023-12-03
3242,Liam Patel,Retail,Immediate,In-Store,Portland,2022-02-20
3243,Robert Lee,Retail,Immediate,In-Store,Salem,2022-11-24
3244,Madison Williams,Retail,Immediate,In-Store,Portland,2022-01-06
3245,MADISON DAVIS ,Retail,Immediate,In-Store,Vancouver,2025-07-07
3246,James Nguyen,Retail,Immediate,In-Store,Portland,2023-02-14
3247,William Miller,Retail,Immediate,In-Store,Portland,2024-09-05
3248,James Thomas,Retail,Immediate,In-Store,Corvallis,2025-01-17
3249,Sophia Thomas,Retail,Immediate,In-Store,Hillsboro,2024-08-01
3250,Joseph Kim,Retail,Immediate,In-Store,Portland,2023-10-30
3251,Emma Kim,Retail,Immediate,In-Store,Beaverton,2022-09-15
3252,Ethan Garcia,Retail,Immediate,In-Store,Portland,2024-07-21
3253,Liam Smith,Retail,Immediate,In-Store, beaverton,2022-01-26
3254,James Brown,Retail,Immediate,In-Store,Portland,2024-11-04
3255,Michael Patel,Retail,Immediate,In-Store,Corvallis,2022-09-05
3256,Hannah Carter,Retail,Immediate,In-Store,Gresham,2022-04-21
3257,Madison Miller,Retail,Immediate,In-Store,Seattle,2025-02-09
3258,Emma Taylor,Retail,Immediate,In-Store, portland,2023-03-30
3259,Noah Carter,Retail,Immediate,In-Store,Portland,2025-12-09
3260,Emma Anderson,Retail,Immediate,In-Store,Portland,2025-06-22
3261,Sarah Smith,Retail,Immediate,In-Store,Portland,2024-11-19
3262,Madison Nelson,Retail,Immediate,In-Store,Salem,2024-05-02
3263,James Taylor,Retail,Immediate,In-Store, salem,2025-04-10
3264,Ella Taylor,Retail,Immediate,In-Store,Portland,2023-04-11
3265,Grace Nguyen,Retail,Immediate,In-Store,Portland,2023-09-13
3266,Michael Miller,Retail,Immediate,In-Store,Portland,2025-12-29
3267,Ethan Thomas,Retail,Immediate,In-Store,Hillsboro,2022-09-19
3268,Olivia Anderson,Retail,Immediate,In-Store,Eugene,2024-11-18
3269,EMMA MARTIN ,Retail,Immediate,In-Store,Bend,2025-09-20
3270,MADISON BROWN ,Retail,Immediate,In-Store,Hillsboro,2023-07-18
3271,Daniel Nelson,Retail,Immediate,In-Store,Beaverton,2025-04-17
3272,David Garcia,Retail,Immediate,In-Store,Portland,2024-01-19
3273,Jessica Thomas,Retail,Immediate,In-Store,Salem,2025-03-15
3274,Daniel Smith,Retail,Immediate,In-Store,Portland,2022-09-27
3275,Jessica Patel,Retail,Immediate,In-Store,Portland,2024-05-05
3276,ROBERT MILLER ,Retail,Immediate,In-Store,Seattle,2022-05-29
3277,Emma Davis,Retail,Immediate,In-Store,Portland,2024-12-23
3278,Grace Anderson,Retail,Immediate,In-Store,Beaverton,2024-05-22
3279,Matthew Carter,Retail,Immediate,In-Store,Corvallis,2022-12-31
3280,Olivia Patel,Retail,Immediate,In-Store,Gresham,2022-04-11
3281,William Johnson,Retail,Immediate,In-Store,Portland,2022-02-14
3282,James Nelson,Retail,Immediate,In-Store,Eugene,2025-11-04
3283,OLIVIA NELSON ,Retail,Immediate,In-Store,Portland,2025-11-16
3284,SARAH THOMAS ,Retail,Immediate,In-Store,Portland,2022-10-10
3285,Andrew Garcia,Retail,Immediate,In-Store, vancouver,2025-10-05
3286,Michael Williams,Retail,Immediate,In-Store,Portland,2022-05-01
3287,Isabella Williams,Retail,Immediate,In-Store, beaverton,2022-03-31
3288,Olivia Thomas,Retail,Immediate,In-Store,Portland,2023-05-17
3289,Christopher Thomas,Retail,Immediate,In-Store,Lake Oswego,2022-12-01
3290,Hannah Davis,Retail,Immediate,In-Store,Beaverton,2024-11-23
3291,Andrew Smith,Retail,Immediate,In-Store,Portland,2024-10-23
3292,Madison Johnson,Retail,Immediate,In-Store,Gresham,2022-01-23
3293,Noah Williams,Retail,Immediate,In-Store,Portland,2023-01-23
3294,Ella Carter,Retail,Immediate,In-Store, portland,2022-09-15
3295,Joseph Thomas,Retail,Immediate,In-Store,Portland,2023-09-21
3296,Joseph Moore,Retail,Immediate,In-Store,Hillsboro,2023-04-01
3297,Olivia Nelson,Retail,Immediate,In-Store,Portland,2024-06-11
3298,Michael Nguyen,Retail,Immediate,In-Store,Portland,2022-07-22
3299,Andrew Brown,Retail,Immediate,In-Store,Portland,2024-09-26
3300,Robert Johnson,Retail,Immediate,In-Store,Portland,2022-06-06
3301,Noah Patel,Retail,Immediate,In-Store,Gresham,2022-06-28
3302,Matthew Nguyen,Retail,Immediate,In-Store, beaverton,2022-07-05
3303,Matthew Nguyen,Retail,Immediate,In-Store,Portland,2025-03-22
3304,Madison Nelson,Retail,Immediate,In-Store,Gresham,2023-07-22
3305,Michael Nguyen,Retail,Immediate,In-Store,Portland,2025-03-13
3306,Matthew Anderson,Retail,Immediate,In-Store,Portland,2022-07-15
3307,Madison Jones,Retail,Immediate,In-Store,Seattle,2024-11-24
3308,DANIEL GARCIA ,Retail,Immediate,In-Store,Beaverton,2022-06-06
3309,Ethan Kim,Retail,Immediate,In-Store, portland,2024-09-12
3310,Sophia Davis,Retail,Immediate,In-Store,Salem,2025-05-04
3311,Andrew Miller,Retail,Immediate,In-Store,Portland,2022-10-31
3312,NOAH GARCIA ,Retail,Immediate,In-Store,Portland,2022-05-18
3313,Michael Jones,Retail,Immediate,In-Store,Corvallis,2024-10-12
3314,Sophia Anderson,Retail,Immediate,In-Store,Portland,2024-07-09
3315,Lucas Taylor,Retail,Immediate,In-Store,Corvallis,2023-01-17
3316,Matthew Thomas,Retail,Immediate,In-Store,Portland,2025-01-25
3317,Emma Brown,Retail,Immediate,In-Store,Salem,2023-05-05
3318,Mia Williams,Retail,Immediate,In-Store,Vancouver,2025-07-07
3319,MASON LEE ,Retail,Immediate,In-Store,Seattle,2025-06-12
3320,Chloe Jones,Retail,Immediate,In-Store,Portland,2025-01-12
3321,GRACE WILLIAMS ,Retail,Immediate,In-Store,Portland,2023-07-06
3322,Noah Garcia,Retail,Immediate,In-Store,Portland,2024-12-19
3323,Chloe Johnson,Retail,Immediate,In-Store,Hillsboro,2023-11-09
3324,Mason Carter,Retail,Immediate,In-Store,Portland,2023-03-29
3325,Liam Wilson,Retail,Immediate,In-Store,Portland,2022-02-03
3326,Ava Brown,Retail,Immediate,In-Store,Portland,2024-09-30
3327,JESSICA DAVIS ,Retail,Immediate,In-Store,Portland,2023-11-28
3328,Daniel Johnson,Retail,Immediate,In-Store,Hillsboro,2024-06-08
3329,JAMES NGUYEN ,Retail,Immediate,In-Store,Bend,2025-03-28
3330,MATTHEW LEE ,Retail,Immediate,In-Store,Beaverton,2023-05-01
3331,Hannah Carter,Retail,Immediate,In-Store,Lake Oswego,2024-08-10
3332,David Carter,Retail,Immediate,In-Store,Portland,2024-05-26
3333,Madison Nguyen,Retail,Immediate,In-Store,Portland,2025-03-18
3334,Matthew Taylor,Retail,Immediate,In-Store, hillsboro,2022-07-18
3335,Noah Anderson,Retail,Immediate,In-Store,Portland,2023-06-23
3336,Madison Brown,Retail,Immediate,In-Store,Beaverton,2024-06-29
3337,AVA GARCIA ,Retail,Immediate,In-Store,Portland,2025-08-02
3338,William Garcia,Retail,Immediate,In-Store,Salem,2024-06-13
3339,NOAH WILLIAMS ,Retail,Immediate,In-Store,Portland,2024-01-09
3340,CHLOE WILLIAMS ,Retail,Immediate,In-Store,Salem,2024-07-03
3341,MADISON NELSON ,Retail,Immediate,In-Store,Bend,2023-07-05
3342,DAVID MARTIN ,Retail,Immediate,In-Store,Bend,2025-11-23
3343,Emma Taylor,Retail,Immediate,In-Store,Lake Oswego,2023-10-27
3344,Christopher Carter,Retail,Immediate,In-Store,Tigard,2024-06-13
3345,LUCAS ANDERSON ,Retail,Immediate,In-Store,Portland,2023-11-07
3346,Michael Davis,Retail,Immediate,In-Store,Lake Oswego,2024-10-05
3347,Emily Taylor,Retail,Immediate,In-Store,Bend,2025-01-10
3348,CHLOE CARTER ,Retail,Immediate,In-Store,Lake Oswego,2024-06-15
3349,Sophia Brown,Retail,Immediate,In-Store,Corvallis,2023-12-20
3350,Emily Jones,Retail,Immediate,In-Store,Portland,2025-08-14
3351,MIA MILLER ,Retail,Immediate,In-Store,Portland,2024-10-03
3352,Ethan Williams,Retail,Immediate,In-Store,Portland,2024-04-07
3353,Mia Kim,Retail,Immediate,In-Store,Portland,2024-05-30
3354,James Thomas,Retail,Immediate,In-Store,Seattle,2025-02-04
3355,Ava Carter,Retail,Immediate,In-Store,Beaverton,2023-08-08
3356,Jessica Garcia,Retail,Immediate,In-Store,Portland,2025-10-08
3357,Daniel Wilson,Retail,Immediate,In-Store,Beaverton,2024-02-16
3358,Robert Miller,Retail,Immediate,In-Store,Portland,2023-05-13
3359,William Lee,Retail,Immediate,In-Store,Gresham,2022-07-23
3360,Chloe Jones,Retail,Immediate,In-Store,Portland,2023-10-02
3361,Ella Miller,Retail,Immediate,In-Store,Seattle,2023-01-15
3362,Sophia Moore,Retail,Immediate,In-Store,Gresham,2024-05-24
3363,Sophia Taylor,Retail,Immediate,In-Store,Vancouver,2022-09-22
3364,Michael Kim,Retail,Immediate,In-Store,Portland,2022-06-16
3365,Liam Smith,Retail,Immediate,In-Store,Bend,2024-03-04
3366,Joseph Kim,Retail,Immediate,In-Store,Portland,2024-11-18
3367,Chloe Jones,Retail,Immediate,In-Store,Gresham,2025-11-16
3368,Emily Williams,Retail,Immediate,In-Store,Eugene,2024-05-07
3369,Hannah Nguyen,Retail,Immediate,In-Store,Seattle,2023-05-11
3370,Madison Thomas,Retail,Immediate,In-Store,Vancouver,2025-01-28
3371,Ethan Nguyen,Retail,Immediate,In-Store,Corvallis,2023-02-26
3372,Matthew Thomas,Retail,Immediate,In-Store,Portland,2025-11-16
3373,Jessica Jones,Retail,Immediate,In-Store,Hillsboro,2022-07-19
3374,Isabella Wilson,Retail,Immediate,In-Store,Lake Oswego,2024-09-21
3375,Mia Kim,Retail,Immediate,In-Store,Portland,2025-01-26
3376,Hannah Lee,Retail,Immediate,In-Store,Portland,2025-11-03
3377,Lucas Davis,Retail,Immediate,In-Store,Lake Oswego,2023-12-23
3378,Daniel Davis,Retail,Immediate,In-Store,Portland,2024-07-16
3379,ELLA PATEL ,Retail,Immediate,In-Store,Vancouver,2024-02-15
3380,Matthew Nelson,Retail,Immediate,In-Store,Portland,2023-10-01
3381,Ashley Brown,Retail,Immediate,In-Store,Vancouver,2024-03-18
3382,Emma Carter,Retail,Immediate,In-Store, portland,2022-02-23
3383,Liam Johnson,Retail,Immediate,In-Store,Beaverton,2023-02-21
3384,SOPHIA KIM ,Retail,Immediate,In-Store,Seattle,2024-08-29
3385,Ashley Williams,Retail,Immediate,In-Store,Portland,2023-06-25
3386,Ethan Williams,Retail,Immediate,In-Store,Portland,2022-12-02
3387,Chloe Davis,Retail,Immediate,In-Store,Portland,2023-09-04
3388,Ava Lee,Retail,Immediate,In-Store,Portland,2022-04-29
3389,Matthew Martin,Retail,Immediate,In-Store,Portland,2025-09-29
3390,Michael Wilson,Retail,Immediate,In-Store,Beaverton,2022-06-22
3391,Daniel Thomas,Retail,Immediate,In-Store,Portland,2023-02-15
3392,Michael Miller,Retail,Immediate,In-Store,Seattle,2025-07-28
3393,Jessica Garcia,Retail,Immediate,In-Store,Portland,2023-09-03
3394,Liam Carter,Retail,Immediate,In-Store,Portland,2022-06-26
3395,Chloe Wilson,Retail,Immediate,In-Store,Tigard,2023-04-23
3396,Jessica Miller,Retail,Immediate,In-Store,Portland,2025-05-18
3397,Olivia Smith,Retail,Immediate,In-Store,Salem,2022-11-29
3398,Joseph Martin,Retail,Immediate,In-Store,Hillsboro,2024-10-23
3399,Joseph Moore,Retail,Immediate,In-Store,Portland,2024-11-01
3400,CHLOE CARTER ,Retail,Immediate,In-Store, gresham,2024-01-03
3401,Isabella Taylor,Retail,Immediate,In-Store,Beaverton,2025-06-20
3402,Ethan Thomas,Retail,Immediate,In-Store,Portland,2025-10-17
3403,Ethan Carter,Retail,Immediate,In-Store,Portland,2023-07-02
3404,Ava Kim,Retail,Immediate,In-Store,Portland,2024-10-15
3405,ETHAN TAYLOR ,Retail,Immediate,In-Store,Portland,2022-08-17
3406,Noah Patel,Retail,Immediate,In-Store, portland,2025-07-20
3407,Ethan Patel,Retail,Immediate,In-Store,Vancouver,2024-06-14
3408,Daniel Brown,Retail,Immediate,In-Store,Salem,2022-12-18
3409,Ashley Nguyen,Retail,Immediate,In-Store,Portland,2023-09-19
3410,Robert Davis,Retail,Immediate,In-Store,Portland,2024-09-12
3411,David Nguyen,Retail,Immediate,In-Store,Hillsboro,2023-09-14
3412,William Anderson,Retail,Immediate,In-Store,Portland,2025-10-23
3413,EMILY SMITH ,Retail,Immediate,In-Store, hillsboro,2023-10-10
3414,HANNAH NELSON ,Retail,Immediate,In-Store,Beaverton,2023-04-14
3415,Ethan Patel,Retail,Immediate,In-Store,Tigard,2022-04-23
3416,Emma Miller,Retail,Immediate,In-Store,Portland,2022-01-08
3417,Daniel Brown,Retail,Immediate,In-Store,Salem,2022-05-04
3418,Mia Jones,Retail,Immediate,In-Store,Portland,2024-03-26
3419,Joseph Jones,Retail,Immediate,In-Store,Salem,2025-11-25
3420,Daniel Nelson,Retail,Immediate,In-Store,Vancouver,2024-01-25
3421,Ava Davis,Retail,Immediate,In-Store,Portland,2023-12-01
3422,Mason Miller,Retail,Immediate,In-Store,Portland,2023-05-31
3423,Noah Johnson,Retail,Immediate,In-Store,Portland,2022-02-07
3424,Jessica Martin,Retail,Immediate,In-Store,Portland,2024-11-21
3425,Michael Jones,Retail,Immediate,In-Store,Hillsboro,2022-06-09
3426,Hannah Williams,Retail,Immediate,In-Store,Portland,2023-05-16
3427,Daniel Lee,Retail,Immediate,In-Store,Portland,2025-01-02
3428,James Smith,Retail,Immediate,In-Store,Bend,2022-11-06
3429,Chloe Taylor,Retail,Immediate,In-Store,Portland,2022-09-28
3430,Liam Brown,Retail,Immediate,In-Store,Gresham,2023-03-18
3431,Matthew Kim,Retail,Immediate,In-Store,Eugene,2025-09-22
3432,Grace Thomas,Retail,Immediate,In-Store,Portland,2022-02-21
3433,Chloe Williams,Retail,Immediate,In-Store,Salem,2024-11-29
3434,Hannah Johnson,Retail,Immediate,In-Store,Gresham,2025-09-08
3435,Lucas Patel,Retail,Immediate,In-Store,Beaverton,2025-10-29
3436,Emily Taylor,Retail,Immediate,In-Store,Portland,2025-04-28
3437,Noah Jones,Retail,Immediate,In-Store,Beaverton,2025-09-07
3438,Joseph Jones,Retail,Immediate,In-Store,Portland,2023-12-08
3439,Madison Jones,Retail,Immediate,In-Store, portland,2025-06-17
3440,Andrew Davis,Retail,Immediate,In-Store,Lake Oswego,2023-06-11
3441,Olivia Taylor,Retail,Immediate,In-Store,Portland,2022-11-19
3442,James Wilson,Retail,Immediate,In-Store,Portland,2025-02-12
3443,Hannah Miller,Retail,Immediate,In-Store,Hillsboro,2024-05-15
3444,William Moore,Retail,Immediate,In-Store, portland,2023-01-07
3445,Joseph Anderson,Retail,Immediate,In-Store,Portland,2022-08-30
3446,Chloe Lee,Retail,Immediate,In-Store,Portland,2025-05-27
3447,Ethan Patel,Retail,Immediate,In-Store,Portland,2022-09-18
3448,Jessica Brown,Retail,Immediate,In-Store,Portland,2025-12-01
3449,Hannah Nguyen,Retail,Immediate,In-Store,Portland,2025-04-01
3450,Matthew Moore,Retail,Immediate,In-Store, salem,2024-11-29
3451,ANDREW DAVIS ,Retail,Immediate,In-Store,Portland,2022-04-27
3452,Mia Johnson,Retail,Immediate,In-Store,Seattle,2025-10-28
3453,Sarah Anderson,Retail,Immediate,In-Store, salem,2024-02-04
3454,Olivia Davis,Retail,Immediate,In-Store,Hillsboro,2025-05-05
3455,Robert Nguyen,Retail,Immediate,In-Store,Portland,2023-12-04
3456,Emily Jones,Retail,Immediate,In-Store,Portland,2025-05-03
3457,Noah Jones,Retail,Immediate,In-Store,Gresham,2024-09-11
3458,MATTHEW JOHNSON ,Retail,Immediate,In-Store,Corvallis,2024-03-23
3459,Michael Carter,Retail,Immediate,In-Store,Gresham,2025-04-21
3460,JOSEPH THOMAS ,Retail,Immediate,In-Store,Portland,2022-02-26
3461,Liam Lee,Retail,Immediate,In-Store,Portland,2024-12-16
3462,David Nguyen,Retail,Immediate,In-Store,Portland,2024-04-28
3463,Olivia Davis,Retail,Immediate,In-Store,Eugene,2024-07-31
3464,William Anderson,Retail,Immediate,In-Store,Portland,2025-06-01
3465,EMMA TAYLOR ,Retail,Immediate,In-Store,Portland,2023-01-01
3466,Isabella Anderson,Retail,Immediate,In-Store,Salem,2023-04-26
3467,Matthew Nguyen,Retail,Immediate,In-Store,Portland,2022-10-20
3468,Mason Johnson,Retail,Immediate,In-Store,Portland,2025-06-25
3469,Emily Smith,Retail,Immediate,In-Store,Portland,2023-12-14
3470,Noah Thomas,Retail,Immediate,In-Store, seattle,2023-11-15
3471,Sophia Johnson,Retail,Immediate,In-Store,Portland,2023-02-24
3472,Emily Williams,Retail,Immediate,In-Store,Beaverton,2024-07-30
3473,Ethan Jones,Retail,Immediate,In-Store,Portland,2022-03-14
3474,Andrew Miller,Retail,Immediate,In-Store,Portland,2022-08-10
3475,Mia Smith,Retail,Immediate,In-Store,Portland,2022-10-25
3476,Chloe Davis,Retail,Immediate,In-Store,Portland,2024-02-02
3477,David Jones,Retail,Immediate,In-Store,Portland,2023-08-19
3478,Liam Johnson,Retail,Immediate,In-Store,Beaverton,2023-11-16
3479,Olivia Martin,Retail,Immediate,In-Store,Vancouver,2022-04-23
3480,Liam Garcia,Retail,Immediate,In-Store,Tigard,2025-02-28
3481,AVA NELSON ,Retail,Immediate,In-Store,Portland,2023-09-27
3482,Christopher Kim,Retail,Immediate,In-Store,Portland,2025-05-28
3483,William Martin,Retail,Immediate,In-Store,Portland,2024-03-16
3484,Olivia Patel,Retail,Immediate,In-Store,Gresham,2024-10-16
3485,Chloe Carter,Retail,Immediate,In-Store, hillsboro,2024-12-09
3486,Matthew Taylor,Retail,Immediate,In-Store,Corvallis,2024-03-20
3487,Mia Kim,Retail,Immediate,In-Store,Salem,2025-05-25
3488,Matthew Thomas,Retail,Immediate,In-Store,Portland,2025-12-09
3489,Chloe Thomas,Retail,Immediate,In-Store,Portland,2022-01-16
3490,Ella Wilson,Retail,Immediate,In-Store,Beaverton,2025-10-20
3491,Sophia Wilson,Retail,Immediate,In-Store,Portland,2022-09-14
3492,Mia Jones,Retail,Immediate,In-Store,Portland,2022-01-08
3493,James Brown,Retail,Immediate,In-Store,Portland,2024-10-08
3494,Hannah Davis,Retail,Immediate,In-Store,Portland,2025-07-26
3495,Olivia Taylor,Retail,Immediate,In-Store,Portland,2025-06-10
3496,Joseph Miller,Retail,Immediate,In-Store,Hillsboro,2023-12-25
3497,Michael Wilson,Retail,Immediate,In-Store, tigard,2025-04-27
3498,Ava Moore,Retail,Immediate,In-Store,Tigard,2024-07-17
3499,Jessica Carter,Retail,Immediate,In-Store,Portland,2023-08-30
3500,Isabella Smith,Retail,Immediate,In-Store,Portland,2024-02-14
3501,Emma Taylor,Retail,Immediate,In-Store,Portland,2024-01-12
3502,Emma Moore,Retail,Immediate,In-Store,Portland,2022-03-10
3503,Andrew Garcia,Retail,Immediate,In-Store,Hillsboro,2022-10-13
3504,Lucas Taylor,Retail,Immediate,In-Store,Gresham,2022-08-11
3505,Michael Thomas,Retail,Immediate,In-Store,Tigard,2023-09-14
3506,Robert Johnson,Retail,Immediate,In-Store,Portland,2025-03-17
3507,Michael Wilson,Retail,Immediate,In-Store,Portland,2022-08-03
3508,Liam Brown,Retail,Immediate,In-Store,Portland,2023-12-04
3509,Ava Miller,Retail,Immediate,In-Store,Portland,2022-10-20
3510,Chloe Kim,Retail,Immediate,In-Store,Portland,2024-06-28
3511,Chloe Williams,Retail,Immediate,In-Store,Beaverton,2023-03-24
3512,Ethan Nelson,Retail,Immediate,In-Store,Portland,2022-10-05
3513,Lucas Anderson,Retail,Immediate,In-Store,Eugene,2024-07-11
3514,DANIEL BROWN ,Retail,Immediate,In-Store,Portland,2025-04-06
3515,David Garcia,Retail,Immediate,In-Store,Portland,2025-11-03
3516,Lucas Johnson,Retail,Immediate,In-Store,Seattle,2022-07-04
3517,ANDREW WILLIAMS ,Retail,Immediate,In-Store, portland,2024-05-22
3518,ANDREW MOORE ,Retail,Immediate,In-Store,Portland,2023-11-10
3519,Ashley Davis,Retail,Immediate,In-Store,Portland,2024-02-19
3520,Mason Garcia,Retail,Immediate,In-Store, portland,2024-10-16
3521,Noah Martin,Retail,Immediate,In-Store, portland,2022-09-03
3522,Liam Miller,Retail,Immediate,In-Store,Portland,2025-01-16
3523,Noah Kim,Retail,Immediate,In-Store,Seattle,2023-09-18
3524,Olivia Martin,Retail,Immediate,In-Store,Eugene,2023-02-08
3525,Noah Wilson,Retail,Immediate,In-Store,Corvallis,2022-08-06
3526,Mia Nguyen,Retail,Immediate,In-Store,Beaverton,2025-01-11
3527,William Garcia,Retail,Immediate,In-Store,Beaverton,2022-09-10
3528,Ava Wilson,Retail,Immediate,In-Store,Hillsboro,2024-04-09
3529,Sarah Miller,Retail,Immediate,In-Store,Portland,2024-01-20
3530,MICHAEL BROWN ,Retail,Immediate,In-Store,Portland,2022-03-23
3531,Lucas Brown,Retail,Immediate,In-Store,Lake Oswego,2024-03-22
3532,MATTHEW LEE ,Retail,Immediate,In-Store,Salem,2024-07-08
3533,Olivia Nguyen,Retail,Immediate,In-Store,Lake Oswego,2025-04-06
3534,Ella Lee,Retail,Immediate,In-Store, portland,2024-02-29
3535,Hannah Nelson,Retail,Immediate,In-Store,Portland,2022-06-25
3536,Emily Martin,Retail,Immediate,In-Store,Eugene,2025-09-21
3537,William Garcia,Retail,Immediate,In-Store,Seattle,2022-04-19
3538,MADISON WILLIAMS ,Retail,Immediate,In-Store,Portland,2023-12-17
3539,Noah Brown,Retail,Immediate,In-Store,Portland,2025-05-23
3540,ETHAN TAYLOR ,Retail,Immediate,In-Store,Portland,2023-09-21
3541,MATTHEW GARCIA ,Retail,Immediate,In-Store,Vancouver,2025-01-08
3542,Andrew Miller,Retail,Immediate,In-Store,Portland,2024-05-05
3543,CHRISTOPHER LEE ,Retail,Immediate,In-Store,Portland,2022-03-15
3544,Emma Smith,Retail,Immediate,In-Store, salem,2025-06-06
3545,MATTHEW WILSON ,Retail,Immediate,In-Store,Portland,2024-10-05
3546,Emily Kim,Retail,Immediate,In-Store,Tigard,2025-02-13
3547,Sarah Miller,Retail,Immediate,In-Store,Gresham,2022-05-10
3548,Emily Smith,Retail,Immediate,In-Store, portland,2024-04-30
3549,Michael Johnson,Retail,Immediate,In-Store,Portland,2025-08-05
3550,David Anderson,Retail,Immediate,In-Store,Portland,2025-06-29
3551,Hannah Moore,Retail,Immediate,In-Store, seattle,2023-02-28
3552,Michael Lee,Retail,Immediate,In-Store,Portland,2025-01-23
3553,Emily Brown,Retail,Immediate,In-Store,Salem,2025-04-07
3554,ANDREW DAVIS ,Retail,Immediate,In-Store,Portland,2025-03-26
3555,Michael Smith,Retail,Immediate,In-Store,Portland,2022-04-30
3556,Sarah Smith,Retail,Immediate,In-Store,Portland,2025-11-21
3557,Grace Martin,Retail,Immediate,In-Store, vancouver,2025-03-12
3558,Sophia Moore,Retail,Immediate,In-Store,Beaverton,2023-07-12
3559,David Nelson,Retail,Immediate,In-Store,Portland,2024-10-18
3560,MASON TAYLOR ,Retail,Immediate,In-Store,Tigard,2025-12-20
3561,Chloe Anderson,Retail,Immediate,In-Store,Gresham,2022-12-07
3562,Chloe Williams,Retail,Immediate,In-Store,Portland,2025-02-08
3563,James Carter,Retail,Immediate,In-Store,Hillsboro,2022-09-06
3564,Grace Davis,Retail,Immediate,In-Store,Portland,2023-11-20
3565,Ella Garcia,Retail,Immediate,In-Store, portland,2024-02-19
3566,Mason Taylor,Retail,Immediate,In-Store,Portland,2025-12-28
3567,EMMA NGUYEN ,Retail,Immediate,In-Store,Seattle,2024-06-14
3568,Daniel Miller,Retail,Immediate,In-Store,Portland,2023-12-20
3569,James Patel,Retail,Immediate,In-Store,Portland,2025-06-10
3570,Lucas Garcia,Retail,Immediate,In-Store,Corvallis,2025-09-11
3571,ISABELLA BROWN ,Retail,Immediate,In-Store,Portland,2022-06-29
3572,Ethan Davis,Retail,Immediate,In-Store,Corvallis,2024-05-16
3573,Jessica Wilson,Retail,Immediate,In-Store,Beaverton,2022-12-03
3574,ROBERT WILSON ,Retail,Immediate,In-Store,Portland,2025-11-27
3575,Grace Moore,Retail,Immediate,In-Store,Seattle,2022-01-23
3576,James Nguyen,Retail,Immediate,In-Store,Portland,2022-12-03
3577,NOAH NELSON ,Retail,Immediate,In-Store,Beaverton,2025-01-31
3578,Olivia Thomas,Retail,Immediate,In-Store,Portland,2022-11-03
3579,Michael Nguyen,Retail,Immediate,In-Store,Portland,2024-11-28
3580,Matthew Jones,Retail,Immediate,In-Store,Portland,2023-06-07
3581,William Moore,Retail,Immediate,In-Store,Eugene,2025-02-27
3582,Ava Kim,Retail,Immediate,In-Store,Portland,2023-05-04
3583,Jessica Lee,Retail,Immediate,In-Store,Portland,2025-05-22
3584,Mason Martin,Retail,Immediate,In-Store, beaverton,2024-08-02
3585,Emily Davis,Retail,Immediate,In-Store,Hillsboro,2023-02-08
3586,Sarah Williams,Retail,Immediate,In-Store,Vancouver,2023-09-29
3587,Isabella Nelson,Retail,Immediate,In-Store,Gresham,2022-06-12
3588,Hannah Wilson,Retail,Immediate,In-Store,Portland,2023-03-18
3589,Mia Garcia,Retail,Immediate,In-Store,Beaverton,2024-11-17
3590,Christopher Kim,Retail,Immediate,In-Store,Portland,2022-06-17
3591,Ashley Wilson,Retail,Immediate,In-Store,Portland,2022-10-04
3592,ETHAN WILSON ,Retail,Immediate,In-Store,Portland,2024-11-08
3593,NOAH BROWN ,Retail,Immediate,In-Store,Beaverton,2023-10-08
3594,Daniel Kim,Retail,Immediate,In-Store,Corvallis,2024-10-29
3595,Andrew Brown,Retail,Immediate,In-Store,Eugene,2025-08-10
3596,LUCAS JOHNSON ,Retail,Immediate,In-Store,Portland,2025-08-19
3597,Daniel Smith,Retail,Immediate,In-Store,Beaverton,2024-08-28
3598,Matthew Anderson,Retail,Immediate,In-Store,Salem,2025-12-09
3599,Andrew Patel,Retail,Immediate,In-Store,Vancouver,2023-07-14
3600,William Carter,Retail,Immediate,In-Store,Salem,2024-04-25
3601,Daniel Carter,Retail,Immediate,In-Store,Portland,2022-06-14
3602,Mason Wilson,Retail,Immediate,In-Store,Portland,2023-04-12
3603,Ava Nguyen,Retail,Immediate,In-Store,Portland,2024-09-06
3604,Ava Garcia,Retail,Immediate,In-Store,Portland,2023-05-14
3605,Emma Lee,Retail,Immediate,In-Store,Portland,2024-11-08
3606,William Kim,Retail,Immediate,In-Store,Portland,2025-08-13
3607,Matthew Carter,Retail,Immediate,In-Store,Portland,2025-12-22
3608,Mason Williams,Retail,Immediate,In-Store,Beaverton,2022-04-09
3609,Sarah Nguyen,Retail,Immediate,In-Store,Portland,2022-05-15
3610,Hannah Johnson,Retail,Immediate,In-Store,Portland,2022-11-10
3611,DANIEL KIM ,Retail,Immediate,In-Store,Vancouver,2025-02-10
3612,Emma Williams,Retail,Immediate,In-Store,Portland,2023-04-21
3613,William Patel,Retail,Immediate,In-Store,Portland,2023-02-23
3614,CHLOE NGUYEN ,Retail,Immediate,In-Store,Portland,2024-08-15
3615,Emma Nelson,Retail,Immediate,In-Store, eugene,2024-09-11
3616,Joseph Miller,Retail,Immediate,In-Store,Portland,2025-10-08
3617,Ella Brown,Retail,Immediate,In-Store,Hillsboro,2023-04-13
3618,Isabella Martin,Retail,Immediate,In-Store,Portland,2022-11-05
3619,Daniel Nguyen,Retail,Immediate,In-Store,Portland,2022-07-26
3620,Liam Taylor,Retail,Immediate,In-Store,Salem,2023-07-12
3621,Noah Jones,Retail,Immediate,In-Store,Corvallis,2025-08-25
3622,Sarah Lee,Retail,Immediate,In-Store, portland,2022-05-24
3623,Jessica Brown,Retail,Immediate,In-Store,Beaverton,2024-06-08
3624,Daniel Brown,Retail,Immediate,In-Store,Beaverton,2023-08-07
3625,Emily Miller,Retail,Immediate,In-Store,Eugene,2023-05-11
3626,Isabella Wilson,Retail,Immediate,In-Store,Portland,2025-10-18
3627,Sophia Jones,Retail,Immediate,In-Store,Portland,2024-04-02
3628,Daniel Thomas,Retail,Immediate,In-Store,Portland,2024-01-11
3629,Hannah Martin,Retail,Immediate,In-Store,Corvallis,2022-08-01
3630,Chloe Nguyen,Retail,Immediate,In-Store,Portland,2022-03-16
3631,Andrew Patel,Retail,Immediate,In-Store,Gresham,2023-07-21
3632,LIAM MARTIN ,Retail,Immediate,In-Store,Gresham,2024-07-16
3633,Chloe Miller,Retail,Immediate,In-Store,Hillsboro,2023-10-29
3634,Emma Wilson,Retail,Immediate,In-Store,Beaverton,2022-06-30
3635,Emma Wilson,Retail,Immediate,In-Store,Portland,2025-02-08
3636,Olivia Jones,Retail,Immediate,In-Store,Portland,2022-09-01
3637,Mia Garcia,Retail,Immediate,In-Store,Portland,2024-01-11
3638,Mia Wilson,Retail,Immediate,In-Store,Portland,2022-01-22
3639,Chloe Patel,Retail,Immediate,In-Store,Vancouver,2025-11-06
3640,Emily Kim,Retail,Immediate,In-Store,Portland,2023-06-27
3641,Christopher Miller,Retail,Immediate,In-Store,Hillsboro,2024-05-20
3642,Ethan Jones,Retail,Immediate,In-Store,Gresham,2022-09-23
3643,Joseph Moore,Retail,Immediate,In-Store,Portland,2023-01-20
3644,OLIVIA KIM ,Retail,Immediate,In-Store,Gresham,2025-08-06
3645,OLIVIA WILSON ,Retail,Immediate,In-Store,Eugene,2025-04-12
3646,ELLA DAVIS ,Retail,Immediate,In-Store, salem,2025-02-18
3647,Daniel Carter,Retail,Immediate,In-Store,Portland,2024-01-06
3648,Noah Wilson,Retail,Immediate,In-Store,Portland,2024-05-25
3649,Robert Davis,Retail,Immediate,In-Store,Hillsboro,2023-11-07
3650,Robert Moore,Retail,Immediate,In-Store,Portland,2025-12-12
3651,Robert Moore,Retail,Immediate,In-Store, vancouver,2023-05-29
3652,Grace Patel,Retail,Immediate,In-Store,Portland,2023-11-11
3653,NOAH BROWN ,Retail,Immediate,In-Store,Corvallis,2024-04-23
3654,Michael Johnson,Retail,Immediate,In-Store,Portland,2024-03-15
3655,Isabella Jones,Retail,Immediate,In-Store,Portland,2023-03-26
3656,Liam Johnson,Retail,Immediate,In-Store,Portland,2025-12-30
3657,Ethan Anderson,Retail,Immediate,In-Store,Portland,2024-10-19
3658,Emma Patel,Retail,Immediate,In-Store,Portland,2023-02-19
3659,Mia Thomas,Retail,Immediate,In-Store,Eugene,2022-06-22
3660,Chloe Nelson,Retail,Immediate,In-Store,Eugene,2022-06-13
3661,Lucas Patel,Retail,Immediate,In-Store,Gresham,2023-06-12
3662,Robert Thomas,Retail,Immediate,In-Store, portland,2025-04-21
3663,ELLA WILSON ,Retail,Immediate,In-Store,Portland,2023-03-01
3664,Joseph Nelson,Retail,Immediate,In-Store,Portland,2022-08-19
3665,William Thomas,Retail,Immediate,In-Store,Salem,2023-03-29
3666,James Patel,Retail,Immediate,In-Store,Portland,2024-11-25
3667,Madison Carter,Retail,Immediate,In-Store,Hillsboro,2024-04-08
3668,Liam Martin,Retail,Immediate,In-Store,Tigard,2023-03-17
3669,Emily Garcia,Retail,Immediate,In-Store,Beaverton,2023-03-14
3670,Noah Wilson,Retail,Immediate,In-Store, portland,2023-11-14
3671,ROBERT NELSON ,Retail,Immediate,In-Store, lake oswego,2022-08-05
3672,Olivia Johnson,Retail,Immediate,In-Store,Beaverton,2022-01-15
3673,Liam Martin,Retail,Immediate,In-Store,Portland,2022-01-18
3674,Liam Davis,Retail,Immediate,In-Store,Portland,2023-10-10
3675,Emily Patel,Retail,Immediate,In-Store,Portland,2024-08-06
3676,ISABELLA SMITH ,Retail,Immediate,In-Store,Portland,2024-10-18
3677,Emily Lee,Retail,Immediate,In-Store,Lake Oswego,2023-06-13
3678,Liam Smith,Retail,Immediate,In-Store,Portland,2025-10-29
3679,Isabella Smith,Retail,Immediate,In-Store,Beaverton,2024-10-18
3680,Emily Smith,Retail,Immediate,In-Store,Beaverton,2024-07-16
3681,Andrew Johnson,Retail,Immediate,In-Store,Portland,2025-02-03
3682,Ashley Lee,Retail,Immediate,In-Store,Beaverton,2025-11-04
3683,Hannah Kim,Retail,Immediate,In-Store,Hillsboro,2022-09-15
3684,Ella Lee,Retail,Immediate,In-Store,Portland,2022-06-13
3685,Emily Martin,Retail,Immediate,In-Store,Portland,2022-09-01
3686,EMMA NGUYEN ,Retail,Immediate,In-Store,Portland,2025-04-23
3687,Noah Nelson,Retail,Immediate,In-Store, hillsboro,2024-12-17
3688,Andrew Martin,Retail,Immediate,In-Store,Beaverton,2022-05-31
3689,Olivia Lee,Retail,Immediate,In-Store,Vancouver,2022-10-17
3690,Sophia Carter,Retail,Immediate,In-Store,Portland,2025-07-15
3691,Ava Williams,Retail,Immediate,In-Store, portland,2025-12-29
3692,Mia Lee,Retail,Immediate,In-Store,Hillsboro,2022-11-10
3693,MATTHEW NELSON ,Retail,Immediate,In-Store,Portland,2022-03-10
3694,Michael Nguyen,Retail,Immediate,In-Store, portland,2022-12-18
3695,MASON DAVIS ,Retail,Immediate,In-Store,Hillsboro,2024-08-14
3696,Noah Garcia,Retail,Immediate,In-Store, portland,2024-09-01
3697,Joseph Nelson,Retail,Immediate,In-Store,Portland,2022-12-27
3698,Michael Williams,Retail,Immediate,In-Store,Portland,2025-07-09
3699,ISABELLA JOHNSON ,Retail,Immediate,In-Store, portland,2023-10-07
3700,Madison Patel,Retail,Immediate,In-Store,Portland,2025-07-29
3701,Ava Johnson,Retail,Immediate,In-Store,Portland,2024-07-16
3702,Madison Nelson,Retail,Immediate,In-Store,Vancouver,2025-09-26
3703,HANNAH MOORE ,Retail,Immediate,In-Store,Portland,2024-02-21
3704,Olivia Anderson,Retail,Immediate,In-Store,Salem,2023-05-23
3705,Olivia Jones,Retail,Immediate,In-Store,Portland,2022-09-15
3706,Grace Williams,Retail,Immediate,In-Store,Portland,2022-10-30
3707,Sarah Lee,Retail,Immediate,In-Store,Portland,2025-07-27
3708,EMMA MILLER ,Retail,Immediate,In-Store,Portland,2023-08-11
3709,Sophia Davis,Retail,Immediate,In-Store,Portland,2024-06-20
3710,Ashley Carter,Retail,Immediate,In-Store,Corvallis,2022-01-25
3711,GRACE PATEL ,Retail,Immediate,In-Store,Portland,2025-03-22
3712,NOAH THOMAS ,Retail,Immediate,In-Store,Portland,2024-12-20
3713,Mason Kim,Retail,Immediate,In-Store,Portland,2022-09-09
3714,Mia Smith,Retail,Immediate,In-Store,Beaverton,2024-03-04
3715,Ethan Wilson,Retail,Immediate,In-Store,Portland,2022-01-05
3716,Olivia Davis,Retail,Immediate,In-Store,Salem,2022-09-22
3717,Michael Brown,Retail,Immediate,In-Store,Beaverton,2022-03-12
3718,Ashley Thomas,Retail,Immediate,In-Store,Eugene,2023-09-27
3719,Isabella Thomas,Retail,Immediate,In-Store,Portland,2025-10-19
3720,CHLOE DAVIS ,Retail,Immediate,In-Store,Corvallis,2025-03-27
3721,David Jones,Retail,Immediate,In-Store,Portland,2025-03-08
3722,Matthew Anderson,Retail,Immediate,In-Store,Portland,2023-05-11
3723,Isabella Taylor,Retail,Immediate,In-Store,Portland,2025-03-12
3724,Ethan Brown,Retail,Immediate,In-Store,Portland,2024-10-20
3725,Matthew Patel,Retail,Immediate,In-Store,Tigard,2023-07-14
3726,Olivia Williams,Retail,Immediate,In-Store,Portland,2023-05-10
3727,ASHLEY GARCIA ,Retail,Immediate,In-Store,Portland,2023-02-14
3728,ASHLEY LEE ,Retail,Immediate,In-Store, beaverton,2025-08-01
3729,Lucas Smith,Retail,Immediate,In-Store,Beaverton,2023-08-15
3730,Andrew Patel,Retail,Immediate,In-Store,Vancouver,2023-05-16
3731,Ava Brown,Retail,Immediate,In-Store,Corvallis,2023-01-28
3732,Liam Kim,Retail,Immediate,In-Store,Salem,2024-07-04
3733,Ethan Kim,Retail,Immediate,In-Store,Portland,2025-12-07
3734,Hannah Lee,Retail,Immediate,In-Store,Hillsboro,2025-10-26
3735,Noah Carter,Retail,Immediate,In-Store,Portland,2025-01-02
3736,Ella Miller,Retail,Immediate,In-Store,Portland,2023-11-01
3737,LIAM TAYLOR ,Retail,Immediate,In-Store,Eugene,2024-11-12
3738,Jessica Nguyen,Retail,Immediate,In-Store,Beaverton,2024-05-09
3739,William Anderson,Retail,Immediate,In-Store,Seattle,2024-07-17
3740,Sarah Moore,Retail,Immediate,In-Store,Seattle,2025-06-22
3741,Ella Anderson,Retail,Immediate,In-Store,Gresham,2023-06-09
3742,Daniel Taylor,Retail,Immediate,In-Store,Portland,2023-06-27
3743,Matthew Wilson,Retail,Immediate,In-Store,Portland,2022-12-26
3744,Sarah Moore,Retail,Immediate,In-Store,Portland,2025-03-16
3745,Jessica Thomas,Retail,Immediate,In-Store,Portland,2024-02-04
3746,LIAM PATEL ,Retail,Immediate,In-Store,Portland,2023-05-14
3747,Robert Wilson,Retail,Immediate,In-Store,Vancouver,2025-12-20
3748,Liam Martin,Retail,Immediate,In-Store,Salem,2022-05-24
3749,David Brown,Retail,Immediate,In-Store,Portland,2025-01-24
3750,Michael Anderson,Retail,Immediate,In-Store, portland,2022-02-04
3751,Liam Nguyen,Retail,Immediate,In-Store,Portland,2022-12-26
3752,JESSICA WILLIAMS ,Retail,Immediate,In-Store,Gresham,2025-08-09
3753,Christopher Patel,Retail,Immediate,In-Store,Portland,2024-01-28
3754,Lucas Nguyen,Retail,Immediate,In-Store,Portland,2024-08-04
3755,Mia Smith,Retail,Immediate,In-Store,Portland,2023-04-15
3756,Ella Jones,Retail,Immediate,In-Store, portland,2025-12-04
3757,Emma Nguyen,Retail,Immediate,In-Store,Seattle,2023-01-01
3758,Ethan Taylor,Retail,Immediate,In-Store,Portland,2024-05-22
3759,Ashley Smith,Retail,Immediate,In-Store,Portland,2022-10-14
3760,Sophia Miller,Retail,Immediate,In-Store,Portland,2024-01-06
3761,Joseph Moore,Retail,Immediate,In-Store, hillsboro,2025-10-02
3762,Lucas Nelson,Retail,Immediate,In-Store,Portland,2024-01-02
3763,Grace Martin,Retail,Immediate,In-Store,Portland,2023-06-14
3764,Sarah Kim,Retail,Immediate,In-Store,Portland,2025-09-03
3765,JESSICA DAVIS ,Retail,Immediate,In-Store,Beaverton,2025-04-12
3766,Ava Taylor,Retail,Immediate,In-Store,Portland,2025-07-25
3767,Robert Garcia,Retail,Immediate,In-Store,Portland,2025-12-18
3768,Jessica Garcia,Retail,Immediate,In-Store,Portland,2023-08-07
3769,Ava Johnson,Retail,Immediate,In-Store,Portland,2025-01-20
3770,Ethan Carter,Retail,Immediate,In-Store,Portland,2025-01-01
3771,Chloe Thomas,Retail,Immediate,In-Store,Portland,2022-03-30
3772,Ashley Johnson,Retail,Immediate,In-Store,Corvallis,2022-03-08
3773,Ava Taylor,Retail,Immediate,In-Store,Portland,2024-05-04
3774,Ella Garcia,Retail,Immediate,In-Store,Portland,2024-05-28
3775,Andrew Nguyen,Retail,Immediate,In-Store,Hillsboro,2022-02-01
3776,Sophia Moore,Retail,Immediate,In-Store,Bend,2022-11-16
3777,Emma Thomas,Retail,Immediate,In-Store,Portland,2023-05-19
3778,Isabella Brown,Retail,Immediate,In-Store,Beaverton,2023-09-18
3779,Mason Williams,Retail,Immediate,In-Store,Portland,2022-08-13
3780,LUCAS PATEL ,Retail,Immediate,In-Store,Portland,2023-03-07
3781,Olivia Lee,Retail,Immediate,In-Store,Beaverton,2024-11-21
3782,Emily Johnson,Retail,Immediate,In-Store,Eugene,2024-03-18
3783,Ava Miller,Retail,Immediate,In-Store,Portland,2022-03-19
3784,Robert Lee,Retail,Immediate,In-Store,Beaverton,2024-12-28
3785,SARAH MOORE ,Retail,Immediate,In-Store,Gresham,2024-02-27
3786,Sarah Taylor,Retail,Immediate,In-Store, portland,2022-11-06
3787,Robert Brown,Retail,Immediate,In-Store,Bend,2023-10-04
3788,Liam Thomas,Retail,Immediate,In-Store,Portland,2025-01-24
3789,Ava Carter,Retail,Immediate,In-Store,Portland,2023-07-22
3790,Michael Williams,Retail,Immediate,In-Store,Gresham,2022-11-24
3791,Noah Davis,Retail,Immediate,In-Store,Portland,2025-03-06
3792,Daniel Wilson,Retail,Immediate,In-Store,Portland,2024-09-01
3793,Mia Smith,Retail,Immediate,In-Store,Hillsboro,2022-05-06
3794,Ava Lee,Retail,Immediate,In-Store, portland,2024-01-18
3795,EMILY KIM ,Retail,Immediate,In-Store,Beaverton,2022-03-05
3796,Ella Carter,Retail,Immediate,In-Store, portland,2023-02-03
3797,Ella Brown,Retail,Immediate,In-Store,Portland,2022-07-04
3798,Emma Nelson,Retail,Immediate,In-Store, seattle,2022-11-06
3799,ANDREW SMITH ,Retail,Immediate,In-Store,Seattle,2024-09-18
3800,Joseph Nguyen,Retail,Immediate,In-Store,Beaverton,2024-10-23
3801,William Williams,Retail,Immediate,In-Store,Beaverton,2022-04-17
3802,David Taylor,Retail,Immediate,In-Store, portland,2024-06-03
3803,Christopher Garcia,Retail,Immediate,In-Store,Portland,2023-07-27
3804,DANIEL DAVIS ,Retail,Immediate,In-Store,Portland,2024-08-17
3805,David Williams,Retail,Immediate,In-Store,Beaverton,2025-06-18
3806,LIAM WILLIAMS ,Retail,Immediate,In-Store,Portland,2025-07-23
3807,Jessica Wilson,Retail,Immediate,In-Store,Beaverton,2024-05-27
3808,Ella Moore,Retail,Immediate,In-Store,Hillsboro,2022-02-18
3809,David Garcia,Retail,Immediate,In-Store,Portland,2023-03-22
3810,Mason Anderson,Retail,Immediate,In-Store,Portland,2024-10-09
3811,Liam Garcia,Retail,Immediate,In-Store,Beaverton,2022-09-02
3812,Ella Miller,Retail,Immediate,In-Store, portland,2023-04-24
3813,Noah Lee,Retail,Immediate,In-Store, portland,2022-04-15
3814,Madison Davis,Retail,Immediate,In-Store,Gresham,2023-03-05
3815,Joseph Lee,Retail,Immediate,In-Store,Corvallis,2025-10-16
3816,Joseph Kim,Retail,Immediate,In-Store,Portland,2022-08-05
3817,Hannah Patel,Retail,Immediate,In-Store,Seattle,2022-05-02
3818,James Taylor,Retail,Immediate,In-Store,Portland,2023-12-12
3819,ANDREW JOHNSON ,Retail,Immediate,In-Store,Seattle,2025-03-15
3820,JOSEPH TAYLOR ,Retail,Immediate,In-Store,Portland,2023-09-02
3821,LIAM SMITH ,Retail,Immediate,In-Store, salem,2025-04-22
3822,Jessica Davis,Retail,Immediate,In-Store,Hillsboro,2025-09-13
3823,Grace Johnson,Retail,Immediate,In-Store,Portland,2022-08-10
3824,Isabella Johnson,Retail,Immediate,In-Store,Portland,2024-11-14
3825,Mason Patel,Retail,Immediate,In-Store,Portland,2022-10-15
3826,Sophia Smith,Retail,Immediate,In-Store,Seattle,2022-08-28
3827,Lucas Wilson,Retail,Immediate,In-Store,Gresham,2024-02-06
3828,Hannah Williams,Retail,Immediate,In-Store,Vancouver,2022-02-28
3829,Noah Taylor,Retail,Immediate,In-Store,Corvallis,2022-06-25
3830,James Smith,Retail,Immediate,In-Store,Beaverton,2025-09-15
3831,Joseph Nguyen,Retail,Immediate,In-Store,Portland,2024-11-16
3832,Emma Johnson,Retail,Immediate,In-Store,Portland,2025-04-06
3833,Ella Moore,Retail,Immediate,In-Store,Beaverton,2023-02-08
3834,Joseph Taylor,Retail,Immediate,In-Store,Vancouver,2022-03-28
3835,CHRISTOPHER GARCIA ,Retail,Immediate,In-Store,Tigard,2024-03-21
3836,AVA MILLER ,Retail,Immediate,In-Store, portland,2022-03-04
3837,Chloe Nguyen,Retail,Immediate,In-Store,Portland,2023-05-01
3838,Daniel Miller,Retail,Immediate,In-Store,Eugene,2024-08-14
3839,Ava Smith,Retail,Immediate,In-Store,Beaverton,2024-07-11
3840,Ella Davis,Retail,Immediate,In-Store,Portland,2023-12-20
3841,Joseph Williams,Retail,Immediate,In-Store, portland,2022-08-04
3842,Emma Martin,Retail,Immediate,In-Store,Portland,2024-04-16
3843,Robert Lee,Retail,Immediate,In-Store,Portland,2023-07-13
3844,CHRISTOPHER WILLIAMS ,Retail,Immediate,In-Store,Portland,2024-09-21
3845,Matthew Thomas,Retail,Immediate,In-Store,Salem,2024-02-24
3846,Sophia Patel,Retail,Immediate,In-Store,Salem,2023-05-17
3847,Madison Anderson,Retail,Immediate,In-Store,Portland,2025-08-19
3848,WILLIAM MOORE ,Retail,Immediate,In-Store,Portland,2022-01-15
3849,Andrew Anderson,Retail,Immediate,In-Store,Portland,2023-04-30
3850,NOAH NGUYEN ,Retail,Immediate,In-Store,Portland,2022-04-02
3851,Ethan Nelson,Retail,Immediate,In-Store,Portland,2025-06-16
3852,William Johnson,Retail,Immediate,In-Store,Portland,2023-12-27
3853,Emily Miller,Retail,Immediate,In-Store,Hillsboro,2025-12-10
3854,Sarah Lee,Retail,Immediate,In-Store,Portland,2022-07-31
3855,NOAH JOHNSON ,Retail,Immediate,In-Store,Portland,2024-11-21
3856,Olivia Jones,Retail,Immediate,In-Store,Portland,2024-11-20
3857,Olivia Davis,Retail,Immediate,In-Store,Beaverton,2025-07-03
3858,William Taylor,Retail,Immediate,In-Store,Bend,2024-06-01
3859,Joseph Martin,Retail,Immediate,In-Store,Bend,2022-04-19
3860,LUCAS NELSON ,Retail,Immediate,In-Store,Hillsboro,2024-10-19
3861,Matthew Nelson,Retail,Immediate,In-Store,Salem,2025-11-17
3862,Ashley Martin,Retail,Immediate,In-Store,Portland,2022-05-21
3863,Olivia Kim,Retail,Immediate,In-Store, vancouver,2025-04-16
3864,Emily Thomas,Retail,Immediate,In-Store,Portland,2024-02-13
3865,Ethan Anderson,Retail,Immediate,In-Store,Portland,2024-02-11
3866,Olivia Johnson,Retail,Immediate,In-Store,Portland,2025-06-29
3867,LIAM NELSON ,Retail,Immediate,In-Store,Portland,2022-02-06
3868,Jessica Nelson,Retail,Immediate,In-Store,Gresham,2025-05-24
3869,James Nguyen,Retail,Immediate,In-Store,Salem,2023-04-01
3870,Ethan Wilson,Retail,Immediate,In-Store,Portland,2024-07-06
3871,Ashley Davis,Retail,Immediate,In-Store,Gresham,2022-10-23
3872,Chloe Williams,Retail,Immediate,In-Store,Portland,2024-10-23
3873,Joseph Miller,Retail,Immediate,In-Store,Portland,2022-03-09
3874,NOAH PATEL ,Retail,Immediate,In-Store,Portland,2025-09-08
3875,Christopher Brown,Retail,Immediate,In-Store,Gresham,2022-07-21
3876,Sarah Wilson,Retail,Immediate,In-Store, lake oswego,2024-09-25
3877,Hannah Wilson,Retail,Immediate,In-Store,Hillsboro,2024-02-16
3878,Lucas Smith,Retail,Immediate,In-Store,Tigard,2024-09-03
3879,MIA THOMAS ,Retail,Immediate,In-Store,Beaverton,2023-02-08
3880,WILLIAM JONES ,Retail,Immediate,In-Store,Portland,2022-08-05
3881,Mason Williams,Retail,Immediate,In-Store,Portland,2025-10-05
3882,Sarah Martin,Retail,Immediate,In-Store,Gresham,2024-03-17
3883,Daniel Patel,Retail,Immediate,In-Store,Hillsboro,2024-07-08
3884,Jessica Nguyen,Retail,Immediate,In-Store,Corvallis,2025-09-16
3885,MICHAEL WILSON ,Retail,Immediate,In-Store,Portland,2022-10-23
3886,Sophia Brown,Retail,Immediate,In-Store,Portland,2025-12-21
3887,Chloe Moore,Retail,Immediate,In-Store,Hillsboro,2023-10-18
3888,William Davis,Retail,Immediate,In-Store,Portland,2022-01-20
3889,Grace Nelson,Retail,Immediate,In-Store,Portland,2024-08-15
3890,EMILY NELSON ,Retail,Immediate,In-Store,Portland,2023-04-03
3891,Joseph Smith,Retail,Immediate,In-Store,Hillsboro,2023-12-07
3892,Lucas Davis,Retail,Immediate,In-Store,Vancouver,2025-01-18
3893,Olivia Smith,Retail,Immediate,In-Store,Vancouver,2023-11-15
3894,Olivia Anderson,Retail,Immediate,In-Store, portland,2022-01-24
3895,David Nguyen,Retail,Immediate,In-Store,Portland,2023-06-14
3896,Ella Brown,Retail,Immediate,In-Store,Beaverton,2025-03-18
3897,WILLIAM TAYLOR ,Retail,Immediate,In-Store,Beaverton,2022-11-23
3898,Hannah Garcia,Retail,Immediate,In-Store,Beaverton,2023-05-31
3899,Ethan Brown,Retail,Immediate,In-Store,Portland,2023-03-17
3900,Matthew Anderson,Retail,Immediate,In-Store,Portland,2025-07-05
3901,OLIVIA LEE ,Retail,Immediate,In-Store, beaverton,2024-11-27
3902,Grace Wilson,Retail,Immediate,In-Store,Lake Oswego,2024-03-09
3903,David Moore,Retail,Immediate,In-Store,Eugene,2025-07-09
3904,Sophia Wilson,Retail,Immediate,In-Store,Portland,2023-10-16
3905,WILLIAM MARTIN ,Retail,Immediate,In-Store,Portland,2025-09-08
3906,Noah Patel,Retail,Immediate,In-Store,Portland,2022-09-12
3907,ASHLEY NGUYEN ,Retail,Immediate,In-Store,Portland,2024-06-24
3908,HANNAH WILSON ,Retail,Immediate,In-Store,Lake Oswego,2022-01-14
3909,Matthew Nelson,Retail,Immediate,In-Store,Corvallis,2025-09-08
3910,Daniel Johnson,Retail,Immediate,In-Store,Portland,2022-01-09
3911,Joseph Nguyen,Retail,Immediate,In-Store,Corvallis,2024-06-27
3912,DANIEL PATEL ,Retail,Immediate,In-Store,Bend,2025-02-18
3913,Daniel Jones,Retail,Immediate,In-Store,Portland,2024-03-03
3914,Matthew Patel,Retail,Immediate,In-Store,Portland,2024-11-25
3915,William Wilson,Retail,Immediate,In-Store,Portland,2022-01-18
3916,Matthew Brown,Retail,Immediate,In-Store,Portland,2024-03-21
3917,Chloe Miller,Retail,Immediate,In-Store,Portland,2025-02-13
3918,MICHAEL NGUYEN ,Retail,Immediate,In-Store,Portland,2022-02-20
3919,Mason Carter,Retail,Immediate,In-Store,Beaverton,2023-04-17
3920,Olivia Davis,Retail,Immediate,In-Store, portland,2023-01-02
3921,Isabella Lee,Retail,Immediate,In-Store,Salem,2025-01-01
3922,Isabella Davis,Retail,Immediate,In-Store,Portland,2023-03-26
3923,Liam Brown,Retail,Immediate,In-Store,Portland,2022-03-21
3924,Joseph Davis,Retail,Immediate,In-Store, portland,2024-03-06
3925,Sarah Patel,Retail,Immediate,In-Store,Beaverton,2022-05-17
3926,Hannah Martin,Retail,Immediate,In-Store,Salem,2023-04-30
3927,Hannah Garcia,Retail,Immediate,In-Store,Lake Oswego,2023-08-03
3928,Chloe Lee,Retail,Immediate,In-Store,Portland,2025-11-11
3929,Daniel Carter,Retail,Immediate,In-Store,Beaverton,2024-08-06
3930,LUCAS MARTIN ,Retail,Immediate,In-Store,Salem,2024-11-30
3931,Ava Nelson,Retail,Immediate,In-Store,Beaverton,2025-10-18
3932,Mia Carter,Retail,Immediate,In-Store,Bend,2025-07-10
3933,James Patel,Retail,Immediate,In-Store,Portland,2024-07-20
3934,AVA GARCIA ,Retail,Immediate,In-Store,Portland,2025-11-17
3935,Emma Williams,Retail,Immediate,In-Store,Portland,2022-01-16
3936,Mason Smith,Retail,Immediate,In-Store, hillsboro,2022-11-25
3937,Chloe Garcia,Retail,Immediate,In-Store,Portland,2025-12-28
3938,Michael Garcia,Retail,Immediate,In-Store,Vancouver,2022-05-27
3939,David Williams,Retail,Immediate,In-Store,Gresham,2025-11-24
3940,Robert Taylor,Retail,Immediate,In-Store,Portland,2025-03-05
3941,JAMES KIM ,Retail,Immediate,In-Store,Portland,2024-03-06
3942,Mason Kim,Retail,Immediate,In-Store,Hillsboro,2023-11-05
3943,Jessica Nguyen,Retail,Immediate,In-Store,Portland,2022-11-27
3944,Lucas Brown,Retail,Immediate,In-Store,Hillsboro,2023-11-28
3945,Madison Taylor,Retail,Immediate,In-Store, portland,2025-03-29
3946,Jessica Garcia,Retail,Immediate,In-Store,Eugene,2024-01-03
3947,Ethan Wilson,Retail,Immediate,In-Store,Portland,2024-10-29
3948,Mia Patel,Retail,Immediate,In-Store,Portland,2025-10-26
3949,Jessica Miller,Retail,Immediate,In-Store, portland,2025-03-09
3950,Robert Kim,Retail,Immediate,In-Store,Portland,2025-06-14
3951,David Patel,Retail,Immediate,In-Store, vancouver,2022-04-26
3952,Madison Nguyen,Retail,Immediate,In-Store, portland,2023-01-24
3953,David Garcia,Retail,Immediate,In-Store,Portland,2022-12-28
3954,William Lee,Retail,Immediate,In-Store,Portland,2024-10-28
3955,Daniel Nguyen,Retail,Immediate,In-Store,Beaverton,2022-02-17
3956,Sarah Martin,Retail,Immediate,In-Store,Hillsboro,2022-11-23
3957,Isabella Nguyen,Retail,Immediate,In-Store, portland,2025-11-12
3958,Emma Patel,Retail,Immediate,In-Store, hillsboro,2025-04-16
3959,Robert Nguyen,Retail,Immediate,In-Store,Beaverton,2025-03-29
3960,Chloe Martin,Retail,Immediate,In-Store,Portland,2024-08-30
3961,Ashley Patel,Retail,Immediate,In-Store,Portland,2025-07-10
3962,Emma Smith,Retail,Immediate,In-Store,Portland,2024-07-01
3963,Emma Nelson,Retail,Immediate,In-Store,Hillsboro,2025-04-14
3964,David Nelson,Retail,Immediate,In-Store,Portland,2023-07-09
3965,Sarah Carter,Retail,Immediate,In-Store,Portland,2022-12-05
3966,Ava Lee,Retail,Immediate,In-Store,Portland,2022-08-12
3967,Matthew Wilson,Retail,Immediate,In-Store,Beaverton,2025-07-18
3968,EMILY SMITH ,Retail,Immediate,In-Store,Gresham,2025-11-02
3969,Olivia Miller,Retail,Immediate,In-Store, hillsboro,2025-06-02
3970,Mia Smith,Retail,Immediate,In-Store,Portland,2023-12-05
3971,Matthew Williams,Retail,Immediate,In-Store,Portland,2024-10-22
3972,EMMA LEE ,Retail,Immediate,In-Store,Portland,2022-08-16
3973,Andrew Anderson,Retail,Immediate,In-Store,Portland,2022-06-01
3974,Ella Wilson,Retail,Immediate,In-Store,Beaverton,2024-01-10
3975,Mia Martin,Retail,Immediate,In-Store,Hillsboro,2022-12-17
3976,JAMES BROWN ,Retail,Immediate,In-Store,Gresham,2023-10-07
3977,James Lee,Retail,Immediate,In-Store, portland,2024-08-16
3978,Chloe Brown,Retail,Immediate,In-Store, beaverton,2022-11-16
3979,Sarah Johnson,Retail,Immediate,In-Store,Portland,2023-11-20
3980,Sophia Carter,Retail,Immediate,In-Store, portland,2022-06-25
3981,Sophia Jones,Retail,Immediate,In-Store,Hillsboro,2025-06-02
3982,Joseph Miller,Retail,Immediate,In-Store,Beaverton,2022-02-10
3983,Robert Taylor,Retail,Immediate,In-Store,Portland,2024-03-08
3984,Jessica Nguyen,Retail,Immediate,In-Store,Vancouver,2022-11-14
3985,Joseph Wilson,Retail,Immediate,In-Store,Portland,2022-04-30
3986,Emily Taylor,Retail,Immediate,In-Store,Portland,2025-11-21
3987,Madison Thomas,Retail,Immediate,In-Store,Lake Oswego,2024-01-09
3988,Ava Wilson,Retail,Immediate,In-Store,Portland,2023-04-13
3989,Andrew Martin,Retail,Immediate,In-Store,Portland,2024-06-04
3990,Olivia Garcia,Retail,Immediate,In-Store,Portland,2025-07-22
3991,Liam Brown,Retail,Immediate,In-Store,Portland,2025-10-05
3992,Olivia Brown,Retail,Immediate,In-Store,Portland,2025-02-16
3993,Emily Davis,Retail,Immediate,In-Store,Portland,2025-12-17
3994,Michael Martin,Retail,Immediate,In-Store,Bend,2025-10-17
3995,Madison Williams,Retail,Immediate,In-Store,Beaverton,2022-12-31
3996,Ashley Wilson,Retail,Immediate,In-Store,Portland,2022-08-15
3997,Ella Miller,Retail,Immediate,In-Store,Portland,2023-02-12
3998,Ella Brown,Retail,Immediate,In-Store,Portland,2022-05-18
3999,MADISON GARCIA ,Retail,Immediate,In-Store,Beaverton,2025-01-02
4000,Robert Miller,Retail,Immediate,In-Store,Portland,2023-09-05
4001,Emma Wilson,Retail,Immediate,In-Store,Salem,2024-01-07
4002,JAMES MOORE ,Retail,Immediate,In-Store,Seattle,2023-04-18
4003,Mason Kim,Retail,Immediate,In-Store,Beaverton,2023-06-19
4004,Liam Lee,Retail,Immediate,In-Store,Tigard,2025-06-06
4005,Jessica Thomas,Retail,Immediate,In-Store, portland,2024-08-05
4006,Andrew Lee,Retail,Immediate,In-Store,Bend,2022-08-05
4007,Ava Nguyen,Retail,Immediate,In-Store,Portland,2022-08-18
4008,Ava Nguyen,Retail,Immediate,In-Store,Beaverton,2023-08-27
4009,AVA BROWN ,Retail,Immediate,In-Store,Vancouver,2023-04-04
4010,Sophia Martin,Retail,Immediate,In-Store,Portland,2025-11-10
4011,David Nguyen,Retail,Immediate,In-Store,Portland,2024-10-23
4012,MIA NGUYEN ,Retail,Immediate,In-Store,Beaverton,2025-04-09
4013,Emma Davis,Retail,Immediate,In-Store,Corvallis,2023-02-07
4014,Madison Lee,Retail,Immediate,In-Store,Salem,2023-08-09
4015,Mason Miller,Retail,Immediate,In-Store,Lake Oswego,2024-05-03
4016,Noah Thomas,Retail,Immediate,In-Store, portland,2025-02-13
4017,Christopher Kim,Retail,Immediate,In-Store,Gresham,2023-02-16
4018,Noah Miller,Retail,Immediate,In-Store,Gresham,2025-02-25
4019,MIA PATEL ,Retail,Immediate,In-Store,Portland,2023-10-04
4020,Isabella Martin,Retail,Immediate,In-Store, portland,2024-10-21
4021,MASON LEE ,Retail,Immediate,In-Store, portland,2024-02-07
4022,HANNAH THOMAS ,Retail,Immediate,In-Store,Portland,2024-03-17
4023,Andrew Moore,Retail,Immediate,In-Store,Portland,2023-02-16
4024,Noah Patel,Retail,Immediate,In-Store, portland,2024-09-02
4025,Andrew Smith,Retail,Immediate,In-Store,Portland,2022-10-08
4026,Daniel Williams,Retail,Immediate,In-Store,Salem,2023-05-31
4027,David Davis,Retail,Immediate,In-Store,Portland,2024-08-29
4028,James Anderson,Retail,Immediate,In-Store,Portland,2022-06-15
4029,Noah Anderson,Retail,Immediate,In-Store,Portland,2025-10-17
4030,Daniel Carter,Retail,Immediate,In-Store,Portland,2024-08-13
4031,Sophia Williams,Retail,Immediate,In-Store,Portland,2024-10-22
4032,Noah Wilson,Retail,Immediate,In-Store,Portland,2024-05-17
4033,Ethan Jones,Retail,Immediate,In-Store,Seattle,2023-09-01
4034,Mason Garcia,Retail,Immediate,In-Store,Bend,2023-05-21
4035,William Garcia,Retail,Immediate,In-Store,Portland,2024-06-05
4036,Michael Brown,Retail,Immediate,In-Store,Portland,2022-02-21
4037,Hannah Kim,Retail,Immediate,In-Store,Beaverton,2022-12-07
4038,Ethan Carter,Retail,Immediate,In-Store,Portland,2025-11-26
4039,Michael Carter,Retail,Immediate,In-Store,Portland,2022-07-28
4040,David Anderson,Retail,Immediate,In-Store,Gresham,2022-01-24
4041,Christopher Williams,Retail,Immediate,In-Store,Hillsboro,2022-08-02
4042,Daniel Miller,Retail,Immediate,In-Store,Beaverton,2022-12-15
4043,Mia Brown,Retail,Immediate,In-Store,Portland,2023-03-02
4044,Robert Kim,Retail,Immediate,In-Store,Hillsboro,2023-05-04
4045,Liam Patel,Retail,Immediate,In-Store,Portland,2025-02-02
4046,Michael Taylor,Retail,Immediate,In-Store,Gresham,2022-12-30
4047,Ethan Wilson,Retail,Immediate,In-Store,Portland,2024-09-05
4048,Daniel Kim,Retail,Immediate,In-Store,Portland,2023-09-16
4049,William Nelson,Retail,Immediate,In-Store,Portland,2023-05-20
4050,Joseph Martin,Retail,Immediate,In-Store,Portland,2025-06-29
4051,Hannah Wilson,Retail,Immediate,In-Store,Portland,2024-01-20
4052,Lucas Garcia,Retail,Immediate,In-Store, portland,2025-07-04
4053,Noah Miller,Retail,Immediate,In-Store,Portland,2023-08-05
4054,Lucas Garcia,Retail,Immediate,In-Store,Portland,2024-10-09
4055,JAMES KIM ,Retail,Immediate,In-Store,Portland,2025-11-22
4056,MIA WILLIAMS ,Retail,Immediate,In-Store,Seattle,2022-07-23
4057,Hannah Davis,Retail,Immediate,In-Store,Hillsboro,2023-09-30
4058,Andrew Nelson,Retail,Immediate,In-Store, portland,2023-07-28
4059,Matthew Moore,Retail,Immediate,In-Store,Salem,2025-06-10
4060,AVA CARTER ,Retail,Immediate,In-Store,Portland,2022-08-01
4061,Mia Wilson,Retail,Immediate,In-Store,Gresham,2023-05-18
4062,Lucas Patel,Retail,Immediate,In-Store,Portland,2022-09-05
4063,Daniel Moore,Retail,Immediate,In-Store,Vancouver,2024-04-28
4064,LUCAS JOHNSON ,Retail,Immediate,In-Store,Vancouver,2025-12-06
4065,EMILY NGUYEN ,Retail,Immediate,In-Store,Portland,2023-08-17
4066,Matthew Nelson,Retail,Immediate,In-Store,Portland,2024-04-27
4067,ISABELLA THOMAS ,Retail,Immediate,In-Store,Bend,2022-08-05
4068,ROBERT NGUYEN ,Retail,Immediate,In-Store, portland,2025-08-05
4069,Christopher Taylor,Retail,Immediate,In-Store,Portland,2023-07-12
4070,ASHLEY KIM ,Retail,Immediate,In-Store, beaverton,2025-03-22
4071,Jessica Kim,Retail,Immediate,In-Store,Portland,2024-11-17
4072,Sophia Williams,Retail,Immediate,In-Store,Portland,2024-07-13
4073,ANDREW GARCIA ,Retail,Immediate,In-Store,Portland,2024-05-30
4074,Sophia Thomas,Retail,Immediate,In-Store,Portland,2022-12-13
4075,Ethan Jones,Retail,Immediate,In-Store,Portland,2022-02-11
4076,Mason Johnson,Retail,Immediate,In-Store,Portland,2023-05-16
4077,James Garcia,Retail,Immediate,In-Store,Salem,2023-11-17
4078,Olivia Williams,Retail,Immediate,In-Store,Gresham,2024-07-23
4079,Isabella Taylor,Retail,Immediate,In-Store,Beaverton,2024-01-08
4080,Isabella Miller,Retail,Immediate,In-Store, gresham,2025-06-07
4081,Mason Martin,Retail,Immediate,In-Store,Portland,2025-02-10
4082,Matthew Martin,Retail,Immediate,In-Store,Portland,2022-10-09
4083,EMMA CARTER ,Retail,Immediate,In-Store,Portland,2022-01-04
4084,CHRISTOPHER MOORE ,Retail,Immediate,In-Store,Seattle,2022-01-09
4085,MICHAEL ANDERSON ,Retail,Immediate,In-Store,Beaverton,2024-03-27
4086,Matthew Nelson,Retail,Immediate,In-Store,Hillsboro,2024-02-14
4087,David Moore,Retail,Immediate,In-Store,Beaverton,2022-08-03
4088,Robert Jones,Retail,Immediate,In-Store,Bend,2022-11-20
4089,Ava Taylor,Retail,Immediate,In-Store,Portland,2025-10-17
4090,Sophia Lee,Retail,Immediate,In-Store,Hillsboro,2023-11-03
4091,Michael Patel,Retail,Immediate,In-Store,Portland,2023-01-23
4092,SOPHIA DAVIS ,Retail,Immediate,In-Store,Tigard,2025-01-30
4093,Grace Nguyen,Retail,Immediate,In-Store,Portland,2023-03-05
4094,Emily Brown,Retail,Immediate,In-Store,Portland,2024-08-11
4095,Michael Moore,Retail,Immediate,In-Store,Hillsboro,2024-07-27
4096,Ella Kim,Retail,Immediate,In-Store,Seattle,2025-10-26
4097,William Davis,Retail,Immediate,In-Store,Portland,2024-12-21
4098,EMMA DAVIS ,Retail,Immediate,In-Store,Portland,2022-07-24
4099,Michael Garcia,Retail,Immediate,In-Store,Portland,2022-08-18
4100,Hannah Williams,Retail,Immediate,In-Store,Lake Oswego,2024-07-29
4101,Christopher Lee,Retail,Immediate,In-Store,Corvallis,2024-01-03
4102,Mia Thomas,Retail,Immediate,In-Store,Portland,2024-01-21
4103,Ava Lee,Retail,Immediate,In-Store,Portland,2022-11-22
4104,Emma Taylor,Retail,Immediate,In-Store,Portland,2023-10-01
4105,Mason Taylor,Retail,Immediate,In-Store,Beaverton,2022-03-03
4106,Ethan Lee,Retail,Immediate,In-Store,Corvallis,2025-12-17
4107,William Jones,Retail,Immediate,In-Store,Lake Oswego,2022-12-26
4108,Matthew Moore,Retail,Immediate,In-Store,Portland,2022-12-03
4109,Robert Kim,Retail,Immediate,In-Store,Beaverton,2025-02-21
4110,Daniel Thomas,Retail,Immediate,In-Store, seattle,2025-05-02
4111,Matthew Brown,Retail,Immediate,In-Store,Beaverton,2022-08-23
4112,Hannah Patel,Retail,Immediate,In-Store,Portland,2024-11-29
4113,Ethan Wilson,Retail,Immediate,In-Store,Portland,2022-08-11
4114,Sophia Nelson,Retail,Immediate,In-Store,Portland,2024-12-13
4115,James Carter,Retail,Immediate,In-Store,Portland,2025-02-06
4116,Sarah Davis,Retail,Immediate,In-Store, salem,2022-10-26
4117,Joseph Taylor,Retail,Immediate,In-Store,Portland,2024-08-08
4118,Emma Williams,Retail,Immediate,In-Store,Hillsboro,2023-03-21
4119,Andrew Anderson,Retail,Immediate,In-Store,Bend,2025-06-20
4120,Michael Kim,Retail,Immediate,In-Store,Portland,2023-09-16
4121,Matthew Carter,Retail,Immediate,In-Store, portland,2025-07-28
4122,Liam Lee,Retail,Immediate,In-Store, eugene,2022-10-09
4123,Christopher Smith,Retail,Immediate,In-Store,Beaverton,2022-06-24
4124,Grace Thomas,Retail,Immediate,In-Store,Portland,2022-05-29
4125,Isabella Williams,Retail,Immediate,In-Store,Portland,2025-02-28
4126,James Jones,Retail,Immediate,In-Store,Gresham,2023-12-17
4127,Mason Thomas,Retail,Immediate,In-Store,Portland,2025-10-26
4128,David Patel,Retail,Immediate,In-Store,Salem,2024-07-07
4129,Noah Garcia,Retail,Immediate,In-Store,Portland,2023-04-03
4130,Andrew Taylor,Retail,Immediate,In-Store,Portland,2025-12-07
4131,Christopher Nelson,Retail,Immediate,In-Store,Portland,2025-09-16
4132,Daniel Nelson,Retail,Immediate,In-Store,Portland,2024-05-21
4133,Grace Patel,Retail,Immediate,In-Store,Beaverton,2023-02-19
4134,Mia Thomas,Retail,Immediate,In-Store,Bend,2024-01-19
4135,Joseph Brown,Retail,Immediate,In-Store,Lake Oswego,2022-10-26
4136,Ashley Johnson,Retail,Immediate,In-Store,Beaverton,2024-04-13
4137,Michael Carter,Retail,Immediate,In-Store, beaverton,2022-04-23
4138,Olivia Thomas,Retail,Immediate,In-Store,Beaverton,2023-06-16
4139,Emma Martin,Retail,Immediate,In-Store,Corvallis,2024-12-20
4140,Robert Garcia,Retail,Immediate,In-Store,Portland,2023-05-30
4141,Andrew Wilson,Retail,Immediate,In-Store,Portland,2025-01-20
4142,Matthew Martin,Retail,Immediate,In-Store,Portland,2022-11-18
4143,Madison Johnson,Retail,Immediate,In-Store,Portland,2025-04-26
4144,Isabella Anderson,Retail,Immediate,In-Store,Portland,2025-02-02
4145,Olivia Jones,Retail,Immediate,In-Store,Vancouver,2023-01-19
4146,Mia Davis,Retail,Immediate,In-Store,Portland,2024-03-08
4147,Matthew Kim,Retail,Immediate,In-Store,Bend,2024-02-21
4148,Lucas Miller,Retail,Immediate,In-Store,Portland,2023-07-05
4149,Jessica Kim,Retail,Immediate,In-Store,Vancouver,2025-11-14
4150,David Williams,Retail,Immediate,In-Store,Beaverton,2022-12-11
4151,Mason Brown,Retail,Immediate,In-Store,Portland,2025-01-27
4152,HANNAH LEE ,Retail,Immediate,In-Store,Beaverton,2023-03-05
4153,Daniel Davis,Retail,Immediate,In-Store,Portland,2022-03-23
4154,Noah Johnson,Retail,Immediate,In-Store,Portland,2022-05-08
4155,Lucas Thomas,Retail,Immediate,In-Store,Portland,2025-05-18
4156,Grace Johnson,Retail,Immediate,In-Store,Hillsboro,2025-04-12
4157,EMMA BROWN ,Retail,Immediate,In-Store, eugene,2022-08-07
4158,Sophia Jones,Retail,Immediate,In-Store,Portland,2023-01-13
4159,Liam Patel,Retail,Immediate,In-Store, portland,2024-06-07
4160,Andrew Martin,Retail,Immediate,In-Store,Bend,2025-02-13
4161,Michael Brown,Retail,Immediate,In-Store, portland,2024-07-06
4162,Liam Anderson,Retail,Immediate,In-Store,Portland,2023-10-26
4163,Sarah Brown,Retail,Immediate,In-Store,Eugene,2022-10-06
4164,Jessica Davis,Retail,Immediate,In-Store,Seattle,2022-12-08
4165,Emily Wilson,Retail,Immediate,In-Store,Portland,2025-05-11
4166,MATTHEW DAVIS ,Retail,Immediate,In-Store,Gresham,2025-09-04
4167,Mason Miller,Retail,Immediate,In-Store,Portland,2023-12-07
4168,GRACE THOMAS ,Retail,Immediate,In-Store,Beaverton,2022-11-23
4169,Jessica Miller,Retail,Immediate,In-Store,Portland,2025-01-11
4170,LUCAS ANDERSON ,Retail,Immediate,In-Store, beaverton,2025-07-18
4171,Ella Miller,Retail,Immediate,In-Store,Portland,2023-01-16
4172,Liam Brown,Retail,Immediate,In-Store,Hillsboro,2024-02-01
4173,Ashley Moore,Retail,Immediate,In-Store,Portland,2023-07-22
4174,William Patel,Retail,Immediate,In-Store,Portland,2025-04-30
4175,MADISON THOMAS ,Retail,Immediate,In-Store,Portland,2022-06-14
4176,Ethan Johnson,Retail,Immediate,In-Store,Portland,2022-07-11
4177,Emma Jones,Retail,Immediate,In-Store,Portland,2022-12-24
4178,Jessica Smith,Retail,Immediate,In-Store,Portland,2024-11-16
4179,David Nelson,Retail,Immediate,In-Store,Portland,2022-07-07
4180,Lucas Martin,Retail,Immediate,In-Store,Lake Oswego,2025-05-03
4181,Madison Kim,Retail,Immediate,In-Store,Corvallis,2022-05-21
4182,Sarah Carter,Retail,Immediate,In-Store, portland,2023-03-15
4183,David Patel,Retail,Immediate,In-Store,Tigard,2024-11-19
4184,Joseph Nguyen,Retail,Immediate,In-Store,Beaverton,2022-02-24
4185,Madison Martin,Retail,Immediate,In-Store,Portland,2025-11-29
4186,Michael Williams,Retail,Immediate,In-Store,Eugene,2022-10-13
4187,William Smith,Retail,Immediate,In-Store,Portland,2023-07-14
4188,Emma Jones,Retail,Immediate,In-Store,Portland,2022-10-21
4189,Sophia Kim,Retail,Immediate,In-Store,Beaverton,2023-08-10
4190,Christopher Miller,Retail,Immediate,In-Store,Lake Oswego,2023-01-14
4191,Isabella Taylor,Retail,Immediate,In-Store,Portland,2025-11-05
4192,James Smith,Retail,Immediate,In-Store,Salem,2024-12-16
4193,Lucas Williams,Retail,Immediate,In-Store,Beaverton,2022-03-27
4194,James Martin,Retail,Immediate,In-Store,Portland,2024-12-15
4195,SOPHIA NELSON ,Retail,Immediate,In-Store,Portland,2022-12-22
4196,Noah Patel,Retail,Immediate,In-Store,Portland,2024-11-23
4197,Mason Nelson,Retail,Immediate,In-Store,Corvallis,2024-11-22
4198,Ava Wilson,Retail,Immediate,In-Store,Portland,2025-10-20
4199,Christopher Nguyen,Retail,Immediate,In-Store,Portland,2024-07-02
4200,Joseph Lee,Retail,Immediate,In-Store,Portland,2022-04-06
4201,David Nguyen,Retail,Immediate,In-Store,Eugene,2025-06-14
4202,Sophia Davis,Retail,Immediate,In-Store,Hillsboro,2025-08-21
4203,Emma Miller,Retail,Immediate,In-Store,Portland,2025-01-16
4204,Ashley Taylor,Retail,Immediate,In-Store,Portland,2024-08-29
4205,Joseph Taylor,Retail,Immediate,In-Store,Portland,2025-02-16
4206,ELLA SMITH ,Retail,Immediate,In-Store, portland,2025-08-16
4207,Jessica Smith,Retail,Immediate,In-Store,Portland,2024-11-14
4208,Olivia Lee,Retail,Immediate,In-Store,Vancouver,2023-12-05
4209,Emily Miller,Retail,Immediate,In-Store,Portland,2025-03-15
4210,Liam Wilson,Retail,Immediate,In-Store,Portland,2025-12-29
4211,Michael Carter,Retail,Immediate,In-Store,Portland,2022-04-05
4212,Emma Kim,Retail,Immediate,In-Store,Portland,2022-06-23
4213,Mia Davis,Retail,Immediate,In-Store,Beaverton,2024-02-26
4214,LIAM BROWN ,Retail,Immediate,In-Store,Portland,2022-09-14
4215,Sarah Kim,Retail,Immediate,In-Store,Lake Oswego,2025-09-22
4216,ELLA BROWN ,Retail,Immediate,In-Store,Beaverton,2025-06-08
4217,Hannah Williams,Retail,Immediate,In-Store,Portland,2024-04-01
4218,Olivia Martin,Retail,Immediate,In-Store, salem,2022-07-05
4219,EMILY CARTER ,Retail,Immediate,In-Store,Portland,2024-01-22
4220,Isabella Nelson,Retail,Immediate,In-Store,Portland,2023-07-03
4221,Daniel Williams,Retail,Immediate,In-Store,Eugene,2023-03-13
4222,Andrew Lee,Retail,Immediate,In-Store,Portland,2025-05-30
4223,Joseph Martin,Retail,Immediate,In-Store,Portland,2024-12-31
4224,HANNAH SMITH ,Retail,Immediate,In-Store,Tigard,2022-08-20
4225,WILLIAM LEE ,Retail,Immediate,In-Store, portland,2024-01-16
4226,Joseph Lee,Retail,Immediate,In-Store,Salem,2023-10-10
4227,SARAH JONES ,Retail,Immediate,In-Store,Bend,2024-08-19
4228,Jessica Kim,Retail,Immediate,In-Store,Portland,2023-10-25
4229,Ashley Anderson,Retail,Immediate,In-Store,Portland,2025-07-19
4230,Michael Smith,Retail,Immediate,In-Store,Portland,2023-07-17
4231,Lucas Williams,Retail,Immediate,In-Store,Portland,2022-08-12
4232,Robert Moore,Retail,Immediate,In-Store,Portland,2024-02-06
4233,Andrew Johnson,Retail,Immediate,In-Store,Portland,2023-11-14
4234,Mason Carter,Retail,Immediate,In-Store,Portland,2023-02-27
4235,Grace Williams,Retail,Immediate,In-Store, portland,2023-11-18
4236,Michael Williams,Retail,Immediate,In-Store,Portland,2025-09-30
4237,Emily Garcia,Retail,Immediate,In-Store, tigard,2022-12-09
4238,Hannah Anderson,Retail,Immediate,In-Store,Bend,2022-01-02
4239,William Martin,Retail,Immediate,In-Store,Beaverton,2022-09-26
4240,JAMES GARCIA ,Retail,Immediate,In-Store,Portland,2025-01-14
4241,Robert Moore,Retail,Immediate,In-Store,Salem,2022-04-22
4242,Mason Garcia,Retail,Immediate,In-Store,Corvallis,2024-12-01
4243,JOSEPH SMITH ,Retail,Immediate,In-Store,Portland,2023-06-02
4244,LUCAS TAYLOR ,Retail,Immediate,In-Store,Seattle,2023-11-20
4245,Grace Wilson,Retail,Immediate,In-Store,Portland,2022-01-15
4246,Ella Kim,Retail,Immediate,In-Store,Portland,2024-02-12
4247,Sophia Lee,Retail,Immediate,In-Store,Portland,2023-01-15
4248,Emily Wilson,Retail,Immediate,In-Store,Portland,2024-03-30
4249,Chloe Smith,Retail,Immediate,In-Store,Bend,2024-02-23
4250,Michael Lee,Retail,Immediate,In-Store,Portland,2024-12-26
4251,Emma Martin,Retail,Immediate,In-Store,Eugene,2023-07-24
4252,Daniel Brown,Retail,Immediate,In-Store,Lake Oswego,2024-06-09
4253,Isabella Davis,Retail,Immediate,In-Store, portland,2024-06-12
4254,Hannah Thomas,Retail,Immediate,In-Store, hillsboro,2023-07-17
4255,Hannah Jones,Retail,Immediate,In-Store,Beaverton,2022-11-09
4256,Michael Davis,Retail,Immediate,In-Store,Beaverton,2025-06-23
4257,Sophia Smith,Retail,Immediate,In-Store,Gresham,2022-09-20
4258,Liam Anderson,Retail,Immediate,In-Store,Beaverton,2024-12-16
4259,ETHAN ANDERSON ,Retail,Immediate,In-Store,Gresham,2024-08-11
4260,Ava Jones,Retail,Immediate,In-Store,Portland,2023-07-06
4261,Ethan Garcia,Retail,Immediate,In-Store,Portland,2022-12-11
4262,Madison Williams,Retail,Immediate,In-Store,Portland,2025-11-15
4263,Ella Johnson,Retail,Immediate,In-Store,Portland,2022-08-18
4264,HANNAH NELSON ,Retail,Immediate,In-Store,Tigard,2022-03-18
4265,Daniel Taylor,Retail,Immediate,In-Store, portland,2025-07-10
4266,Matthew Nguyen,Retail,Immediate,In-Store,Portland,2024-01-03
4267,Jessica Smith,Retail,Immediate,In-Store,Gresham,2022-12-28
4268,Robert Smith,Retail,Immediate,In-Store,Portland,2023-10-25
4269,Ethan Brown,Retail,Immediate,In-Store,Seattle,2022-03-10
4270,Joseph Davis,Retail,Immediate,In-Store, portland,2025-06-10
4271,Daniel Taylor,Retail,Immediate,In-Store,Portland,2023-05-11
4272,Robert Taylor,Retail,Immediate,In-Store,Beaverton,2025-01-08
4273,Ashley Williams,Retail,Immediate,In-Store, salem,2023-09-16
4274,Noah Miller,Retail,Immediate,In-Store,Beaverton,2024-08-13
4275,Chloe Martin,Retail,Immediate,In-Store,Beaverton,2022-11-20
4276,GRACE NELSON ,Retail,Immediate,In-Store,Portland,2025-04-07
4277,Ella Smith,Retail,Immediate,In-Store,Beaverton,2023-03-29
4278,Christopher Miller,Retail,Immediate,In-Store, portland,2023-10-20
4279,ELLA GARCIA ,Retail,Immediate,In-Store,Corvallis,2022-12-17
4280,Hannah Martin,Retail,Immediate,In-Store,Bend,2022-10-15
4281,Ella Carter,Retail,Immediate,In-Store,Corvallis,2024-04-09
4282,Isabella Nguyen,Retail,Immediate,In-Store,Portland,2023-05-04
4283,Hannah Garcia,Retail,Immediate,In-Store,Portland,2022-10-11
4284,Mia Garcia,Retail,Immediate,In-Store,Portland,2023-05-11
4285,DANIEL KIM ,Retail,Immediate,In-Store,Hillsboro,2024-01-22
4286,Lucas Martin,Retail,Immediate,In-Store,Seattle,2025-08-01
4287,Mia Johnson,Retail,Immediate,In-Store,Beaverton,2025-07-25
4288,Hannah Jones,Retail,Immediate,In-Store, lake oswego,2025-07-26
4289,JOSEPH MOORE ,Retail,Immediate,In-Store, portland,2022-08-10
4290,LIAM THOMAS ,Retail,Immediate,In-Store,Hillsboro,2023-11-27
4291,James Thomas,Retail,Immediate,In-Store,Portland,2025-02-10
4292,JAMES GARCIA ,Retail,Immediate,In-Store,Portland,2025-10-28
4293,Andrew Wilson,Retail,Immediate,In-Store,Portland,2025-01-15
4294,ROBERT BROWN ,Retail,Immediate,In-Store,Portland,2022-04-15
4295,Mason Moore,Retail,Immediate,In-Store,Hillsboro,2025-12-08
4296,William Thomas,Retail,Immediate,In-Store,Bend,2023-08-31
4297,Matthew Carter,Retail,Immediate,In-Store,Portland,2022-04-08
4298,Ethan Garcia,Retail,Immediate,In-Store,Portland,2023-09-04
4299,Ashley Garcia,Retail,Immediate,In-Store,Portland,2023-04-11
4300,EMMA DAVIS ,Retail,Immediate,In-Store,Portland,2025-08-22
4301,Chloe Smith,Retail,Immediate,In-Store,Portland,2024-10-21
4302,Grace Williams,Retail,Immediate,In-Store,Portland,2022-07-27
4303,Michael Kim,Retail,Immediate,In-Store,Portland,2022-03-28
4304,Ava Kim,Retail,Immediate,In-Store,Eugene,2023-03-12
4305,MASON JONES ,Retail,Immediate,In-Store,Gresham,2024-06-17
4306,Christopher Lee,Retail,Immediate,In-Store,Seattle,2024-12-15
4307,Noah Nguyen,Retail,Immediate,In-Store,Eugene,2024-12-11
4308,JOSEPH THOMAS ,Retail,Immediate,In-Store,Portland,2023-02-16
4309,Robert Wilson,Retail,Immediate,In-Store,Portland,2023-09-05
4310,Madison Brown,Retail,Immediate,In-Store, portland,2022-03-22
4311,ANDREW WILSON ,Retail,Immediate,In-Store,Portland,2025-11-18
4312,Grace Jones,Retail,Immediate,In-Store,Portland,2023-04-02
4313,ANDREW SMITH ,Retail,Immediate,In-Store,Beaverton,2024-09-11
4314,Hannah Smith,Retail,Immediate,In-Store,Portland,2024-10-07
4315,Michael Nguyen,Retail,Immediate,In-Store, lake oswego,2024-09-16
4316,HANNAH NELSON ,Retail,Immediate,In-Store,Portland,2025-12-26
4317,Liam Brown,Retail,Immediate,In-Store,Vancouver,2025-03-04
4318,Joseph Garcia,Retail,Immediate,In-Store, portland,2024-07-11
4319,Daniel Lee,Retail,Immediate,In-Store,Hillsboro,2022-02-05
4320,Matthew Wilson,Retail,Immediate,In-Store,Portland,2025-11-09
4321,Grace Carter,Retail,Immediate,In-Store,Corvallis,2023-12-26
4322,Noah Nguyen,Retail,Immediate,In-Store,Vancouver,2024-02-11
4323,Mason Kim,Retail,Immediate,In-Store,Portland,2022-06-04
4324,Hannah Nelson,Retail,Immediate,In-Store,Portland,2023-12-11
4325,Sarah Williams,Retail,Immediate,In-Store,Portland,2024-06-10
4326,James Jones,Retail,Immediate,In-Store,Portland,2022-06-06
4327,Emily Williams,Retail,Immediate,In-Store,Portland,2024-09-15
4328,Michael Anderson,Retail,Immediate,In-Store,Portland,2023-04-18
4329,Madison Anderson,Retail,Immediate,In-Store,Portland,2022-06-19
4330,Ava Kim,Retail,Immediate,In-Store,Portland,2022-07-16
4331,Liam Nelson,Retail,Immediate,In-Store,Portland,2023-02-03
4332,Ava Garcia,Retail,Immediate,In-Store, seattle,2025-10-13
4333,Sarah Nelson,Retail,Immediate,In-Store,Portland,2022-12-23
4334,Madison Davis,Retail,Immediate,In-Store,Salem,2022-06-26
4335,Ella Brown,Retail,Immediate,In-Store,Portland,2024-02-09
4336,David Miller,Retail,Immediate,In-Store,Corvallis,2022-07-30
4337,Emma Jones,Retail,Immediate,In-Store,Tigard,2022-09-18
4338,EMMA CARTER ,Retail,Immediate,In-Store,Portland,2025-08-09
4339,EMILY TAYLOR ,Retail,Immediate,In-Store,Eugene,2024-09-21
4340,William Anderson,Retail,Immediate,In-Store,Portland,2025-06-20
4341,Andrew Miller,Retail,Immediate,In-Store,Portland,2023-04-23
4342,William Nguyen,Retail,Immediate,In-Store,Portland,2023-01-21
4343,Sarah Smith,Retail,Immediate,In-Store, portland,2025-05-04
4344,Daniel Garcia,Retail,Immediate,In-Store,Lake Oswego,2025-10-01
4345,David Brown,Retail,Immediate,In-Store,Portland,2025-07-16
4346,William Wilson,Retail,Immediate,In-Store,Beaverton,2022-08-12
4347,Sarah Garcia,Retail,Immediate,In-Store,Portland,2024-02-21
4348,Lucas Thomas,Retail,Immediate,In-Store,Portland,2022-04-14
4349,MASON CARTER ,Retail,Immediate,In-Store,Portland,2024-05-02
4350,Christopher Johnson,Retail,Immediate,In-Store,Portland,2023-09-16
4351,SOPHIA MARTIN ,Retail,Immediate,In-Store,Hillsboro,2023-01-24
4352,Joseph Johnson,Retail,Immediate,In-Store,Portland,2022-06-26
4353,Liam Taylor,Retail,Immediate,In-Store,Portland,2022-08-04
4354,Ethan Martin,Retail,Immediate,In-Store,Gresham,2024-10-24
4355,Michael Nelson,Retail,Immediate,In-Store, portland,2022-07-04
4356,CHRISTOPHER THOMAS ,Retail,Immediate,In-Store,Portland,2023-05-26
4357,HANNAH TAYLOR ,Retail,Immediate,In-Store,Lake Oswego,2025-01-09
4358,Sarah Miller,Retail,Immediate,In-Store, portland,2025-04-05
4359,Matthew Nelson,Retail,Immediate,In-Store,Portland,2022-08-05
4360,Madison Patel,Retail,Immediate,In-Store,Portland,2025-10-17
4361,WILLIAM WILLIAMS ,Retail,Immediate,In-Store,Corvallis,2024-02-03
4362,Ava Brown,Retail,Immediate,In-Store,Salem,2024-01-31
4363,Lucas Carter,Retail,Immediate,In-Store,Beaverton,2023-08-10
4364,HANNAH WILSON ,Retail,Immediate,In-Store,Portland,2024-02-01
4365,Jessica Anderson,Retail,Immediate,In-Store, gresham,2022-05-20
4366,Ava Kim,Retail,Immediate,In-Store,Portland,2024-08-13
4367,SOPHIA NELSON ,Retail,Immediate,In-Store,Portland,2022-12-06
4368,Joseph Martin,Retail,Immediate,In-Store,Portland,2023-08-04
4369,Mason Wilson,Retail,Immediate,In-Store, eugene,2023-02-02
4370,Jessica Davis,Retail,Immediate,In-Store,Portland,2023-06-06
4371,Liam Miller,Retail,Immediate,In-Store,Portland,2024-01-16
4372,David Patel,Retail,Immediate,In-Store,Portland,2024-05-11
4373,David Smith,Retail,Immediate,In-Store,Beaverton,2023-08-31
4374,Isabella Moore,Retail,Immediate,In-Store,Eugene,2022-02-05
4375,Sophia Taylor,Retail,Immediate,In-Store,Portland,2022-11-23
4376,Grace Williams,Retail,Immediate,In-Store,Gresham,2024-01-07
4377,David Williams,Retail,Immediate,In-Store,Beaverton,2024-06-04
4378,David Nguyen,Retail,Immediate,In-Store,Portland,2023-06-22
4379,Daniel Carter,Retail,Immediate,In-Store,Beaverton,2025-08-21
4380,JAMES ANDERSON ,Retail,Immediate,In-Store,Gresham,2022-04-16
4381,Ava Jones,Retail,Immediate,In-Store,Bend,2023-01-20
4382,ROBERT WILLIAMS ,Retail,Immediate,In-Store,Corvallis,2023-12-16
4383,WILLIAM BROWN ,Retail,Immediate,In-Store,Portland,2023-01-24
4384,Hannah Kim,Retail,Immediate,In-Store,Corvallis,2025-12-13
4385,Christopher Williams,Retail,Immediate,In-Store,Portland,2023-04-21
4386,AVA BROWN ,Retail,Immediate,In-Store,Salem,2022-03-26
4387,Michael Miller,Retail,Immediate,In-Store,Bend,2025-11-14
4388,Grace Williams,Retail,Immediate,In-Store,Portland,2022-09-01
4389,Ella Moore,Retail,Immediate,In-Store,Gresham,2025-05-30
4390,David Smith,Retail,Immediate,In-Store,Portland,2023-02-08
4391,Mason Anderson,Retail,Immediate,In-Store,Hillsboro,2023-07-04
4392,Mia Lee,Retail,Immediate,In-Store,Portland,2022-05-31
4393,William Garcia,Retail,Immediate,In-Store,Seattle,2023-07-19
4394,David Miller,Retail,Immediate,In-Store,Portland,2023-07-02
4395,Mia Brown,Retail,Immediate,In-Store, portland,2024-09-21
4396,Chloe Kim,Retail,Immediate,In-Store,Portland,2022-03-12
4397,Ella Carter,Retail,Immediate,In-Store,Portland,2025-06-06
4398,Joseph Davis,Retail,Immediate,In-Store,Portland,2025-10-20
4399,Hannah Jones,Retail,Immediate,In-Store,Portland,2024-07-23
4400,Mia Carter,Retail,Immediate,In-Store,Portland,2022-11-14
4401,Mason Nelson,Retail,Immediate,In-Store,Portland,2024-08-19
4402,Mason Smith,Retail,Immediate,In-Store, hillsboro,2024-02-24
4403,Hannah Patel,Retail,Immediate,In-Store,Salem,2022-07-02
4404,Lucas Anderson,Retail,Immediate,In-Store,Portland,2023-10-06
4405,Lucas Wilson,Retail,Immediate,In-Store, beaverton,2023-05-17
4406,Ella Moore,Retail,Immediate,In-Store,Portland,2025-11-14
4407,Jessica Jones,Retail,Immediate,In-Store,Portland,2022-11-22
4408,MASON MARTIN ,Retail,Immediate,In-Store,Portland,2024-09-09
4409,Ella Nelson,Retail,Immediate,In-Store,Portland,2023-08-01
4410,Chloe Nelson,Retail,Immediate,In-Store,Portland,2022-12-12
4411,Madison Garcia,Retail,Immediate,In-Store,Seattle,2024-10-13
4412,Joseph Williams,Retail,Immediate,In-Store,Portland,2023-08-08
4413,ELLA WILSON ,Retail,Immediate,In-Store, gresham,2022-01-13
4414,Andrew Moore,Retail,Immediate,In-Store,Beaverton,2025-11-04
4415,Mason Garcia,Retail,Immediate,In-Store,Portland,2025-12-21
4416,CHRISTOPHER MOORE ,Retail,Immediate,In-Store,Gresham,2024-04-18
4417,Andrew Johnson,Retail,Immediate,In-Store,Portland,2025-07-28
4418,ELLA BROWN ,Retail,Immediate,In-Store,Vancouver,2023-02-20
4419,Mia Patel,Retail,Immediate,In-Store,Salem,2022-05-26
4420,EMMA JONES ,Retail,Immediate,In-Store,Portland,2022-09-18
4421,MATTHEW MILLER ,Retail,Immediate,In-Store,Portland,2025-06-03
4422,Robert Williams,Retail,Immediate,In-Store,Gresham,2022-03-14
4423,JESSICA WILSON ,Retail,Immediate,In-Store,Portland,2022-08-05
4424,William Nguyen,Retail,Immediate,In-Store,Beaverton,2025-01-13
4425,Liam Patel,Retail,Immediate,In-Store,Portland,2022-05-23
4426,Sophia Nguyen,Retail,Immediate,In-Store,Portland,2022-01-28
4427,Joseph Johnson,Retail,Immediate,In-Store,Portland,2023-07-12
4428,Isabella Brown,Retail,Immediate,In-Store,Tigard,2023-04-06
4429,Emma Carter,Retail,Immediate,In-Store,Portland,2024-06-07
4430,MIA MOORE ,Retail,Immediate,In-Store,Beaverton,2025-11-15
4431,Ava Brown,Retail,Immediate,In-Store,Salem,2023-08-26
4432,Sophia Miller,Retail,Immediate,In-Store,Beaverton,2024-02-05
4433,Ava Davis,Retail,Immediate,In-Store,Gresham,2024-07-02
4434,Sophia Patel,Retail,Immediate,In-Store,Bend,2024-04-21
4435,Daniel Brown,Retail,Immediate,In-Store,Beaverton,2022-10-14
4436,Chloe Carter,Retail,Immediate,In-Store, portland,2024-06-15
4437,Andrew Jones,Retail,Immediate,In-Store,Portland,2024-02-24
4438,David Brown,Retail,Immediate,In-Store,Portland,2022-07-10
4439,James Miller,Retail,Immediate,In-Store,Portland,2024-11-21
4440,Ella Brown,Retail,Immediate,In-Store,Portland,2024-11-24
4441,Andrew Miller,Retail,Immediate,In-Store,Portland,2023-07-29
4442,Chloe Smith,Retail,Immediate,In-Store,Hillsboro,2022-07-26
4443,DAVID THOMAS ,Retail,Immediate,In-Store,Portland,2022-11-17
4444,David Miller,Retail,Immediate,In-Store,Portland,2024-08-29
4445,Emily Taylor,Retail,Immediate,In-Store,Portland,2022-12-22
4446,Michael Patel,Retail,Immediate,In-Store,Portland,2024-04-26
4447,Robert Moore,Retail,Immediate,In-Store,Portland,2024-02-01
4448,JAMES NGUYEN ,Retail,Immediate,In-Store,Portland,2024-03-23
4449,Ashley Carter,Retail,Immediate,In-Store,Portland,2025-10-10
4450,LIAM JONES ,Retail,Immediate,In-Store,Beaverton,2023-06-02
4451,Ella Taylor,Retail,Immediate,In-Store,Hillsboro,2023-07-18
4452,Christopher Brown,Retail,Immediate,In-Store,Hillsboro,2025-09-07
4453,Matthew Jones,Retail,Immediate,In-Store,Portland,2024-06-15
4454,Hannah Taylor,Retail,Immediate,In-Store,Portland,2022-10-17
4455,Ethan Martin,Retail,Immediate,In-Store,Vancouver,2024-12-28
4456,Daniel Carter,Retail,Immediate,In-Store, portland,2025-02-21
4457,Ethan Nguyen,Retail,Immediate,In-Store,Bend,2022-01-27
4458,Mason Moore,Retail,Immediate,In-Store,Portland,2023-07-29
4459,Ashley Moore,Retail,Immediate,In-Store,Eugene,2025-01-12
4460,Robert Kim,Retail,Immediate,In-Store,Portland,2023-07-02
4461,SARAH DAVIS ,Retail,Immediate,In-Store,Beaverton,2025-10-13
4462,ELLA TAYLOR ,Retail,Immediate,In-Store,Beaverton,2024-01-09
4463,MADISON NELSON ,Retail,Immediate,In-Store,Beaverton,2024-11-07
4464,Mason Patel,Retail,Immediate,In-Store,Vancouver,2024-09-30
4465,Ashley Nguyen,Retail,Immediate,In-Store,Beaverton,2022-09-04
4466,Chloe Moore,Retail,Immediate,In-Store,Portland,2024-03-21
4467,Chloe Nguyen,Retail,Immediate,In-Store,Portland,2022-05-16
4468,William Patel,Retail,Immediate,In-Store,Lake Oswego,2023-07-30
4469,Jessica Nguyen,Retail,Immediate,In-Store,Portland,2022-10-09
4470,Madison Anderson,Retail,Immediate,In-Store,Portland,2025-10-09
4471,Christopher Wilson,Retail,Immediate,In-Store,Hillsboro,2023-04-02
4472,Sarah Moore,Retail,Immediate,In-Store,Hillsboro,2022-06-04
4473,Sarah Patel,Retail,Immediate,In-Store,Portland,2023-05-07
4474,Ava Carter,Retail,Immediate,In-Store,Portland,2023-04-09
4475,Madison Kim,Retail,Immediate,In-Store,Seattle,2024-02-03
4476,Liam Davis,Retail,Immediate,In-Store,Portland,2024-04-20
4477,Grace Miller,Retail,Immediate,In-Store,Beaverton,2022-08-24
4478,Daniel Davis,Retail,Immediate,In-Store, corvallis,2024-01-19
4479,NOAH TAYLOR ,Retail,Immediate,In-Store,Eugene,2022-01-16
4480,Olivia Lee,Retail,Immediate,In-Store,Beaverton,2024-04-23
4481,MATTHEW JONES ,Retail,Immediate,In-Store,Beaverton,2022-08-07
4482,Ava Wilson,Retail,Immediate,In-Store,Vancouver,2024-09-16
4483,Matthew Garcia,Retail,Immediate,In-Store,Portland,2024-07-20
4484,ISABELLA MOORE ,Retail,Immediate,In-Store,Portland,2025-01-27
4485,Sarah Moore,Retail,Immediate,In-Store,Beaverton,2022-09-10
4486,David Miller,Retail,Immediate,In-Store,Salem,2023-05-31
4487,David Smith,Retail,Immediate,In-Store,Beaverton,2024-03-23
4488,Jessica Smith,Retail,Immediate,In-Store,Portland,2023-11-07
4489,Andrew Johnson,Retail,Immediate,In-Store,Tigard,2024-06-08
4490,Jessica Johnson,Retail,Immediate,In-Store,Gresham,2025-09-19
4491,ETHAN DAVIS ,Retail,Immediate,In-Store,Portland,2024-09-05
4492,Mason Carter,Retail,Immediate,In-Store,Portland,2023-12-22
4493,Grace Patel,Retail,Immediate,In-Store,Eugene,2023-01-19
4494,Matthew Carter,Retail,Immediate,In-Store, bend,2024-09-17
4495,ANDREW SMITH ,Retail,Immediate,In-Store,Portland,2025-05-21
4496,Mason Martin,Retail,Immediate,In-Store,Portland,2024-08-31
4497,Hannah Davis,Retail,Immediate,In-Store,Portland,2023-08-26
4498,Ella Jones,Retail,Immediate,In-Store,Portland,2025-12-17
4499,Jessica Kim,Retail,Immediate,In-Store,Gresham,2025-05-12
4500,Emily Nguyen,Retail,Immediate,In-Store, eugene,2024-11-29
4501,Sarah Williams,Retail,Immediate,In-Store,Portland,2024-01-10
4502,Chloe Williams,Retail,Immediate,In-Store,Beaverton,2022-03-10
4503,Noah Smith,Retail,Immediate,In-Store,Gresham,2024-06-11
4504,Sarah Williams,Retail,Immediate,In-Store,Salem,2025-10-25
4505,Daniel Davis,Retail,Immediate,In-Store, portland,2025-07-05
4506,Lucas Anderson,Retail,Immediate,In-Store,Portland,2024-05-30
4507,Christopher Lee,Retail,Immediate,In-Store,Portland,2023-06-13
4508,James Thomas,Retail,Immediate,In-Store,Bend,2025-11-02
4509,Andrew Garcia,Retail,Immediate,In-Store,Vancouver,2024-01-13
4510,David Anderson,Retail,Immediate,In-Store,Eugene,2022-07-30
4511,Ashley Kim,Retail,Immediate,In-Store, portland,2023-10-06
4512,Madison Williams,Retail,Immediate,In-Store,Beaverton,2023-07-09
4513,Lucas Martin,Retail,Immediate,In-Store,Bend,2022-07-17
4514,DANIEL DAVIS ,Retail,Immediate,In-Store,Portland,2023-11-09
4515,Chloe Martin,Retail,Immediate,In-Store, portland,2025-08-02
4516,David Garcia,Retail,Immediate,In-Store,Portland,2025-11-04
4517,CHRISTOPHER BROWN ,Retail,Immediate,In-Store,Portland,2025-02-14
4518,Joseph Martin,Retail,Immediate,In-Store,Portland,2023-08-31
4519,Emma Martin,Retail,Immediate,In-Store,Portland,2023-05-30
4520,James Thomas,Retail,Immediate,In-Store,Corvallis,2024-01-16
4521,Chloe Miller,Retail,Immediate,In-Store,Portland,2024-10-13
4522,Isabella Nelson,Retail,Immediate,In-Store,Seattle,2023-09-06
4523,Chloe Moore,Retail,Immediate,In-Store,Portland,2023-12-01
4524,Christopher Nguyen,Retail,Immediate,In-Store,Portland,2023-11-13
4525,Emily Kim,Retail,Immediate,In-Store,Beaverton,2023-07-25
4526,Hannah Miller,Retail,Immediate,In-Store,Hillsboro,2024-03-29
4527,Hannah Taylor,Retail,Immediate,In-Store,Portland,2024-01-14
4528,Robert Nelson,Retail,Immediate,In-Store,Portland,2024-02-29
4529,Ashley Carter,Retail,Immediate,In-Store,Portland,2023-10-29
4530,Sarah Martin,Retail,Immediate,In-Store,Portland,2022-09-10
4531,Chloe Davis,Retail,Immediate,In-Store,Corvallis,2022-05-30
4532,Emma Moore,Retail,Immediate,In-Store,Portland,2023-03-10
4533,Sophia Taylor,Retail,Immediate,In-Store,Tigard,2023-04-30
4534,Madison Nguyen,Retail,Immediate,In-Store,Portland,2023-10-12
4535,Jessica Martin,Retail,Immediate,In-Store,Hillsboro,2025-12-25
4536,James Taylor,Retail,Immediate,In-Store,Portland,2024-03-13
4537,Andrew Brown,Retail,Immediate,In-Store,Beaverton,2024-10-27
4538,Isabella Kim,Retail,Immediate,In-Store,Beaverton,2022-03-15
4539,Isabella Patel,Retail,Immediate,In-Store,Salem,2023-11-29
4540,Ashley Wilson,Retail,Immediate,In-Store,Vancouver,2023-12-14
4541,Andrew Thomas,Retail,Immediate,In-Store, seattle,2024-10-08
4542,Mason Nguyen,Retail,Immediate,In-Store,Portland,2024-04-02
4543,Noah Taylor,Retail,Immediate,In-Store,Portland,2022-10-30
4544,Jessica Nguyen,Retail,Immediate,In-Store,Eugene,2024-11-01
4545,James Patel,Retail,Immediate,In-Store,Portland,2025-10-16
4546,Daniel Nelson,Retail,Immediate,In-Store,Salem,2025-11-11
4547,Ava Taylor,Retail,Immediate,In-Store,Corvallis,2025-05-02
4548,Emily Moore,Retail,Immediate,In-Store,Portland,2022-11-26
4549,Sarah Davis,Retail,Immediate,In-Store,Portland,2025-01-03
4550,Andrew Nelson,Retail,Immediate,In-Store,Portland,2024-05-31
4551,Chloe Davis,Retail,Immediate,In-Store,Vancouver,2023-12-08
4552,Sophia Carter,Retail,Immediate,In-Store,Portland,2023-12-14
4553,Ethan Johnson,Retail,Immediate,In-Store,Eugene,2022-11-28
4554,Lucas Kim,Retail,Immediate,In-Store,Portland,2023-04-02
4555,James Garcia,Retail,Immediate,In-Store,Portland,2023-09-22
4556,Grace Kim,Retail,Immediate,In-Store,Portland,2023-11-01
4557,Mia Nguyen,Retail,Immediate,In-Store,Bend,2025-11-20
4558,Mia Thomas,Retail,Immediate,In-Store,Portland,2022-07-08
4559,LUCAS MILLER ,Retail,Immediate,In-Store,Corvallis,2024-10-22
4560,Mason Davis,Retail,Immediate,In-Store,Portland,2022-07-19
4561,ELLA KIM ,Retail,Immediate,In-Store,Portland,2025-05-09
4562,David Lee,Retail,Immediate,In-Store,Portland,2022-02-02
4563,Sophia Kim,Retail,Immediate,In-Store,Portland,2023-06-15
4564,Noah Jones,Retail,Immediate,In-Store,Portland,2025-02-10
4565,ASHLEY SMITH ,Retail,Immediate,In-Store,Portland,2022-12-29
4566,Christopher Thomas,Retail,Immediate,In-Store,Gresham,2023-03-31
4567,Ethan Carter,Retail,Immediate,In-Store,Portland,2022-12-20
4568,Grace Kim,Retail,Immediate,In-Store,Seattle,2024-08-09
4569,Ella Nelson,Retail,Immediate,In-Store,Beaverton,2025-11-03
4570,JOSEPH PATEL ,Retail,Immediate,In-Store,Portland,2024-05-18
4571,MASON LEE ,Retail,Immediate,In-Store,Salem,2025-10-27
4572,Isabella Wilson,Retail,Immediate,In-Store, portland,2024-06-25
4573,CHRISTOPHER ANDERSON ,Retail,Immediate,In-Store,Eugene,2023-06-21
4574,Mason Lee,Retail,Immediate,In-Store,Portland,2022-11-15
4575,Noah Patel,Retail,Immediate,In-Store, beaverton,2023-07-09
4576,Ella Davis,Retail,Immediate,In-Store,Portland,2025-08-31
4577,Noah Taylor,Retail,Immediate,In-Store,Salem,2024-12-04
4578,Robert Davis,Retail,Immediate,In-Store,Hillsboro,2022-12-17
4579,Matthew Patel,Retail,Immediate,In-Store,Beaverton,2023-11-29
4580,Madison Martin,Retail,Immediate,In-Store,Bend,2025-02-20
4581,ANDREW BROWN ,Retail,Immediate,In-Store,Portland,2025-05-19
4582,David Thomas,Retail,Immediate,In-Store,Eugene,2024-12-29
4583,Noah Taylor,Retail,Immediate,In-Store,Eugene,2025-06-14
4584,Emily Garcia,Retail,Immediate,In-Store,Corvallis,2024-12-06
4585,Mia Nguyen,Retail,Immediate,In-Store,Portland,2023-09-21
4586,Mason Miller,Retail,Immediate,In-Store,Eugene,2023-12-05
4587,Mia Taylor,Retail,Immediate,In-Store,Portland,2025-04-30
4588,Joseph Johnson,Retail,Immediate,In-Store, portland,2023-06-01
4589,Sarah Jones,Retail,Immediate,In-Store,Portland,2022-06-29
4590,Sarah Brown,Retail,Immediate,In-Store,Portland,2023-07-30
4591,LIAM THOMAS ,Retail,Immediate,In-Store,Portland,2023-07-12
4592,Christopher Thomas,Retail,Immediate,In-Store,Tigard,2023-11-08
4593,Liam Jones,Retail,Immediate,In-Store, gresham,2024-08-01
4594,ASHLEY LEE ,Retail,Immediate,In-Store,Hillsboro,2025-01-05
4595,Emma Smith,Retail,Immediate,In-Store,Portland,2024-04-08
4596,Robert Davis,Retail,Immediate,In-Store,Portland,2024-02-13
4597,Emily Lee,Retail,Immediate,In-Store,Beaverton,2023-09-19
4598,Isabella Anderson,Retail,Immediate,In-Store,Portland,2024-10-05
4599,Emily Moore,Retail,Immediate,In-Store,Gresham,2023-07-04
4600,Jessica Miller,Retail,Immediate,In-Store,Portland,2022-03-26
4601,ROBERT MILLER ,Retail,Immediate,In-Store,Portland,2023-12-28
4602,Andrew Anderson,Retail,Immediate,In-Store,Beaverton,2023-07-13
4603,Mia Carter,Retail,Immediate,In-Store,Portland,2024-08-15
4604,Madison Davis,Retail,Immediate,In-Store,Salem,2022-03-03
4605,MATTHEW NGUYEN ,Retail,Immediate,In-Store, portland,2025-09-13
4606,Ella Johnson,Retail,Immediate,In-Store,Portland,2023-11-28
4607,Ava Thomas,Retail,Immediate,In-Store,Vancouver,2025-12-19
4608,Joseph Miller,Retail,Immediate,In-Store,Salem,2024-01-20
4609,Daniel Brown,Retail,Immediate,In-Store,Hillsboro,2023-07-16
4610,Grace Carter,Retail,Immediate,In-Store,Portland,2024-01-07
4611,EMMA ANDERSON ,Retail,Immediate,In-Store,Portland,2022-11-18
4612,Robert Johnson,Retail,Immediate,In-Store,Vancouver,2024-02-29
4613,James Kim,Retail,Immediate,In-Store,Portland,2024-09-25
4614,Chloe Anderson,Retail,Immediate,In-Store,Portland,2023-01-22
4615,Jessica Miller,Retail,Immediate,In-Store,Hillsboro,2024-03-09
4616,Emma Nelson,Retail,Immediate,In-Store,Portland,2022-03-03
4617,ISABELLA MILLER ,Retail,Immediate,In-Store, portland,2025-08-10
4618,Emily Patel,Retail,Immediate,In-Store,Tigard,2022-12-08
4619,Grace Taylor,Retail,Immediate,In-Store,Gresham,2024-04-12
4620,Hannah Anderson,Retail,Immediate,In-Store,Beaverton,2023-11-21
4621,ELLA SMITH ,Retail,Immediate,In-Store,Salem,2023-01-02
4622,EMILY TAYLOR ,Retail,Immediate,In-Store,Portland,2025-10-11
4623,Hannah Smith,Retail,Immediate,In-Store,Beaverton,2025-03-03
4624,Grace Kim,Retail,Immediate,In-Store,Portland,2023-02-03
4625,Ava Nguyen,Retail,Immediate,In-Store,Eugene,2024-08-05
4626,Sophia Garcia,Retail,Immediate,In-Store,Portland,2023-03-09
4627,AVA NELSON ,Retail,Immediate,In-Store, portland,2022-03-16
4628,Mason Nguyen,Retail,Immediate,In-Store,Gresham,2024-09-22
4629,Grace Wilson,Retail,Immediate,In-Store,Lake Oswego,2024-12-16
4630,William Anderson,Retail,Immediate,In-Store,Beaverton,2024-08-03
4631,Grace Taylor,Retail,Immediate,In-Store,Portland,2024-10-22
4632,Hannah Davis,Retail,Immediate,In-Store,Beaverton,2024-05-30
4633,Liam Jones,Retail,Immediate,In-Store,Salem,2024-03-05
4634,Daniel Kim,Retail,Immediate,In-Store,Portland,2025-06-05
4635,Madison Taylor,Retail,Immediate,In-Store,Portland,2024-03-24
4636,CHRISTOPHER ANDERSON ,Retail,Immediate,In-Store,Portland,2024-11-26
4637,Lucas Patel,Retail,Immediate,In-Store,Portland,2023-11-05
4638,ROBERT ANDERSON ,Retail,Immediate,In-Store,Eugene,2023-08-20
4639,Isabella Kim,Retail,Immediate,In-Store,Bend,2023-04-11
4640,SOPHIA BROWN ,Retail,Immediate,In-Store,Portland,2022-10-21
4641,Ashley Kim,Retail,Immediate,In-Store,Eugene,2024-12-14
4642,Andrew Johnson,Retail,Immediate,In-Store,Salem,2023-05-13
4643,Noah Anderson,Retail,Immediate,In-Store,Bend,2025-07-31
4644,Matthew Nguyen,Retail,Immediate,In-Store,Portland,2022-12-08
4645,Andrew Brown,Retail,Immediate,In-Store, beaverton,2025-09-29
4646,Isabella Taylor,Retail,Immediate,In-Store,Bend,2025-11-15
4647,Chloe Anderson,Retail,Immediate,In-Store,Seattle,2024-11-28
4648,Joseph Williams,Retail,Immediate,In-Store,Salem,2022-07-22
4649,Mia Williams,Retail,Immediate,In-Store,Portland,2022-03-13
4650,Matthew Nguyen,Retail,Immediate,In-Store,Portland,2025-12-14
4651,Robert Nelson,Retail,Immediate,In-Store,Portland,2023-01-27
4652,Christopher Miller,Retail,Immediate,In-Store,Seattle,2022-06-14
4653,Hannah Patel,Retail,Immediate,In-Store, portland,2024-12-09
4654,Emily Wilson,Retail,Immediate,In-Store,Portland,2023-01-05
4655,Grace Jones,Retail,Immediate,In-Store,Portland,2025-10-25
4656,Madison Carter,Retail,Immediate,In-Store,Portland,2024-12-29
4657,Andrew Patel,Retail,Immediate,In-Store,Portland,2025-02-06
4658,Lucas Nelson,Retail,Immediate,In-Store,Portland,2023-07-24
4659,Mason Thomas,Retail,Immediate,In-Store,Portland,2022-10-22
4660,Emma Wilson,Retail,Immediate,In-Store,Lake Oswego,2024-08-09
4661,Isabella Davis,Retail,Immediate,In-Store,Portland,2024-07-16
4662,Emily Johnson,Retail,Immediate,In-Store,Portland,2024-05-15
4663,Lucas Nelson,Retail,Immediate,In-Store,Portland,2022-12-13
4664,Andrew Moore,Retail,Immediate,In-Store,Beaverton,2022-05-26
4665,Jessica Garcia,Retail,Immediate,In-Store,Portland,2022-01-07
4666,David Lee,Retail,Immediate,In-Store,Portland,2025-12-11
4667,Noah Thomas,Retail,Immediate,In-Store,Bend,2022-01-23
4668,Mason Carter,Retail,Immediate,In-Store, portland,2025-03-22
4669,Ashley Martin,Retail,Immediate,In-Store, vancouver,2023-08-28
4670,Ella Taylor,Retail,Immediate,In-Store,Beaverton,2024-01-01
4671,Daniel Lee,Retail,Immediate,In-Store,Hillsboro,2022-04-23
4672,Ava Moore,Retail,Immediate,In-Store,Eugene,2022-12-12
4673,Grace Miller,Retail,Immediate,In-Store,Portland,2024-07-10
4674,Ethan Nelson,Retail,Immediate,In-Store,Eugene,2024-03-27
4675,Chloe Williams,Retail,Immediate,In-Store,Portland,2025-12-25
4676,Ava Lee,Retail,Immediate,In-Store,Hillsboro,2024-05-28
4677,Joseph Carter,Retail,Immediate,In-Store,Portland,2024-07-18
4678,MIA ANDERSON ,Retail,Immediate,In-Store,Portland,2024-10-17
4679,Liam Jones,Retail,Immediate,In-Store,Portland,2024-10-16
4680,Ella Brown,Retail,Immediate,In-Store,Beaverton,2023-06-08
4681,David Anderson,Retail,Immediate,In-Store,Portland,2023-05-11
4682,Jessica Patel,Retail,Immediate,In-Store,Portland,2023-07-23
4683,Isabella Garcia,Retail,Immediate,In-Store,Portland,2025-07-02
4684,Michael Patel,Retail,Immediate,In-Store,Portland,2022-09-08
4685,Emily Nguyen,Retail,Immediate,In-Store,Beaverton,2022-05-19
4686,Emma Carter,Retail,Immediate,In-Store,Hillsboro,2023-05-06
4687,Madison Thomas,Retail,Immediate,In-Store,Lake Oswego,2023-02-11
4688,SOPHIA ANDERSON ,Retail,Immediate,In-Store,Portland,2022-11-17
4689,Ella Kim,Retail,Immediate,In-Store,Portland,2023-09-11
4690,Ethan Smith,Retail,Immediate,In-Store,Portland,2022-12-19
4691,Lucas Jones,Retail,Immediate,In-Store,Tigard,2023-12-07
4692,Ashley Johnson,Retail,Immediate,In-Store,Beaverton,2023-05-08
4693,Noah Carter,Retail,Immediate,In-Store,Portland,2024-06-26
4694,Joseph Thomas,Retail,Immediate,In-Store,Hillsboro,2025-01-04
4695,Grace Davis,Retail,Immediate,In-Store,Portland,2023-05-07
4696,LIAM MOORE ,Retail,Immediate,In-Store,Portland,2023-04-22
4697,Joseph Nguyen,Retail,Immediate,In-Store,Portland,2025-11-12
4698,Ashley Jones,Retail,Immediate,In-Store,Beaverton,2025-06-09
4699,Robert Moore,Retail,Immediate,In-Store,Portland,2022-02-19
4700,ASHLEY WILLIAMS ,Retail,Immediate,In-Store,Portland,2024-02-28
4701,Lucas Carter,Retail,Immediate,In-Store,Portland,2023-05-15
4702,David Moore,Retail,Immediate,In-Store,Portland,2024-05-11
4703,Jessica Williams,Retail,Immediate,In-Store,Portland,2023-07-19
4704,Ava Davis,Retail,Immediate,In-Store,Portland,2023-04-03
4705,Chloe Patel,Retail,Immediate,In-Store,Vancouver,2025-11-28
4706,Christopher Smith,Retail,Immediate,In-Store,Salem,2024-05-14
4707,Isabella Patel,Retail,Immediate,In-Store,Lake Oswego,2022-05-18
4708,Madison Nguyen,Retail,Immediate,In-Store,Portland,2024-02-03
4709,Mia Williams,Retail,Immediate,In-Store,Portland,2022-07-04
4710,Madison Brown,Retail,Immediate,In-Store,Portland,2022-10-20
4711,Ella Davis,Retail,Immediate,In-Store,Portland,2024-04-15
4712,Olivia Nguyen,Retail,Immediate,In-Store, seattle,2022-09-27
4713,Ava Carter,Retail,Immediate,In-Store,Bend,2025-09-25
4714,GRACE MOORE ,Retail,Immediate,In-Store,Portland,2025-05-04
4715,Ava Moore,Retail,Immediate,In-Store,Portland,2022-06-28
4716,Olivia Wilson,Retail,Immediate,In-Store,Portland,2022-08-30
4717,Madison Williams,Retail,Immediate,In-Store,Portland,2025-08-15
4718,Mia Thomas,Retail,Immediate,In-Store,Portland,2025-01-07
4719,NOAH TAYLOR ,Retail,Immediate,In-Store,Portland,2022-05-28
4720,Emily Moore,Retail,Immediate,In-Store,Portland,2023-08-10
4721,Jessica Carter,Retail,Immediate,In-Store,Portland,2023-05-03
4722,Hannah Martin,Retail,Immediate,In-Store,Portland,2024-10-06
4723,Ashley Thomas,Retail,Immediate,In-Store,Gresham,2025-07-29
4724,Ella Jones,Retail,Immediate,In-Store,Hillsboro,2024-10-12
4725,David Nguyen,Retail,Immediate,In-Store,Gresham,2022-10-11
4726,Matthew Williams,Retail,Immediate,In-Store,Portland,2025-04-22
4727,Chloe Miller,Retail,Immediate,In-Store,Bend,2024-12-14
4728,Matthew Patel,Retail,Immediate,In-Store,Portland,2025-04-19
4729,Madison Martin,Retail,Immediate,In-Store,Hillsboro,2023-07-08
4730,Michael Miller,Retail,Immediate,In-Store,Portland,2022-01-11
4731,Robert Nelson,Retail,Immediate,In-Store,Portland,2025-01-31
4732,Ella Thomas,Retail,Immediate,In-Store,Vancouver,2023-01-18
4733,LIAM MOORE ,Retail,Immediate,In-Store,Portland,2023-08-28
4734,Joseph Nelson,Retail,Immediate,In-Store,Beaverton,2024-10-11
4735,Jessica Jones,Retail,Immediate,In-Store,Portland,2025-10-08
4736,Lucas Wilson,Retail,Immediate,In-Store,Portland,2023-12-02
4737,DAVID KIM ,Retail,Immediate,In-Store,Hillsboro,2023-08-06
4738,MIA MILLER ,Retail,Immediate,In-Store,Hillsboro,2023-12-17
4739,LUCAS WILLIAMS ,Retail,Immediate,In-Store,Portland,2025-07-06
4740,Ella Nguyen,Retail,Immediate,In-Store, portland,2025-01-01
4741,Ethan Nelson,Retail,Immediate,In-Store,Gresham,2023-06-27
4742,Matthew Jones,Retail,Immediate,In-Store,Hillsboro,2022-06-22
4743,David Kim,Retail,Immediate,In-Store,Beaverton,2022-09-05
4744,Grace Miller,Retail,Immediate,In-Store,Gresham,2024-05-27
4745,Ethan Jones,Retail,Immediate,In-Store,Gresham,2024-06-27
4746,Mason Nguyen,Retail,Immediate,In-Store,Bend,2023-09-27
4747,Robert Taylor,Retail,Immediate,In-Store,Gresham,2024-04-15
4748,Sophia Jones,Retail,Immediate,In-Store,Portland,2022-06-23
4749,Christopher Nelson,Retail,Immediate,In-Store,Portland,2024-04-16
4750,Grace Martin,Retail,Immediate,In-Store,Beaverton,2025-12-20
4751,Hannah Wilson,Retail,Immediate,In-Store,Salem,2023-01-04
4752,AVA MARTIN ,Retail,Immediate,In-Store,Portland,2024-07-29
4753,Daniel Moore,Retail,Immediate,In-Store,Lake Oswego,2023-03-16
4754,Matthew Miller,Retail,Immediate,In-Store, portland,2024-01-25
4755,William Wilson,Retail,Immediate,In-Store,Portland,2022-02-17
4756,Michael Nguyen,Retail,Immediate,In-Store,Portland,2023-11-22
4757,GRACE KIM ,Retail,Immediate,In-Store,Portland,2022-03-11
4758,MASON NGUYEN ,Retail,Immediate,In-Store, hillsboro,2022-11-06
4759,GRACE LEE ,Retail,Immediate,In-Store,Portland,2023-02-05
4760,Emily Martin,Retail,Immediate,In-Store,Portland,2023-08-01
4761,Lucas Kim,Retail,Immediate,In-Store,Portland,2023-04-01
4762,Ella Nguyen,Retail,Immediate,In-Store,Gresham,2023-12-23
4763,Chloe Jones,Retail,Immediate,In-Store,Portland,2025-07-27
4764,JESSICA MOORE ,Retail,Immediate,In-Store,Corvallis,2022-10-06
4765,Matthew Taylor,Retail,Immediate,In-Store,Bend,2023-11-22
4766,Matthew Williams,Retail,Immediate,In-Store,Bend,2022-01-04
4767,Emma Nelson,Retail,Immediate,In-Store,Beaverton,2025-07-28
4768,Grace Martin,Retail,Immediate,In-Store,Salem,2023-10-25
4769,Robert Moore,Retail,Immediate,In-Store,Bend,2024-07-06
4770,Emily Carter,Retail,Immediate,In-Store, tigard,2022-07-20
4771,Hannah Martin,Retail,Immediate,In-Store,Beaverton,2024-07-14
4772,David Moore,Retail,Immediate,In-Store,Beaverton,2023-07-11
4773,Michael Moore,Retail,Immediate,In-Store,Beaverton,2022-05-10
4774,Chloe Miller,Retail,Immediate,In-Store,Portland,2024-04-20
4775,Joseph Taylor,Retail,Immediate,In-Store,Tigard,2025-03-16
4776,Olivia Moore,Retail,Immediate,In-Store,Lake Oswego,2024-08-29
4777,Chloe Garcia,Retail,Immediate,In-Store,Portland,2022-11-15
4778,David Jones,Retail,Immediate,In-Store,Portland,2024-11-30
4779,Isabella Jones,Retail,Immediate,In-Store,Bend,2023-02-17
4780,David Moore,Retail,Immediate,In-Store,Portland,2024-05-26
4781,Ella Thomas,Retail,Immediate,In-Store,Salem,2025-10-24
4782,MASON NGUYEN ,Retail,Immediate,In-Store,Corvallis,2025-09-03
4783,Madison Lee,Retail,Immediate,In-Store,Portland,2025-07-09
4784,ELLA THOMAS ,Retail,Immediate,In-Store,Portland,2024-01-26
4785,Michael Garcia,Retail,Immediate,In-Store,Portland,2022-05-08
4786,Lucas Garcia,Retail,Immediate,In-Store, portland,2022-02-18
4787,JESSICA NGUYEN ,Retail,Immediate,In-Store,Beaverton,2025-04-02
4788,Ethan Martin,Retail,Immediate,In-Store,Portland,2023-09-19
4789,Grace Wilson,Retail,Immediate,In-Store, portland,2022-08-02
4790,Olivia Taylor,Retail,Immediate,In-Store,Bend,2024-10-10
4791,Ella Smith,Retail,Immediate,In-Store,Gresham,2025-02-17
4792,ROBERT TAYLOR ,Retail,Immediate,In-Store,Hillsboro,2022-11-13
4793,William Johnson,Retail,Immediate,In-Store,Corvallis,2023-01-29
4794,Robert Carter,Retail,Immediate,In-Store,Portland,2025-10-08
4795,Matthew Brown,Retail,Immediate,In-Store,Portland,2022-12-02
4796,William Jones,Retail,Immediate,In-Store, hillsboro,2025-06-07
4797,Robert Moore,Retail,Immediate,In-Store,Portland,2022-06-01
4798,Grace Nguyen,Retail,Immediate,In-Store,Portland,2023-04-09
4799,Emma Wilson,Retail,Immediate,In-Store,Salem,2024-08-17
4800,Ashley Miller,Retail,Immediate,In-Store,Gresham,2022-07-25
4801,Christopher Miller,Retail,Immediate,In-Store,Portland,2024-07-30
4802,ETHAN NELSON ,Retail,Immediate,In-Store,Corvallis,2024-06-06
4803,Mason Jones,Retail,Immediate,In-Store,Portland,2025-08-30
4804,Robert Martin,Retail,Immediate,In-Store,Portland,2025-07-07
4805,Christopher Moore,Retail,Immediate,In-Store,Gresham,2024-02-03
4806,Ava Lee,Retail,Immediate,In-Store,Vancouver,2023-06-09
4807,Sophia Brown,Retail,Immediate,In-Store,Seattle,2025-09-15
4808,Liam Kim,Retail,Immediate,In-Store, portland,2023-01-21
4809,Olivia Wilson,Retail,Immediate,In-Store,Corvallis,2024-12-11
4810,Mason Smith,Retail,Immediate,In-Store,Portland,2024-07-14
4811,Emily Carter,Retail,Immediate,In-Store,Eugene,2023-02-26
4812,Sarah Smith,Retail,Immediate,In-Store,Portland,2024-06-13
4813,Noah Taylor,Retail,Immediate,In-Store,Portland,2023-08-18
4814,Joseph Moore,Retail,Immediate,In-Store,Portland,2022-03-30
4815,Ella Miller,Retail,Immediate,In-Store,Corvallis,2024-12-29
4816,David Brown,Retail,Immediate,In-Store,Salem,2025-05-04
4817,Sophia Brown,Retail,Immediate,In-Store,Portland,2024-11-06
4818,Hannah Jones,Retail,Immediate,In-Store,Portland,2025-05-10
4819,Grace Martin,Retail,Immediate,In-Store,Portland,2025-04-05
4820,Sophia Moore,Retail,Immediate,In-Store,Gresham,2024-05-18
4821,Sophia Williams,Retail,Immediate,In-Store,Seattle,2023-04-09
4822,Grace Moore,Retail,Immediate,In-Store,Gresham,2023-11-02
4823,Hannah Wilson,Retail,Immediate,In-Store,Portland,2024-11-19
4824,Daniel Nelson,Retail,Immediate,In-Store,Portland,2023-05-16
4825,Grace Davis,Retail,Immediate,In-Store,Hillsboro,2025-07-29
4826,Emily Thomas,Retail,Immediate,In-Store,Portland,2025-05-02
4827,Ashley Kim,Retail,Immediate,In-Store,Portland,2024-06-12
4828,Michael Williams,Retail,Immediate,In-Store,Corvallis,2025-12-30
4829,Andrew Garcia,Retail,Immediate,In-Store,Portland,2023-05-26
4830,Sophia Moore,Retail,Immediate,In-Store,Portland,2024-08-29
4831,Mason Brown,Retail,Immediate,In-Store,Portland,2024-01-19
4832,HANNAH ANDERSON ,Retail,Immediate,In-Store,Portland,2025-10-14
4833,Lucas Nelson,Retail,Immediate,In-Store,Portland,2022-06-16
4834,David Anderson,Retail,Immediate,In-Store,Portland,2023-08-03
4835,Sophia Miller,Retail,Immediate,In-Store, tigard,2023-11-05
4836,Andrew Johnson,Retail,Immediate,In-Store,Beaverton,2023-11-21
4837,Noah Carter,Retail,Immediate,In-Store,Beaverton,2022-07-06
4838,Isabella Patel,Retail,Immediate,In-Store,Salem,2024-04-13
4839,Mia Anderson,Retail,Immediate,In-Store,Portland,2024-11-18
4840,Sarah Nelson,Retail,Immediate,In-Store, portland,2025-06-18
4841,Isabella Williams,Retail,Immediate,In-Store,Seattle,2025-01-23
4842,Ashley Nelson,Retail,Immediate,In-Store,Portland,2025-01-25
4843,Noah Miller,Retail,Immediate,In-Store,Salem,2022-10-26
4844,Christopher Lee,Retail,Immediate,In-Store,Portland,2024-08-27
4845,Lucas Nelson,Retail,Immediate,In-Store,Portland,2023-11-06
4846,Ethan Carter,Retail,Immediate,In-Store,Hillsboro,2024-01-19
4847,Isabella Johnson,Retail,Immediate,In-Store,Portland,2022-01-25
4848,Madison Smith,Retail,Immediate,In-Store,Portland,2023-10-22
4849,Emily Wilson,Retail,Immediate,In-Store,Hillsboro,2024-02-14
4850,Ella Brown,Retail,Immediate,In-Store,Beaverton,2023-03-29
4851,Ava Lee,Retail,Immediate,In-Store,Hillsboro,2022-09-28
4852,Noah Smith,Retail,Immediate,In-Store, portland,2025-11-17
4853,Liam Nelson,Retail,Immediate,In-Store,Portland,2022-02-19
4854,Sophia Patel,Retail,Immediate,In-Store,Portland,2022-12-17
4855,Noah Patel,Retail,Immediate,In-Store,Portland,2024-06-13
4856,Liam Lee,Retail,Immediate,In-Store,Portland,2023-09-17
4857,DAVID NGUYEN ,Retail,Immediate,In-Store,Portland,2025-10-19
4858,Emily Lee,Retail,Immediate,In-Store,Portland,2025-10-22
4859,William Nguyen,Retail,Immediate,In-Store,Hillsboro,2024-12-19
4860,Christopher Garcia,Retail,Immediate,In-Store, gresham,2025-03-25
4861,Olivia Nguyen,Retail,Immediate,In-Store,Salem,2023-05-25
4862,Jessica Moore,Retail,Immediate,In-Store,Portland,2025-05-28
4863,Mason Miller,Retail,Immediate,In-Store,Lake Oswego,2024-03-06
4864,Lucas Kim,Retail,Immediate,In-Store,Portland,2023-07-05
4865,Ashley Wilson,Retail,Immediate,In-Store,Seattle,2025-10-30
4866,Madison Brown,Retail,Immediate,In-Store,Portland,2024-08-09
4867,EMILY MARTIN ,Retail,Immediate,In-Store,Bend,2025-07-09
4868,Olivia Kim,Retail,Immediate,In-Store,Portland,2025-09-22
4869,Chloe Thomas,Retail,Immediate,In-Store,Portland,2022-02-18
4870,CHLOE DAVIS ,Retail,Immediate,In-Store,Portland,2022-07-16
4871,Sophia Davis,Retail,Immediate,In-Store,Portland,2022-11-26
4872,Ava Kim,Retail,Immediate,In-Store, portland,2025-11-04
4873,EMMA LEE ,Retail,Immediate,In-Store,Portland,2022-10-07
4874,Noah Garcia,Retail,Immediate,In-Store,Gresham,2023-10-23
4875,Ashley Smith,Retail,Immediate,In-Store,Eugene,2023-03-14
4876,Ella Johnson,Retail,Immediate,In-Store,Salem,2023-06-12
4877,Matthew Garcia,Retail,Immediate,In-Store,Portland,2025-09-03
4878,Grace Thomas,Retail,Immediate,In-Store,Beaverton,2024-10-02
4879,Isabella Lee,Retail,Immediate,In-Store,Portland,2025-04-05
4880,ROBERT WILSON ,Retail,Immediate,In-Store,Vancouver,2022-02-18
4881,Chloe Johnson,Retail,Immediate,In-Store,Beaverton,2023-12-30
4882,Michael Nguyen,Retail,Immediate,In-Store,Salem,2024-04-08
4883,Chloe Carter,Retail,Immediate,In-Store,Portland,2025-05-17
4884,Hannah Moore,Retail,Immediate,In-Store,Portland,2023-11-07
4885,David Brown,Retail,Immediate,In-Store,Beaverton,2025-04-15
4886,Emily Johnson,Retail,Immediate,In-Store,Hillsboro,2024-07-26
4887,Christopher Brown,Retail,Immediate,In-Store,Beaverton,2022-04-12
4888,Andrew Lee,Retail,Immediate,In-Store,Portland,2023-01-19
4889,James Nguyen,Retail,Immediate,In-Store,Portland,2024-04-22
4890,Lucas Nelson,Retail,Immediate,In-Store,Portland,2024-06-24
4891,Chloe Thomas,Retail,Immediate,In-Store,Portland,2022-01-18
4892,Jessica Anderson,Retail,Immediate,In-Store,Salem,2022-06-14
4893,Mia Garcia,Retail,Immediate,In-Store,Portland,2024-02-01
4894,Lucas Smith,Retail,Immediate,In-Store,Beaverton,2024-04-12
4895,Sarah Davis,Retail,Immediate,In-Store,Portland,2025-08-21
4896,Emily Nguyen,Retail,Immediate,In-Store, vancouver,2022-05-05
4897,Robert Davis,Retail,Immediate,In-Store,Seattle,2023-10-07
4898,Chloe Wilson,Retail,Immediate,In-Store,Beaverton,2024-08-17
4899,Chloe Johnson,Retail,Immediate,In-Store,Seattle,2022-12-06
4900,Isabella Davis,Retail,Immediate,In-Store, beaverton,2023-01-29
4901,Andrew Carter,Retail,Immediate,In-Store,Portland,2024-02-10
4902,Sarah Johnson,Retail,Immediate,In-Store,Portland,2025-07-08
4903,Emily Garcia,Retail,Immediate,In-Store,Portland,2024-06-18
4904,Robert Brown,Retail,Immediate,In-Store,Portland,2025-12-21
4905,Ashley Nelson,Retail,Immediate,In-Store,Portland,2022-12-27
4906,Grace Thomas,Retail,Immediate,In-Store,Gresham,2025-07-20
4907,Ethan Kim,Retail,Immediate,In-Store,Vancouver,2023-02-08
4908,Madison Moore,Retail,Immediate,In-Store,Beaverton,2022-07-04
4909,Daniel Nguyen,Retail,Immediate,In-Store, portland,2022-12-20
4910,Madison Jones,Retail,Immediate,In-Store,Hillsboro,2022-09-08
4911,Andrew Carter,Retail,Immediate,In-Store,Portland,2022-08-10
4912,Noah Williams,Retail,Immediate,In-Store,Portland,2024-10-07
4913,James Taylor,Retail,Immediate,In-Store,Portland,2024-03-03
4914,Noah Thomas,Retail,Immediate,In-Store,Lake Oswego,2023-08-15
4915,Chloe Carter,Retail,Immediate,In-Store,Portland,2024-04-22
4916,Michael Martin,Retail,Immediate,In-Store,Bend,2024-08-12
4917,Emma Brown,Retail,Immediate,In-Store,Salem,2022-05-26
4918,Matthew Smith,Retail,Immediate,In-Store,Salem,2024-04-27
4919,Robert Williams,Retail,Immediate,In-Store,Salem,2022-06-05
4920,Jessica Martin,Retail,Immediate,In-Store,Beaverton,2023-02-02
4921,LUCAS ANDERSON ,Retail,Immediate,In-Store,Portland,2025-05-28
4922,Mia Carter,Retail,Immediate,In-Store,Portland,2024-08-02
4923,JOSEPH DAVIS ,Retail,Immediate,In-Store,Portland,2025-05-20
4924,SARAH PATEL ,Retail,Immediate,In-Store, portland,2022-04-17
4925,David Patel,Retail,Immediate,In-Store,Beaverton,2022-02-28
4926,Madison Kim,Retail,Immediate,In-Store,Portland,2022-12-07
4927,Robert Patel,Retail,Immediate,In-Store,Portland,2023-06-30
4928,Liam Moore,Retail,Immediate,In-Store, hillsboro,2023-03-25
4929,DAVID SMITH ,Retail,Immediate,In-Store,Hillsboro,2023-09-06
4930,Ethan Garcia,Retail,Immediate,In-Store, portland,2022-07-19
4931,Madison Davis,Retail,Immediate,In-Store,Portland,2023-08-12
4932,MIA JONES ,Retail,Immediate,In-Store,Salem,2022-08-13
4933,MATTHEW WILSON ,Retail,Immediate,In-Store,Portland,2025-04-09
4934,Grace Anderson,Retail,Immediate,In-Store,Salem,2022-09-09
4935,Sarah Smith,Retail,Immediate,In-Store,Portland,2022-12-15
4936,James Martin,Retail,Immediate,In-Store, portland,2025-01-21
4937,Lucas Taylor,Retail,Immediate,In-Store,Portland,2023-10-31
4938,Ashley Garcia,Retail,Immediate,In-Store, portland,2024-08-15
4939,Lucas Wilson,Retail,Immediate,In-Store,Bend,2022-05-20
4940,Olivia Smith,Retail,Immediate,In-Store,Portland,2025-06-12
4941,Michael Nguyen,Retail,Immediate,In-Store,Portland,2025-02-13
4942,James Thomas,Retail,Immediate,In-Store,Bend,2022-05-14
4943,Hannah Nguyen,Retail,Immediate,In-Store,Salem,2022-09-18
4944,Robert Wilson,Retail,Immediate,In-Store,Portland,2023-10-22
4945,EMMA MILLER ,Retail,Immediate,In-Store,Portland,2025-04-02
4946,Joseph Nguyen,Retail,Immediate,In-Store,Gresham,2022-06-07
4947,Ashley Johnson,Retail,Immediate,In-Store,Gresham,2023-04-18
4948,Robert Davis,Retail,Immediate,In-Store,Portland,2025-01-11
4949,ANDREW ANDERSON ,Retail,Immediate,In-Store,Portland,2025-07-05
4950,James Jones,Retail,Immediate,In-Store,Portland,2025-07-12
4951,Michael Taylor,Retail,Immediate,In-Store,Portland,2025-11-27
4952,Robert Lee,Retail,Immediate,In-Store,Salem,2022-08-07
4953,Emily Lee,Retail,Immediate,In-Store,Tigard,2025-03-13
4954,Daniel Lee,Retail,Immediate,In-Store,Gresham,2024-05-20
4955,Jessica Kim,Retail,Immediate,In-Store, portland,2025-05-14
4956,Jessica Lee,Retail,Immediate,In-Store,Portland,2024-12-17
4957,Sophia Jones,Retail,Immediate,In-Store,Beaverton,2025-07-28
4958,Christopher Smith,Retail,Immediate,In-Store,Gresham,2023-04-24
4959,AVA NGUYEN ,Retail,Immediate,In-Store,Vancouver,2024-07-26
4960,Noah Kim,Retail,Immediate,In-Store,Vancouver,2022-06-01
4961,Emily Patel,Retail,Immediate,In-Store,Vancouver,2023-11-24
4962,Hannah Nelson,Retail,Immediate,In-Store,Portland,2024-01-16
4963,Joseph Taylor,Retail,Immediate,In-Store,Salem,2023-05-22
4964,Michael Patel,Retail,Immediate,In-Store,Beaverton,2025-12-19
4965,David Nelson,Retail,Immediate,In-Store,Vancouver,2023-03-20
4966,Daniel Miller,Retail,Immediate,In-Store,Portland,2022-06-08
4967,Andrew Moore,Retail,Immediate,In-Store,Portland,2025-03-24
4968,Chloe Brown,Retail,Immediate,In-Store,Portland,2023-02-08
4969,Mia Moore,Retail,Immediate,In-Store,Portland,2023-09-24
4970,Mason Brown,Retail,Immediate,In-Store,Portland,2023-12-06
4971,Lucas Jones,Retail,Immediate,In-Store,Portland,2025-02-22
4972,MIA PATEL ,Retail,Immediate,In-Store,Portland,2023-03-16
4973,Grace Wilson,Retail,Immediate,In-Store,Portland,2022-02-16
4974,Mia Patel,Retail,Immediate,In-Store,Bend,2025-10-19
4975,Liam Garcia,Retail,Immediate,In-Store, eugene,2024-09-05
4976,Jessica Lee,Retail,Immediate,In-Store,Portland,2024-09-10
4977,Ashley Jones,Retail,Immediate,In-Store,Beaverton,2024-08-23
4978,Emily Patel,Retail,Immediate,In-Store,Portland,2024-11-03
4979,Joseph Carter,Retail,Immediate,In-Store, vancouver,2022-11-10
4980,Joseph Smith,Retail,Immediate,In-Store,Vancouver,2024-11-12
4981,Michael Moore,Retail,Immediate,In-Store,Eugene,2023-07-27
4982,Mason Wilson,Retail,Immediate,In-Store,Eugene,2022-06-18
4983,David Johnson,Retail,Immediate,In-Store,Beaverton,2024-01-18
4984,Joseph Patel,Retail,Immediate,In-Store,Portland,2024-10-10
4985,Emily Garcia,Retail,Immediate,In-Store,Corvallis,2024-08-21
4986,ASHLEY KIM ,Retail,Immediate,In-Store, vancouver,2025-10-08
4987,Olivia Taylor,Retail,Immediate,In-Store,Vancouver,2024-04-04
4988,Liam Patel,Retail,Immediate,In-Store, eugene,2023-06-15
4989,Lucas Carter,Retail,Immediate,In-Store,Portland,2025-07-09
4990,Andrew Garcia,Retail,Immediate,In-Store, corvallis,2024-09-28
4991,Sophia Kim,Retail,Immediate,In-Store,Portland,2022-09-15
4992,Daniel Moore,Retail,Immediate,In-Store,Eugene,2025-05-16
4993,Lucas Anderson,Retail,Immediate,In-Store,Portland,2022-03-13
4994,Madison Smith,Retail,Immediate,In-Store,Seattle,2025-09-18
4995,Joseph Kim,Retail,Immediate,In-Store,Beaverton,2024-07-01
4996,Emma Moore,Retail,Immediate,In-Store,Beaverton,2024-09-16
4997,Noah Nguyen,Retail,Immediate,In-Store, portland,2024-07-03
4998,MASON DAVIS ,Retail,Immediate,In-Store,Portland,2025-11-27
4999,Andrew Davis,Retail,Immediate,In-Store,Portland,2025-01-15
5000,Emily Kim,Retail,Immediate,In-Store,Portland,2023-08-08
5001,Mason Williams,Retail,Immediate,In-Store, portland,2022-09-26
5002,Ashley Miller,Retail,Immediate,In-Store, beaverton,2025-03-25
5003,DANIEL MARTIN ,Retail,Immediate,In-Store,Beaverton,2025-03-08
5004,Joseph Carter,Retail,Immediate,In-Store,Gresham,2025-08-11
5005,Madison Martin,Retail,Immediate,In-Store, portland,2025-04-26
5006,Daniel Moore,Retail,Immediate,In-Store,Portland,2023-12-23
5007,LIAM TAYLOR ,Retail,Immediate,In-Store,Portland,2022-02-05
5008,David Martin,Retail,Immediate,In-Store,Portland,2025-11-14
5009,Matthew Patel,Retail,Immediate,In-Store, vancouver,2023-11-10
5010,Lucas Jones,Retail,Immediate,In-Store,Portland,2025-08-22
5011,Ella Moore,Retail,Immediate,In-Store,Portland,2025-08-26
5012,Chloe Taylor,Retail,Immediate,In-Store,Portland,2024-11-22
5013,Ava Martin,Retail,Immediate,In-Store,Portland,2023-10-08
5014,Andrew Garcia,Retail,Immediate,In-Store,Beaverton,2022-11-16
5015,William Garcia,Retail,Immediate,In-Store,Portland,2025-03-13
5016,Isabella Thomas,Retail,Immediate,In-Store,Vancouver,2024-12-03
5017,Joseph Kim,Retail,Immediate,In-Store,Portland,2022-09-13
5018,Sarah Nguyen,Retail,Immediate,In-Store,Portland,2023-12-30
5019,Mason Lee,Retail,Immediate,In-Store,Beaverton,2024-01-02
5020,Daniel Thomas,Retail,Immediate,In-Store,Portland,2024-10-12
5021,Matthew Smith,Retail,Immediate,In-Store,Portland,2025-01-08
5022,Madison Thomas,Retail,Immediate,In-Store,Lake Oswego,2024-08-09
5023,Michael Jones,Retail,Immediate,In-Store,Portland,2023-10-19
5024,Joseph Williams,Retail,Immediate,In-Store,Tigard,2023-08-01
5025,Mia Miller,Retail,Immediate,In-Store,Lake Oswego,2023-04-01
5026,Sophia Smith,Retail,Immediate,In-Store,Corvallis,2022-08-14
5027,Grace Nelson,Retail,Immediate,In-Store,Beaverton,2022-11-10
5028,Mason Nguyen,Retail,Immediate,In-Store,Portland,2025-10-05
5029,Emily Jones,Retail,Immediate,In-Store,Portland,2024-07-07
5030,Mason Williams,Retail,Immediate,In-Store,Portland,2022-06-06
5031,Liam Brown,Retail,Immediate,In-Store,Portland,2023-06-20
5032,Emma Brown,Retail,Immediate,In-Store, portland,2022-03-23
5033,Hannah Anderson,Retail,Immediate,In-Store,Hillsboro,2022-06-08
5034,Christopher Wilson,Retail,Immediate,In-Store,Hillsboro,2024-10-20
5035,Sarah Anderson,Retail,Immediate,In-Store,Portland,2025-05-21
5036,Grace Patel,Retail,Immediate,In-Store,Portland,2024-01-03
5037,Michael Williams,Retail,Immediate,In-Store,Portland,2024-04-01
5038,Christopher Anderson,Retail,Immediate,In-Store,Eugene,2024-09-03
5039,Mason Nelson,Retail,Immediate,In-Store,Corvallis,2024-05-27
5040,Sophia Anderson,Retail,Immediate,In-Store,Portland,2025-10-28
5041,Lucas Martin,Retail,Immediate,In-Store,Portland,2022-11-20
5042,MATTHEW JOHNSON ,Retail,Immediate,In-Store, portland,2025-03-07
5043,Andrew Carter,Retail,Immediate,In-Store,Beaverton,2023-03-19
5044,Lucas Nguyen,Retail,Immediate,In-Store,Lake Oswego,2022-06-21
5045,Robert Wilson,Retail,Immediate,In-Store,Beaverton,2022-08-08
5046,CHRISTOPHER JOHNSON ,Retail,Immediate,In-Store,Portland,2025-05-10
5047,Madison Martin,Retail,Immediate,In-Store,Portland,2025-02-14
5048,Ella Martin,Retail,Immediate,In-Store,Hillsboro,2023-07-30
5049,Grace Taylor,Retail,Immediate,In-Store,Salem,2023-04-04
5050,SARAH NGUYEN ,Retail,Immediate,In-Store,Portland,2025-04-22
5051,Madison Smith,Retail,Immediate,In-Store,Portland,2024-09-13
5052,Jessica Anderson,Retail,Immediate,In-Store,Portland,2023-03-10
5053,Mason Taylor,Retail,Immediate,In-Store,Portland,2022-01-02
5054,Isabella Brown,Retail,Immediate,In-Store,Hillsboro,2024-09-16
5055,Ethan Carter,Retail,Immediate,In-Store, portland,2024-01-03
5056,Andrew Miller,Retail,Immediate,In-Store, portland,2024-12-30
5057,LIAM CARTER ,Retail,Immediate,In-Store,Salem,2022-07-12
5058,Jessica Martin,Retail,Immediate,In-Store,Seattle,2022-11-27
5059,MATTHEW ANDERSON ,Retail,Immediate,In-Store,Portland,2024-01-10
5060,Matthew Nelson,Retail,Immediate,In-Store,Hillsboro,2022-12-31
5061,Madison Davis,Retail,Immediate,In-Store,Portland,2024-12-06
5062,HANNAH MOORE ,Retail,Immediate,In-Store, eugene,2022-01-22
5063,Robert Davis,Retail,Immediate,In-Store,Seattle,2025-11-01
5064,Michael Carter,Retail,Immediate,In-Store,Eugene,2025-07-05
5065,CHRISTOPHER MILLER ,Retail,Immediate,In-Store,Portland,2024-04-29
5066,MATTHEW NGUYEN ,Retail,Immediate,In-Store,Portland,2025-07-23
5067,Chloe Patel,Retail,Immediate,In-Store,Portland,2022-12-18
5068,Joseph Johnson,Retail,Immediate,In-Store,Gresham,2022-10-18
5069,Joseph Garcia,Retail,Immediate,In-Store,Portland,2022-10-16
5070,Christopher Miller,Retail,Immediate,In-Store,Lake Oswego,2022-11-03
5071,Emma Thomas,Retail,Immediate,In-Store,Portland,2023-01-17
5072,Emma Smith,Retail,Immediate,In-Store,Portland,2023-05-28
5073,DAVID CARTER ,Retail,Immediate,In-Store,Portland,2022-02-09
5074,Ella Miller,Retail,Immediate,In-Store,Salem,2022-03-15
5075,Robert Brown,Retail,Immediate,In-Store,Beaverton,2024-09-18
5076,Chloe Patel,Retail,Immediate,In-Store,Portland,2022-08-22
5077,Mason Martin,Retail,Immediate,In-Store,Corvallis,2025-06-17
5078,CHLOE KIM ,Retail,Immediate,In-Store,Portland,2024-12-24
5079,Mia Garcia,Retail,Immediate,In-Store,Portland,2025-04-05
5080,Noah Brown,Retail,Immediate,In-Store,Lake Oswego,2022-08-18
5081,WILLIAM NELSON ,Retail,Immediate,In-Store,Portland,2025-02-09
5082,Mia Lee,Retail,Immediate,In-Store,Portland,2024-02-15
5083,Noah Smith,Retail,Immediate,In-Store,Bend,2024-01-18
5084,Ethan Brown,Retail,Immediate,In-Store,Portland,2025-03-20
5085,Joseph Moore,Retail,Immediate,In-Store,Corvallis,2022-04-25
5086,Sarah Williams,Retail,Immediate,In-Store,Portland,2024-05-11
5087,LUCAS MARTIN ,Retail,Immediate,In-Store,Portland,2022-12-27
5088,Madison Martin,Retail,Immediate,In-Store,Portland,2022-04-01
5089,Grace Martin,Retail,Immediate,In-Store,Portland,2024-07-21
5090,Andrew Thomas,Retail,Immediate,In-Store,Vancouver,2024-02-02
5091,EMILY WILSON ,Retail,Immediate,In-Store,Portland,2024-12-11
5092,Mason Taylor,Retail,Immediate,In-Store,Gresham,2023-02-26
5093,Michael Nguyen,Retail,Immediate,In-Store,Portland,2023-10-27
5094,Ava Lee,Retail,Immediate,In-Store, beaverton,2023-11-10
5095,Andrew Miller,Retail,Immediate,In-Store,Bend,2022-04-22
5096,Chloe Miller,Retail,Immediate,In-Store,Portland,2025-04-19
5097,David Miller,Retail,Immediate,In-Store,Portland,2024-04-23
5098,Jessica Kim,Retail,Immediate,In-Store,Hillsboro,2023-09-04
5099,James Garcia,Retail,Immediate,In-Store,Portland,2024-04-06
5100,Mia Smith,Retail,Immediate,In-Store,Beaverton,2024-04-02
5101,Daniel Johnson,Retail,Immediate,In-Store,Beaverton,2025-08-07
5102,MICHAEL JONES ,Retail,Immediate,In-Store,Corvallis,2025-01-29
5103,Sophia Martin,Retail,Immediate,In-Store,Portland,2022-08-30
5104,Olivia Carter,Retail,Immediate,In-Store,Portland,2022-05-09
5105,Jessica Garcia,Retail,Immediate,In-Store,Portland,2023-11-05
5106,Michael Brown,Retail,Immediate,In-Store,Beaverton,2025-11-30
5107,CHLOE BROWN ,Retail,Immediate,In-Store,Portland,2024-12-10
5108,Mason Wilson,Retail,Immediate,In-Store,Portland,2024-01-05
5109,Andrew Carter,Retail,Immediate,In-Store,Portland,2024-09-04
5110,CHLOE KIM ,Retail,Immediate,In-Store,Portland,2025-09-08
5111,Ethan Johnson,Retail,Immediate,In-Store,Hillsboro,2025-07-15
5112,Matthew Patel,Retail,Immediate,In-Store,Eugene,2024-10-19
5113,ISABELLA PATEL ,Retail,Immediate,In-Store,Portland,2023-03-11
5114,DAVID PATEL ,Retail,Immediate,In-Store,Portland,2025-04-20
5115,Mia Martin,Retail,Immediate,In-Store,Gresham,2023-04-23
5116,Christopher Miller,Retail,Immediate,In-Store,Tigard,2024-09-15
5117,MICHAEL JONES ,Retail,Immediate,In-Store,Vancouver,2023-06-01
5118,GRACE GARCIA ,Retail,Immediate,In-Store,Portland,2022-12-10
5119,CHLOE SMITH ,Retail,Immediate,In-Store,Portland,2025-04-28
5120,Ethan Thomas,Retail,Immediate,In-Store, portland,2023-05-24
5121,DANIEL THOMAS ,Retail,Immediate,In-Store,Portland,2024-06-18
5122,Hannah Anderson,Retail,Immediate,In-Store,Portland,2022-02-27
5123,Grace Kim,Retail,Immediate,In-Store,Portland,2024-03-21
5124,Andrew Nelson,Retail,Immediate,In-Store,Eugene,2023-03-21
5125,Matthew Kim,Retail,Immediate,In-Store,Portland,2025-11-05
5126,ISABELLA GARCIA ,Retail,Immediate,In-Store,Portland,2022-04-02
5127,William Thomas,Retail,Immediate,In-Store,Beaverton,2024-09-30
5128,Liam Patel,Retail,Immediate,In-Store,Portland,2024-11-07
5129,Joseph Williams,Retail,Immediate,In-Store, portland,2023-06-08
5130,Michael Nelson,Retail,Immediate,In-Store,Gresham,2022-04-07
5131,Mason Davis,Retail,Immediate,In-Store,Portland,2024-12-28
5132,Matthew Williams,Retail,Immediate,In-Store,Portland,2025-02-13
5133,LUCAS BROWN ,Retail,Immediate,In-Store,Portland,2023-04-28
5134,Ella Martin,Retail,Immediate,In-Store,Portland,2024-05-13
5135,SOPHIA JONES ,Retail,Immediate,In-Store,Portland,2022-01-22
5136,Mason Davis,Retail,Immediate,In-Store,Seattle,2023-08-28
5137,Noah Smith,Retail,Immediate,In-Store,Salem,2022-02-22
5138,Matthew Nguyen,Retail,Immediate,In-Store,Hillsboro,2025-12-11
5139,Ava Lee,Retail,Immediate,In-Store,Portland,2025-03-19
5140,DAVID DAVIS ,Retail,Immediate,In-Store,Portland,2022-05-30
5141,Olivia Anderson,Retail,Immediate,In-Store,Beaverton,2025-10-25
5142,GRACE MILLER ,Retail,Immediate,In-Store,Lake Oswego,2022-07-03
5143,NOAH ANDERSON ,Retail,Immediate,In-Store,Bend,2023-01-24
5144,Ava Miller,Retail,Immediate,In-Store,Portland,2024-12-07
5145,Emma Davis,Retail,Immediate,In-Store,Portland,2025-09-11
5146,Andrew Miller,Retail,Immediate,In-Store,Hillsboro,2022-07-16
5147,Chloe Garcia,Retail,Immediate,In-Store,Portland,2022-06-17
5148,Liam Nelson,Retail,Immediate,In-Store,Salem,2023-12-24
5149,Emily Moore,Retail,Immediate,In-Store,Portland,2023-06-07
5150,Emma Martin,Retail,Immediate,In-Store,Beaverton,2025-01-06
5151,Mason Jones,Retail,Immediate,In-Store,Eugene,2022-03-21
5152,Matthew Johnson,Retail,Immediate,In-Store,Seattle,2022-11-24
5153,Michael Williams,Retail,Immediate,In-Store,Portland,2022-07-06
5154,Hannah Jones,Retail,Immediate,In-Store,Portland,2024-08-14
5155,Hannah Thomas,Retail,Immediate,In-Store,Portland,2025-07-28
5156,Sarah Taylor,Retail,Immediate,In-Store,Portland,2025-10-06
5157,Lucas Wilson,Retail,Immediate,In-Store,Portland,2022-06-11
5158,Andrew Johnson,Retail,Immediate,In-Store,Portland,2022-02-19
5159,Isabella Carter,Retail,Immediate,In-Store,Portland,2022-07-04
5160,Sophia Kim,Retail,Immediate,In-Store,Portland,2022-05-21
5161,Madison Davis,Retail,Immediate,In-Store,Seattle,2023-05-30
5162,SARAH LEE ,Retail,Immediate,In-Store,Portland,2022-12-29
5163,Chloe Patel,Retail,Immediate,In-Store, portland,2023-08-28
5164,Mia Martin,Retail,Immediate,In-Store,Gresham,2022-08-03
5165,Andrew Anderson,Retail,Immediate,In-Store,Portland,2023-05-29
5166,Chloe Thomas,Retail,Immediate,In-Store,Tigard,2023-12-01
5167,Jessica Smith,Retail,Immediate,In-Store,Portland,2025-12-26
5168,MIA NGUYEN ,Retail,Immediate,In-Store,Bend,2024-03-27
5169,Ethan Brown,Retail,Immediate,In-Store,Portland,2022-06-09
5170,ELLA JOHNSON ,Retail,Immediate,In-Store,Beaverton,2025-07-08
5171,Ella Patel,Retail,Immediate,In-Store,Portland,2023-07-02
5172,Emma Garcia,Retail,Immediate,In-Store,Beaverton,2022-07-05
5173,Isabella Wilson,Retail,Immediate,In-Store, salem,2022-12-02
5174,Madison Johnson,Retail,Immediate,In-Store, beaverton,2024-09-25
5175,Jessica Johnson,Retail,Immediate,In-Store,Beaverton,2022-07-05
5176,Liam Martin,Retail,Immediate,In-Store, portland,2022-03-10
5177,Mason Davis,Retail,Immediate,In-Store,Portland,2024-01-15
5178,Joseph Carter,Retail,Immediate,In-Store,Lake Oswego,2022-06-15
5179,Robert Nelson,Retail,Immediate,In-Store,Salem,2025-10-14
5180,Emma Williams,Retail,Immediate,In-Store,Portland,2024-12-10
5181,Michael Johnson,Retail,Immediate,In-Store,Lake Oswego,2024-05-10
5182,Isabella Davis,Retail,Immediate,In-Store,Portland,2024-06-23
5183,Daniel Davis,Retail,Immediate,In-Store,Eugene,2024-03-01
5184,Liam Jones,Retail,Immediate,In-Store,Beaverton,2025-11-14
5185,Emily Nelson,Retail,Immediate,In-Store,Gresham,2024-12-28
5186,Mason Martin,Retail,Immediate,In-Store, portland,2023-09-18
5187,Isabella Kim,Retail,Immediate,In-Store,Hillsboro,2024-08-09
5188,JESSICA THOMAS ,Retail,Immediate,In-Store,Vancouver,2023-01-09
5189,Matthew Jones,Retail,Immediate,In-Store,Tigard,2022-03-23
5190,Madison Johnson,Retail,Immediate,In-Store,Bend,2022-03-17
5191,Madison Wilson,Retail,Immediate,In-Store,Beaverton,2025-09-04
5192,Noah Kim,Retail,Immediate,In-Store,Gresham,2025-03-22
5193,Olivia Lee,Retail,Immediate,In-Store,Portland,2023-06-15
5194,Ethan Garcia,Retail,Immediate,In-Store,Tigard,2025-07-03
5195,Christopher Martin,Retail,Immediate,In-Store, portland,2025-01-03
5196,Ashley Miller,Retail,Immediate,In-Store,Corvallis,2022-11-16
5197,MICHAEL JOHNSON ,Retail,Immediate,In-Store,Portland,2024-04-30
5198,MIA JOHNSON ,Retail,Immediate,In-Store,Portland,2023-10-30
5199,Ethan Brown,Retail,Immediate,In-Store,Eugene,2022-06-08
5200,James Moore,Retail,Immediate,In-Store,Portland,2024-03-18
5201,Christopher Taylor,Retail,Immediate,In-Store,Salem,2022-07-20
5202,JAMES TAYLOR ,Retail,Immediate,In-Store,Portland,2024-11-23
5203,Sophia Miller,Retail,Immediate,In-Store,Hillsboro,2023-12-07
5204,MASON SMITH ,Retail,Immediate,In-Store,Portland,2024-08-07
5205,Emily Johnson,Retail,Immediate,In-Store,Hillsboro,2024-10-02
5206,Sarah Garcia,Retail,Immediate,In-Store,Portland,2025-04-01
5207,Ethan Carter,Retail,Immediate,In-Store,Beaverton,2022-02-09
5208,Grace Wilson,Retail,Immediate,In-Store,Portland,2025-06-02
5209,Olivia Nelson,Retail,Immediate,In-Store,Beaverton,2022-11-14
5210,SOPHIA WILLIAMS ,Retail,Immediate,In-Store,Portland,2022-08-10
5211,Olivia Martin,Retail,Immediate,In-Store,Beaverton,2022-02-16
5212,Matthew Nguyen,Retail,Immediate,In-Store,Tigard,2025-02-28
5213,Daniel Brown,Retail,Immediate,In-Store,Portland,2022-11-01
5214,ANDREW PATEL ,Retail,Immediate,In-Store,Portland,2023-03-09
5215,Andrew Thomas,Retail,Immediate,In-Store,Portland,2024-12-18
5216,Hannah Taylor,Retail,Immediate,In-Store, portland,2025-02-08
5217,Madison Nguyen,Retail,Immediate,In-Store,Portland,2024-12-04
5218,Isabella Moore,Retail,Immediate,In-Store,Portland,2023-05-17
5219,William Wilson,Retail,Immediate,In-Store,Salem,2025-07-12
5220,Liam Nelson,Retail,Immediate,In-Store,Gresham,2022-04-12
5221,MATTHEW SMITH ,Retail,Immediate,In-Store, portland,2023-09-21
5222,William Smith,Retail,Immediate,In-Store,Portland,2023-09-02
5223,Emily Wilson,Retail,Immediate,In-Store, vancouver,2022-01-06
5224,William Williams,Retail,Immediate,In-Store,Portland,2023-01-11
5225,Mason Miller,Retail,Immediate,In-Store,Portland,2024-06-02
5226,Liam Moore,Retail,Immediate,In-Store,Salem,2024-06-25
5227,Grace Kim,Retail,Immediate,In-Store,Portland,2023-04-11
5228,Emily Moore,Retail,Immediate,In-Store,Portland,2022-10-19
5229,Mason Patel,Retail,Immediate,In-Store, salem,2024-09-20
5230,Matthew Carter,Retail,Immediate,In-Store,Beaverton,2023-05-14
5231,AVA JONES ,Retail,Immediate,In-Store,Portland,2024-07-26
5232,Jessica Nguyen,Retail,Immediate,In-Store,Hillsboro,2024-04-14
5233,Ella Miller,Retail,Immediate,In-Store,Portland,2022-12-22
5234,Daniel Kim,Retail,Immediate,In-Store,Portland,2025-06-04
5235,Madison Garcia,Retail,Immediate,In-Store, portland,2024-02-22
5236,David Brown,Retail,Immediate,In-Store,Eugene,2023-12-12
5237,JAMES WILSON ,Retail,Immediate,In-Store,Gresham,2024-12-27
5238,Sarah Moore,Retail,Immediate,In-Store,Portland,2024-02-24
5239,James Smith,Retail,Immediate,In-Store,Portland,2025-03-17
5240,Isabella Garcia,Retail,Immediate,In-Store,Lake Oswego,2025-04-18
5241,ANDREW PATEL ,Retail,Immediate,In-Store,Corvallis,2023-01-08
5242,ETHAN JOHNSON ,Retail,Immediate,In-Store,Portland,2024-09-22
5243,Ashley Smith,Retail,Immediate,In-Store,Seattle,2025-02-24
5244,Madison Nguyen,Retail,Immediate,In-Store,Corvallis,2024-03-30
5245,James Miller,Retail,Immediate,In-Store,Portland,2024-06-24
5246,Sarah Nelson,Retail,Immediate,In-Store, lake oswego,2025-03-19
5247,Andrew Jones,Retail,Immediate,In-Store,Beaverton,2025-04-24
5248,ELLA WILLIAMS ,Retail,Immediate,In-Store,Beaverton,2022-04-15
5249,Ella Thomas,Retail,Immediate,In-Store,Portland,2023-03-27
5250,Isabella Carter,Retail,Immediate,In-Store,Portland,2024-08-25
5251,Jessica Martin,Retail,Immediate,In-Store,Beaverton,2024-11-07
5252,Noah Miller,Retail,Immediate,In-Store,Portland,2022-06-09
5253,LUCAS SMITH ,Retail,Immediate,In-Store,Hillsboro,2023-12-08
5254,Michael Patel,Retail,Immediate,In-Store,Portland,2022-07-13
5255,Grace Nelson,Retail,Immediate,In-Store,Lake Oswego,2025-01-03
5256,Christopher Jones,Retail,Immediate,In-Store,Portland,2024-01-30
5257,HANNAH BROWN ,Retail,Immediate,In-Store,Corvallis,2025-09-14
5258,CHRISTOPHER WILSON ,Retail,Immediate,In-Store,Portland,2022-01-02
5259,Joseph Taylor,Retail,Immediate,In-Store,Eugene,2024-10-10
5260,Ava Nguyen,Retail,Immediate,In-Store,Portland,2025-08-15
5261,Mia Taylor,Retail,Immediate,In-Store,Portland,2022-06-25
5262,Hannah Thomas,Retail,Immediate,In-Store,Portland,2024-08-23
5263,Liam Patel,Retail,Immediate,In-Store,Portland,2024-06-09
5264,Hannah Brown,Retail,Immediate,In-Store,Portland,2022-05-01
5265,Ethan Garcia,Retail,Immediate,In-Store,Portland,2024-01-22
5266,Sarah Johnson,Retail,Immediate,In-Store,Salem,2022-06-28
5267,Emma Williams,Retail,Immediate,In-Store, portland,2024-02-27
5268,Mason Garcia,Retail,Immediate,In-Store, portland,2024-01-14
5269,Michael Garcia,Retail,Immediate,In-Store,Portland,2024-10-30
5270,Matthew Garcia,Retail,Immediate,In-Store,Corvallis,2024-08-09
5271,Sarah Anderson,Retail,Immediate,In-Store,Portland,2024-01-17
5272,Ella Garcia,Retail,Immediate,In-Store,Portland,2023-12-20
5273,Grace Carter,Retail,Immediate,In-Store,Gresham,2023-11-23
5274,Hannah Carter,Retail,Immediate,In-Store, portland,2025-08-09
5275,Ethan Kim,Retail,Immediate,In-Store,Portland,2022-06-23
5276,Christopher Kim,Retail,Immediate,In-Store,Portland,2022-12-09
5277,ELLA WILLIAMS ,Retail,Immediate,In-Store, portland,2024-04-28
5278,Sophia Smith,Retail,Immediate,In-Store,Beaverton,2022-01-22
5279,Emma Moore,Retail,Immediate,In-Store,Portland,2022-11-11
5280,NOAH SMITH ,Retail,Immediate,In-Store,Corvallis,2023-05-06
5281,Andrew Lee,Retail,Immediate,In-Store,Salem,2023-12-03
5282,James Lee,Retail,Immediate,In-Store,Seattle,2024-11-25
5283,Mia Williams,Retail,Immediate,In-Store,Portland,2022-10-04
5284,Lucas Martin,Retail,Immediate,In-Store, portland,2022-04-18
5285,Noah Johnson,Retail,Immediate,In-Store,Bend,2022-01-08
5286,Madison Lee,Retail,Immediate,In-Store,Beaverton,2023-01-10
5287,Jessica Taylor,Retail,Immediate,In-Store,Gresham,2025-12-14
5288,Lucas Kim,Retail,Immediate,In-Store, eugene,2022-04-18
5289,James Wilson,Retail,Immediate,In-Store,Portland,2022-03-21
5290,Mia Martin,Retail,Immediate,In-Store,Beaverton,2024-12-06
5291,Andrew Patel,Retail,Immediate,In-Store, portland,2025-11-22
5292,Ashley Nguyen,Retail,Immediate,In-Store,Portland,2023-04-25
5293,Jessica Martin,Retail,Immediate,In-Store,Gresham,2022-02-07
5294,William Nguyen,Retail,Immediate,In-Store,Portland,2023-10-28
5295,Olivia Jones,Retail,Immediate,In-Store,Portland,2024-06-05
5296,Ashley Moore,Retail,Immediate,In-Store,Portland,2025-10-29
5297,Chloe Davis,Retail,Immediate,In-Store,Portland,2024-11-15
5298,Isabella Nguyen,Retail,Immediate,In-Store,Portland,2025-03-11
5299,Mia Carter,Retail,Immediate,In-Store,Portland,2024-05-31
5300,LUCAS LEE ,Retail,Immediate,In-Store,Portland,2022-08-01
5301,CHLOE NGUYEN ,Retail,Immediate,In-Store,Hillsboro,2025-10-17
5302,Ava Taylor,Retail,Immediate,In-Store,Beaverton,2022-01-11
5303,Jessica Garcia,Retail,Immediate,In-Store,Bend,2022-05-03
5304,MICHAEL MILLER ,Retail,Immediate,In-Store,Portland,2022-06-20
5305,Joseph Smith,Retail,Immediate,In-Store,Lake Oswego,2025-12-20
5306,Ethan Miller,Retail,Immediate,In-Store,Portland,2022-09-21
5307,Lucas Thomas,Retail,Immediate,In-Store,Tigard,2023-09-10
5308,CHRISTOPHER NELSON ,Retail,Immediate,In-Store,Salem,2022-08-18
5309,ROBERT WILLIAMS ,Retail,Immediate,In-Store,Corvallis,2024-10-22
5310,JAMES DAVIS ,Retail,Immediate,In-Store, seattle,2022-06-27
5311,Jessica Patel,Retail,Immediate,In-Store,Hillsboro,2025-11-20
5312,William Johnson,Retail,Immediate,In-Store,Portland,2024-01-22
5313,Michael Martin,Retail,Immediate,In-Store, bend,2023-08-01
5314,Emily Jones,Retail,Immediate,In-Store,Tigard,2025-04-19
5315,Robert Martin,Retail,Immediate,In-Store,Tigard,2024-08-29
5316,Liam Martin,Retail,Immediate,In-Store,Seattle,2025-10-09
5317,Ella Carter,Retail,Immediate,In-Store,Salem,2024-07-26
5318,Matthew Smith,Retail,Immediate,In-Store,Portland,2025-06-30
5319,Christopher Davis,Retail,Immediate,In-Store,Hillsboro,2025-04-19
5320,Andrew Moore,Retail,Immediate,In-Store,Lake Oswego,2023-12-20
5321,Robert Lee,Retail,Immediate,In-Store,Portland,2025-10-25
5322,Ella Miller,Retail,Immediate,In-Store,Beaverton,2025-11-22
5323,Emily Moore,Retail,Immediate,In-Store,Salem,2024-09-24
5324,WILLIAM KIM ,Retail,Immediate,In-Store,Portland,2023-12-24
5325,Joseph Johnson,Retail,Immediate,In-Store,Portland,2022-03-18
5326,Michael Williams,Retail,Immediate,In-Store,Portland,2025-01-12
5327,Grace Smith,Retail,Immediate,In-Store,Eugene,2025-10-17
5328,Emma Smith,Retail,Immediate,In-Store,Beaverton,2022-02-24
5329,William Jones,Retail,Immediate,In-Store,Portland,2023-07-03
5330,Chloe Nelson,Retail,Immediate,In-Store,Beaverton,2025-06-16
5331,Christopher Thomas,Retail,Immediate,In-Store,Tigard,2024-07-28
5332,Matthew Johnson,Retail,Immediate,In-Store,Eugene,2023-07-02
5333,Daniel Patel,Retail,Immediate,In-Store,Seattle,2022-08-12
5334,Andrew Smith,Retail,Immediate,In-Store,Gresham,2025-01-10
5335,Robert Garcia,Retail,Immediate,In-Store,Beaverton,2024-06-21
5336,Emily Patel,Retail,Immediate,In-Store, eugene,2025-10-05
5337,Ethan Wilson,Retail,Immediate,In-Store,Portland,2023-07-10
5338,Daniel Moore,Retail,Immediate,In-Store,Portland,2023-11-25
5339,Robert Patel,Retail,Immediate,In-Store,Portland,2025-10-28
5340,Madison Smith,Retail,Immediate,In-Store,Bend,2022-09-10
5341,Isabella Patel,Retail,Immediate,In-Store,Portland,2024-12-07
5342,Noah Wilson,Retail,Immediate,In-Store,Hillsboro,2022-01-17
5343,Matthew Lee,Retail,Immediate,In-Store,Portland,2024-10-21
5344,Matthew Jones,Retail,Immediate,In-Store,Portland,2025-04-04
5345,Christopher Anderson,Retail,Immediate,In-Store,Salem,2022-12-27
5346,Joseph Thomas,Retail,Immediate,In-Store,Portland,2024-09-26
5347,Isabella Moore,Retail,Immediate,In-Store, portland,2022-11-26
5348,David Patel,Retail,Immediate,In-Store, gresham,2022-08-18
5349,Hannah Jones,Retail,Immediate,In-Store,Portland,2023-02-16
5350,David Nguyen,Retail,Immediate,In-Store,Beaverton,2024-08-02
5351,Madison Moore,Retail,Immediate,In-Store,Portland,2025-11-25
5352,Christopher Kim,Retail,Immediate,In-Store,Beaverton,2025-04-05
5353,Matthew Jones,Retail,Immediate,In-Store,Beaverton,2022-03-19
5354,Olivia Garcia,Retail,Immediate,In-Store,Hillsboro,2022-05-05
5355,Noah Nelson,Retail,Immediate,In-Store,Portland,2023-10-28
5356,Robert Moore,Retail,Immediate,In-Store,Portland,2022-02-03
5357,Chloe Miller,Retail,Immediate,In-Store,Corvallis,2022-04-21
5358,Olivia Smith,Retail,Immediate,In-Store,Portland,2022-12-18
5359,Noah Miller,Retail,Immediate,In-Store,Portland,2022-05-05
5360,Grace Brown,Retail,Immediate,In-Store,Gresham,2022-12-16
5361,Isabella Nelson,Retail,Immediate,In-Store, portland,2022-04-05
5362,Mia Jones,Retail,Immediate,In-Store,Tigard,2023-05-18
5363,David Davis,Retail,Immediate,In-Store,Portland,2024-05-23
5364,AVA THOMAS ,Retail,Immediate,In-Store,Tigard,2025-10-04
5365,EMILY GARCIA ,Retail,Immediate,In-Store,Portland,2024-12-29
5366,Ethan Martin,Retail,Immediate,In-Store,Portland,2025-01-06
5367,Daniel Nelson,Retail,Immediate,In-Store,Portland,2022-05-03
5368,Chloe Carter,Retail,Immediate,In-Store,Salem,2023-11-30
5369,Matthew Carter,Retail,Immediate,In-Store,Gresham,2024-02-13
5370,NOAH DAVIS ,Retail,Immediate,In-Store,Portland,2024-05-30
5371,Noah Brown,Retail,Immediate,In-Store,Portland,2022-11-29
5372,Ethan Jones,Retail,Immediate,In-Store,Portland,2025-06-19
5373,Ethan Martin,Retail,Immediate,In-Store,Corvallis,2024-10-30
5374,Liam Brown,Retail,Immediate,In-Store,Gresham,2023-03-31
5375,Mia Jones,Retail,Immediate,In-Store,Tigard,2024-07-30
5376,Isabella Carter,Retail,Immediate,In-Store,Eugene,2022-12-25
5377,Ella Nguyen,Retail,Immediate,In-Store,Portland,2024-07-03
5378,William Nelson,Retail,Immediate,In-Store,Eugene,2025-08-16
5379,David Nguyen,Retail,Immediate,In-Store,Portland,2023-03-19
5380,Sophia Patel,Retail,Immediate,In-Store, portland,2023-03-09
5381,Andrew Lee,Retail,Immediate,In-Store,Portland,2024-01-28
5382,Robert Carter,Retail,Immediate,In-Store,Portland,2025-01-16
5383,Joseph Smith,Retail,Immediate,In-Store, salem,2023-01-31
5384,Lucas Moore,Retail,Immediate,In-Store,Portland,2022-12-18
5385,Andrew Williams,Retail,Immediate,In-Store,Salem,2025-08-08
5386,Christopher Lee,Retail,Immediate,In-Store,Portland,2024-08-10
5387,Ella Thomas,Retail,Immediate,In-Store,Portland,2024-11-03
5388,Ava Carter,Retail,Immediate,In-Store,Seattle,2023-10-22
5389,Liam Taylor,Retail,Immediate,In-Store,Portland,2025-01-25
5390,Noah Taylor,Retail,Immediate,In-Store,Portland,2024-12-01
5391,ISABELLA ANDERSON ,Retail,Immediate,In-Store,Portland,2023-06-25
5392,JAMES NELSON ,Retail,Immediate,In-Store,Portland,2022-11-26
5393,Lucas Miller,Retail,Immediate,In-Store,Portland,2023-02-16
5394,Sophia Smith,Retail,Immediate,In-Store,Portland,2022-11-15
5395,ASHLEY BROWN ,Retail,Immediate,In-Store,Hillsboro,2023-04-13
5396,Ella Anderson,Retail,Immediate,In-Store,Portland,2025-04-30
5397,Emily Garcia,Retail,Immediate,In-Store,Portland,2022-05-29
5398,Ava Jones,Retail,Immediate,In-Store,Gresham,2023-06-02
5399,Ethan Smith,Retail,Immediate,In-Store, salem,2025-06-12
5400,MIA TAYLOR ,Retail,Immediate,In-Store,Portland,2024-09-29
5401,James Williams,Retail,Immediate,In-Store,Portland,2024-08-03
5402,HANNAH GARCIA ,Retail,Immediate,In-Store,Corvallis,2022-02-19
5403,Joseph Nelson,Retail,Immediate,In-Store,Lake Oswego,2022-02-17
5404,Isabella Miller,Retail,Immediate,In-Store,Portland,2024-03-02
5405,Robert Taylor,Retail,Immediate,In-Store,Corvallis,2023-08-14
5406,Chloe Martin,Retail,Immediate,In-Store,Portland,2022-04-13
5407,Andrew Smith,Retail,Immediate,In-Store,Beaverton,2023-06-19
5408,Emily Garcia,Retail,Immediate,In-Store,Portland,2022-07-03
5409,Ethan Thomas,Retail,Immediate,In-Store,Bend,2025-06-24
5410,Hannah Kim,Retail,Immediate,In-Store,Portland,2025-10-11
5411,Mason Wilson,Retail,Immediate,In-Store,Portland,2025-09-15
5412,Mason Wilson,Retail,Immediate,In-Store,Portland,2022-04-16
5413,Ella Kim,Retail,Immediate,In-Store,Eugene,2025-09-20
5414,Sophia Garcia,Retail,Immediate,In-Store,Tigard,2023-11-04
5415,James Kim,Retail,Immediate,In-Store,Beaverton,2022-10-02
5416,Mason Nguyen,Retail,Immediate,In-Store,Seattle,2022-07-07
5417,Andrew Lee,Retail,Immediate,In-Store,Portland,2023-07-25
5418,ASHLEY SMITH ,Retail,Immediate,In-Store,Vancouver,2025-04-11
5419,EMILY MARTIN ,Retail,Immediate,In-Store,Portland,2022-10-19
5420,AVA LEE ,Retail,Immediate,In-Store,Seattle,2024-11-23
5421,Daniel Garcia,Retail,Immediate,In-Store,Lake Oswego,2022-09-10
5422,Ava Thomas,Retail,Immediate,In-Store,Portland,2025-10-30
5423,Joseph Nguyen,Retail,Immediate,In-Store,Gresham,2025-12-25
5424,Chloe Jones,Retail,Immediate,In-Store,Portland,2022-01-21
5425,JOSEPH MOORE ,Retail,Immediate,In-Store,Portland,2022-12-28
5426,Ethan Jones,Retail,Immediate,In-Store,Portland,2025-11-18
5427,Sarah Moore,Retail,Immediate,In-Store,Portland,2023-12-12
5428,Robert Kim,Retail,Immediate,In-Store,Portland,2022-05-03
5429,Chloe Miller,Retail,Immediate,In-Store,Tigard,2025-08-19
5430,Hannah Brown,Retail,Immediate,In-Store,Portland,2023-10-04
5431,Madison Patel,Retail,Immediate,In-Store,Portland,2022-07-25
5432,Emma Johnson,Retail,Immediate,In-Store, beaverton,2024-12-15
5433,LUCAS TAYLOR ,Retail,Immediate,In-Store,Lake Oswego,2023-01-14
5434,Ella Nguyen,Retail,Immediate,In-Store,Portland,2024-04-16
5435,Jessica Garcia,Retail,Immediate,In-Store,Bend,2022-04-10
5436,Ava Lee,Retail,Immediate,In-Store,Hillsboro,2022-07-05
5437,Ethan Smith,Retail,Immediate,In-Store,Lake Oswego,2023-02-21
5438,ISABELLA NELSON ,Retail,Immediate,In-Store,Gresham,2023-12-03
5439,Emma Patel,Retail,Immediate,In-Store,Portland,2022-03-10
5440,Emily Williams,Retail,Immediate,In-Store,Beaverton,2024-07-27
5441,Mason Nguyen,Retail,Immediate,In-Store,Portland,2025-10-17
5442,WILLIAM GARCIA ,Retail,Immediate,In-Store,Portland,2025-10-27
5443,Ella Brown,Retail,Immediate,In-Store,Portland,2025-02-14
5444,Liam Thomas,Retail,Immediate,In-Store,Beaverton,2022-07-18
5445,Matthew Carter,Retail,Immediate,In-Store,Portland,2022-09-28
5446,Ashley Jones,Retail,Immediate,In-Store,Beaverton,2024-06-21
5447,Andrew Thomas,Retail,Immediate,In-Store,Beaverton,2024-11-30
5448,Christopher Taylor,Retail,Immediate,In-Store,Tigard,2023-07-05
5449,Andrew Lee,Retail,Immediate,In-Store,Portland,2024-07-17
5450,Noah Lee,Retail,Immediate,In-Store,Portland,2024-01-23
5451,Daniel Anderson,Retail,Immediate,In-Store,Gresham,2022-01-03
5452,Mason Martin,Retail,Immediate,In-Store,Hillsboro,2025-02-13
5453,Ashley Moore,Retail,Immediate,In-Store,Beaverton,2024-07-23
5454,Mason Jones,Retail,Immediate,In-Store,Portland,2024-07-31
5455,Olivia Brown,Retail,Immediate,In-Store,Portland,2025-04-18
5456,Chloe Wilson,Retail,Immediate,In-Store,Corvallis,2023-07-14
5457,Chloe Taylor,Retail,Immediate,In-Store,Bend,2022-12-20
5458,Mia Williams,Retail,Immediate,In-Store,Vancouver,2024-08-04
5459,JOSEPH THOMAS ,Retail,Immediate,In-Store,Corvallis,2023-09-14
5460,Madison Johnson,Retail,Immediate,In-Store, eugene,2023-10-09
5461,EMMA WILLIAMS ,Retail,Immediate,In-Store,Tigard,2022-06-12
5462,Robert Taylor,Retail,Immediate,In-Store,Seattle,2024-03-28
5463,Chloe Williams,Retail,Immediate,In-Store,Portland,2022-01-22
5464,Liam Miller,Retail,Immediate,In-Store,Portland,2025-11-05
5465,Robert Thomas,Retail,Immediate,In-Store,Eugene,2023-07-23
5466,AVA BROWN ,Retail,Immediate,In-Store,Gresham,2024-10-27
5467,Ashley Miller,Retail,Immediate,In-Store,Portland,2022-04-14
5468,Olivia Williams,Retail,Immediate,In-Store,Beaverton,2023-05-19
5469,Robert Taylor,Retail,Immediate,In-Store,Eugene,2025-04-17
5470,Christopher Johnson,Retail,Immediate,In-Store,Seattle,2025-07-14
5471,Mia Williams,Retail,Immediate,In-Store,Tigard,2022-03-05
5472,Ella Garcia,Retail,Immediate,In-Store, hillsboro,2025-08-27
5473,Joseph Carter,Retail,Immediate,In-Store,Vancouver,2025-04-09
5474,Hannah Carter,Retail,Immediate,In-Store,Corvallis,2022-03-11
5475,Robert Wilson,Retail,Immediate,In-Store,Portland,2024-08-19
5476,Sarah Williams,Retail,Immediate,In-Store,Portland,2025-10-25
5477,Mia Moore,Retail,Immediate,In-Store,Portland,2024-09-25
5478,Sarah Carter,Retail,Immediate,In-Store,Eugene,2023-06-25
5479,Andrew Kim,Retail,Immediate,In-Store,Gresham,2023-11-19
5480,Noah Martin,Retail,Immediate,In-Store,Portland,2023-03-19
5481,Olivia Miller,Retail,Immediate,In-Store,Portland,2022-03-05
5482,Olivia Miller,Retail,Immediate,In-Store,Portland,2024-08-04
5483,CHRISTOPHER CARTER ,Retail,Immediate,In-Store,Portland,2024-08-06
5484,Liam Wilson,Retail,Immediate,In-Store,Portland,2025-04-13
5485,Mia Jones,Retail,Immediate,In-Store,Portland,2022-11-24
5486,Ethan Brown,Retail,Immediate,In-Store, gresham,2025-07-31
5487,ASHLEY JOHNSON ,Retail,Immediate,In-Store,Seattle,2023-08-28
5488,GRACE NGUYEN ,Retail,Immediate,In-Store, portland,2024-04-21
5489,Emma Nelson,Retail,Immediate,In-Store, tigard,2025-11-03
5490,GRACE LEE ,Retail,Immediate,In-Store,Salem,2024-05-06
5491,Chloe Lee,Retail,Immediate,In-Store,Portland,2025-11-09
5492,EMMA CARTER ,Retail,Immediate,In-Store,Gresham,2024-07-02
5493,Isabella Johnson,Retail,Immediate,In-Store,Portland,2023-08-27
5494,Noah Kim,Retail,Immediate,In-Store,Hillsboro,2022-11-27
5495,Daniel Carter,Retail,Immediate,In-Store, portland,2024-06-10
5496,Michael Anderson,Retail,Immediate,In-Store,Beaverton,2023-09-26
5497,Hannah Jones,Retail,Immediate,In-Store, portland,2022-08-01
5498,Robert Garcia,Retail,Immediate,In-Store,Beaverton,2023-01-01
5499,Ava Nguyen,Retail,Immediate,In-Store,Gresham,2025-02-12
5500,Mia Miller,Retail,Immediate,In-Store,Portland,2023-03-15
5501,Chloe Williams,Retail,Immediate,In-Store,Portland,2024-01-02
5502,Matthew Taylor,Retail,Immediate,In-Store,Hillsboro,2022-07-12
5503,ANDREW WILLIAMS ,Retail,Immediate,In-Store,Beaverton,2022-01-14
5504,Sarah Smith,Retail,Immediate,In-Store,Portland,2023-06-04
5505,Lucas Thomas,Retail,Immediate,In-Store,Portland,2025-12-30
5506,Robert Smith,Retail,Immediate,In-Store,Portland,2024-08-21
5507,Christopher Johnson,Retail,Immediate,In-Store,Gresham,2025-07-28
5508,SOPHIA WILSON ,Retail,Immediate,In-Store,Salem,2022-11-29
5509,Emily Miller,Retail,Immediate,In-Store,Bend,2024-02-02
5510,Sophia Jones,Retail,Immediate,In-Store,Portland,2023-06-05
5511,Chloe Garcia,Retail,Immediate,In-Store,Portland,2023-11-06
5512,Madison Smith,Retail,Immediate,In-Store,Portland,2024-09-06
5513,OLIVIA WILSON ,Retail,Immediate,In-Store, portland,2023-08-17
5514,Sarah Davis,Retail,Immediate,In-Store,Hillsboro,2025-04-26
5515,Chloe Carter,Retail,Immediate,In-Store,Hillsboro,2024-08-07
5516,DAVID KIM ,Retail,Immediate,In-Store, portland,2023-09-15
5517,Andrew Miller,Retail,Immediate,In-Store,Portland,2022-03-15
5518,ANDREW CARTER ,Retail,Immediate,In-Store,Portland,2025-08-30
5519,Grace Johnson,Retail,Immediate,In-Store,Portland,2022-05-06
5520,ISABELLA DAVIS ,Retail,Immediate,In-Store,Portland,2024-06-16
5521,Sarah Williams,Retail,Immediate,In-Store,Portland,2024-08-09
5522,Mia Kim,Retail,Immediate,In-Store,Bend,2022-03-14
5523,Emma Nelson,Retail,Immediate,In-Store,Portland,2025-12-05
5524,Matthew Garcia,Retail,Immediate,In-Store,Portland,2023-04-11
5525,Isabella Patel,Retail,Immediate,In-Store,Beaverton,2024-03-08
5526,Madison Patel,Retail,Immediate,In-Store,Portland,2025-09-03
5527,Lucas Williams,Retail,Immediate,In-Store,Portland,2024-03-26
5528,Michael Garcia,Retail,Immediate,In-Store,Portland,2022-01-15
5529,Sarah Taylor,Retail,Immediate,In-Store,Portland,2025-01-20
5530,Joseph Brown,Retail,Immediate,In-Store, salem,2025-09-05
5531,Hannah Davis,Retail,Immediate,In-Store, portland,2025-10-18
5532,HANNAH MARTIN ,Retail,Immediate,In-Store,Portland,2023-04-10
5533,Ethan Martin,Retail,Immediate,In-Store, portland,2023-09-30
5534,Jessica Carter,Retail,Immediate,In-Store,Gresham,2025-06-15
5535,Madison Martin,Retail,Immediate,In-Store,Gresham,2023-12-05
5536,Olivia Williams,Retail,Immediate,In-Store,Portland,2023-06-09
5537,DAVID JONES ,Retail,Immediate,In-Store,Portland,2022-07-04
5538,Christopher Nguyen,Retail,Immediate,In-Store,Portland,2023-09-12
5539,Lucas Lee,Retail,Immediate,In-Store,Portland,2025-08-14
5540,WILLIAM LEE ,Retail,Immediate,In-Store, portland,2023-06-01
5541,Ava Carter,Retail,Immediate,In-Store,Portland,2023-12-09
5542,MASON GARCIA ,Retail,Immediate,In-Store,Bend,2022-09-08
5543,DANIEL DAVIS ,Retail,Immediate,In-Store,Portland,2025-04-24
5544,Sarah Moore,Retail,Immediate,In-Store,Portland,2022-04-19
5545,David Smith,Retail,Immediate,In-Store,Portland,2022-07-03
5546,Andrew Nguyen,Retail,Immediate,In-Store,Gresham,2024-03-02
5547,Daniel Nelson,Retail,Immediate,In-Store,Portland,2023-11-27
5548,GRACE LEE ,Retail,Immediate,In-Store,Salem,2024-12-20
5549,Chloe Jones,Retail,Immediate,In-Store,Portland,2025-07-18
5550,EMILY GARCIA ,Retail,Immediate,In-Store,Seattle,2025-05-08
5551,William Williams,Retail,Immediate,In-Store, portland,2022-03-28
5552,Liam Nguyen,Retail,Immediate,In-Store,Hillsboro,2025-01-21
5553,Ella Lee,Retail,Immediate,In-Store,Portland,2023-06-10
5554,LUCAS DAVIS ,Retail,Immediate,In-Store,Salem,2024-05-26
5555,Daniel Brown,Retail,Immediate,In-Store,Portland,2025-10-16
5556,Chloe Nguyen,Retail,Immediate,In-Store,Eugene,2025-03-09
5557,Emma Smith,Retail,Immediate,In-Store,Portland,2024-12-19
5558,Noah Kim,Retail,Immediate,In-Store,Eugene,2023-03-04
5559,Sophia Patel,Retail,Immediate,In-Store,Corvallis,2022-11-15
5560,Sarah Nelson,Retail,Immediate,In-Store, beaverton,2024-01-16
5561,ELLA THOMAS ,Retail,Immediate,In-Store,Portland,2024-01-05
5562,Ashley Anderson,Retail,Immediate,In-Store,Portland,2024-01-02
5563,Sophia Nguyen,Retail,Immediate,In-Store,Portland,2024-08-31
5564,Sarah Garcia,Retail,Immediate,In-Store,Gresham,2023-11-30
5565,Mason Williams,Retail,Immediate,In-Store,Portland,2025-12-11
5566,EMILY KIM ,Retail,Immediate,In-Store,Portland,2025-12-17
5567,David Garcia,Retail,Immediate,In-Store,Portland,2024-12-01
5568,AVA NGUYEN ,Retail,Immediate,In-Store,Portland,2025-05-27
5569,Daniel Kim,Retail,Immediate,In-Store,Portland,2024-03-12
5570,Chloe Garcia,Retail,Immediate,In-Store,Portland,2025-09-14
5571,Andrew Nguyen,Retail,Immediate,In-Store,Portland,2025-01-23
5572,Christopher Moore,Retail,Immediate,In-Store,Beaverton,2022-12-31
5573,Sophia Johnson,Retail,Immediate,In-Store,Hillsboro,2023-12-09
5574,Isabella Patel,Retail,Immediate,In-Store,Portland,2022-12-10
5575,Lucas Carter,Retail,Immediate,In-Store,Portland,2022-03-31
5576,Matthew Taylor,Retail,Immediate,In-Store,Portland,2025-05-07
5577,Robert Lee,Retail,Immediate,In-Store,Portland,2022-04-20
5578,Lucas Thomas,Retail,Immediate,In-Store,Portland,2025-09-08
5579,Lucas Anderson,Retail,Immediate,In-Store,Portland,2025-08-06
5580,Michael Brown,Retail,Immediate,In-Store,Portland,2024-07-31
5581,Chloe Nguyen,Retail,Immediate,In-Store,Portland,2023-08-08
5582,Lucas Carter,Retail,Immediate,In-Store,Portland,2025-05-24
5583,EMILY WILSON ,Retail,Immediate,In-Store,Bend,2025-07-29
5584,William Anderson,Retail,Immediate,In-Store,Portland,2025-11-07
5585,Emma Patel,Retail,Immediate,In-Store,Portland,2022-11-17
5586,Sophia Jones,Retail,Immediate,In-Store,Beaverton,2023-02-11
5587,Liam Anderson,Retail,Immediate,In-Store, vancouver,2025-11-17
5588,Emma Johnson,Retail,Immediate,In-Store,Portland,2022-07-22
5589,Olivia Nguyen,Retail,Immediate,In-Store,Portland,2023-01-12
5590,JOSEPH NGUYEN ,Retail,Immediate,In-Store,Portland,2024-01-12
5591,Michael Carter,Retail,Immediate,In-Store, corvallis,2024-01-14
5592,Sophia Martin,Retail,Immediate,In-Store,Portland,2022-03-08
5593,OLIVIA KIM ,Retail,Immediate,In-Store,Portland,2025-08-10
5594,Madison Moore,Retail,Immediate,In-Store,Gresham,2024-03-25
5595,Noah Anderson,Retail,Immediate,In-Store,Bend,2022-08-08
5596,Ashley Miller,Retail,Immediate,In-Store,Portland,2025-10-12
5597,Robert Jones,Retail,Immediate,In-Store,Portland,2023-10-31
5598,Andrew Nguyen,Retail,Immediate,In-Store,Vancouver,2023-06-11
5599,James Williams,Retail,Immediate,In-Store,Corvallis,2025-03-29
5600,Mason Smith,Retail,Immediate,In-Store,Gresham,2022-04-03
5601,Ella Brown,Retail,Immediate,In-Store,Portland,2025-03-10
5602,Lucas Patel,Retail,Immediate,In-Store,Gresham,2023-07-22
5603,Christopher Patel,Retail,Immediate,In-Store,Portland,2022-11-24
5604,Sarah Davis,Retail,Immediate,In-Store,Portland,2025-12-15
5605,JOSEPH DAVIS ,Retail,Immediate,In-Store, gresham,2025-05-19
5606,Hannah Miller,Retail,Immediate,In-Store,Portland,2024-12-31
5607,DAVID MARTIN ,Retail,Immediate,In-Store, beaverton,2022-06-14
5608,MICHAEL WILLIAMS ,Retail,Immediate,In-Store,Tigard,2024-05-11
5609,Christopher Garcia,Retail,Immediate,In-Store,Vancouver,2022-02-07
5610,ISABELLA DAVIS ,Retail,Immediate,In-Store,Portland,2023-07-14
5611,David Moore,Retail,Immediate,In-Store,Portland,2024-08-22
5612,Christopher Kim,Retail,Immediate,In-Store,Beaverton,2024-12-13
5613,Chloe Miller,Retail,Immediate,In-Store,Salem,2024-06-28
5614,MICHAEL MARTIN ,Retail,Immediate,In-Store,Portland,2022-04-22
5615,Ethan Anderson,Retail,Immediate,In-Store,Portland,2024-08-27
5616,Isabella Martin,Retail,Immediate,In-Store,Portland,2024-11-12
5617,Sophia Jones,Retail,Immediate,In-Store, portland,2022-06-12
5618,Noah Smith,Retail,Immediate,In-Store,Portland,2023-04-22
5619,James Moore,Retail,Immediate,In-Store,Beaverton,2022-07-13
5620,Robert Wilson,Retail,Immediate,In-Store,Corvallis,2024-05-15
5621,Lucas Davis,Retail,Immediate,In-Store,Portland,2022-08-03
5622,Mason Wilson,Retail,Immediate,In-Store,Portland,2022-12-07
5623,Emma Williams,Retail,Immediate,In-Store,Hillsboro,2024-09-05
5624,Sarah Davis,Retail,Immediate,In-Store,Gresham,2025-09-19
5625,Christopher Kim,Retail,Immediate,In-Store,Tigard,2025-05-05
5626,Mason Garcia,Retail,Immediate,In-Store, salem,2023-03-02
5627,Lucas Lee,Retail,Immediate,In-Store,Portland,2023-12-19
5628,Ethan Nguyen,Retail,Immediate,In-Store,Portland,2024-01-26
5629,Daniel Patel,Retail,Immediate,In-Store,Portland,2024-07-04
5630,David Johnson,Retail,Immediate,In-Store,Corvallis,2023-02-09
5631,Matthew Martin,Retail,Immediate,In-Store,Hillsboro,2024-01-17
5632,Daniel Williams,Retail,Immediate,In-Store,Gresham,2024-02-01
5633,Hannah Jones,Retail,Immediate,In-Store,Portland,2023-12-23
5634,MATTHEW CARTER ,Retail,Immediate,In-Store,Bend,2024-11-24
5635,David Garcia,Retail,Immediate,In-Store,Portland,2023-06-23
5636,Matthew Nelson,Retail,Immediate,In-Store,Eugene,2025-04-28
5637,Sarah Smith,Retail,Immediate,In-Store,Portland,2025-07-18
5638,Joseph Garcia,Retail,Immediate,In-Store,Beaverton,2024-01-28
5639,Emily Martin,Retail,Immediate,In-Store,Portland,2024-06-28
5640,Grace Nguyen,Retail,Immediate,In-Store,Tigard,2022-03-31
5641,Christopher Anderson,Retail,Immediate,In-Store, gresham,2024-01-16
5642,Noah Brown,Retail,Immediate,In-Store, salem,2025-01-03
5643,Isabella Johnson,Retail,Immediate,In-Store,Vancouver,2022-08-07
5644,Lucas Wilson,Retail,Immediate,In-Store, portland,2024-05-14
5645,Joseph Nguyen,Retail,Immediate,In-Store, lake oswego,2025-02-21
5646,Mason Davis,Retail,Immediate,In-Store,Portland,2025-09-29
5647,DAVID NELSON ,Retail,Immediate,In-Store, portland,2024-08-14
5648,Chloe Wilson,Retail,Immediate,In-Store,Portland,2025-10-22
5649,ASHLEY ANDERSON ,Retail,Immediate,In-Store,Portland,2024-07-29
5650,Sarah Brown,Retail,Immediate,In-Store,Portland,2025-11-21
5651,Ashley Thomas,Retail,Immediate,In-Store,Portland,2024-03-08
5652,Olivia Brown,Retail,Immediate,In-Store,Portland,2025-09-10
5653,Christopher Brown,Retail,Immediate,In-Store,Portland,2024-07-08
5654,Andrew Jones,Retail,Immediate,In-Store,Hillsboro,2025-01-12
5655,SARAH GARCIA ,Retail,Immediate,In-Store,Eugene,2022-08-19
5656,SOPHIA WILSON ,Retail,Immediate,In-Store,Bend,2025-12-16
5657,JOSEPH ANDERSON ,Retail,Immediate,In-Store,Eugene,2025-07-04
5658,ELLA WILLIAMS ,Retail,Immediate,In-Store, portland,2023-02-20
5659,Hannah Williams,Retail,Immediate,In-Store,Portland,2023-12-25
5660,Madison Nelson,Retail,Immediate,In-Store, gresham,2023-04-29
5661,Mia Carter,Retail,Immediate,In-Store,Eugene,2025-05-21
5662,Liam Lee,Retail,Immediate,In-Store,Hillsboro,2023-07-24
5663,Chloe Moore,Retail,Immediate,In-Store, portland,2024-06-15
5664,Ava Thomas,Retail,Immediate,In-Store,Portland,2022-12-08
5665,Mia Martin,Retail,Immediate,In-Store,Beaverton,2024-08-02
5666,Sophia Brown,Retail,Immediate,In-Store,Portland,2023-04-03
5667,Emily Nguyen,Retail,Immediate,In-Store,Beaverton,2024-09-13
5668,Matthew Anderson,Retail,Immediate,In-Store,Portland,2022-09-05
5669,OLIVIA NELSON ,Retail,Immediate,In-Store, vancouver,2023-11-06
5670,Liam Patel,Retail,Immediate,In-Store,Salem,2022-07-31
5671,Andrew Thomas,Retail,Immediate,In-Store, bend,2022-02-25
5672,David Carter,Retail,Immediate,In-Store, portland,2025-01-18
5673,Ethan Nelson,Retail,Immediate,In-Store,Portland,2023-09-14
5674,Ethan Carter,Retail,Immediate,In-Store,Lake Oswego,2023-07-29
5675,Ella Taylor,Retail,Immediate,In-Store,Portland,2022-07-30
5676,ROBERT PATEL ,Retail,Immediate,In-Store, hillsboro,2025-09-06
5677,Ashley Moore,Retail,Immediate,In-Store,Portland,2024-01-25
5678,Emily Moore,Retail,Immediate,In-Store,Vancouver,2024-07-12
5679,James Smith,Retail,Immediate,In-Store,Portland,2022-08-22
5680,Emma Thomas,Retail,Immediate,In-Store,Portland,2022-01-11
5681,James Martin,Retail,Immediate,In-Store,Portland,2024-12-22
5682,Jessica Moore,Retail,Immediate,In-Store,Beaverton,2022-02-23
5683,Jessica Nguyen,Retail,Immediate,In-Store,Hillsboro,2024-05-12
5684,Chloe Thomas,Retail,Immediate,In-Store,Beaverton,2023-01-22
5685,Ashley Brown,Retail,Immediate,In-Store,Portland,2023-09-21
5686,Mia Anderson,Retail,Immediate,In-Store, portland,2025-08-16
5687,Daniel Kim,Retail,Immediate,In-Store,Portland,2024-11-24
5688,Chloe Nelson,Retail,Immediate,In-Store, beaverton,2024-05-07
5689,Michael Taylor,Retail,Immediate,In-Store,Portland,2024-08-20
5690,Isabella Nelson,Retail,Immediate,In-Store,Lake Oswego,2025-04-07
5691,Grace Smith,Retail,Immediate,In-Store,Bend,2024-04-09
5692,Liam Moore,Retail,Immediate,In-Store,Seattle,2023-12-17
5693,William Patel,Retail,Immediate,In-Store, hillsboro,2025-08-14
5694,MADISON MILLER ,Retail,Immediate,In-Store,Corvallis,2025-09-26
5695,ETHAN DAVIS ,Retail,Immediate,In-Store,Portland,2025-08-20
5696,Emily Thomas,Retail,Immediate,In-Store,Gresham,2024-01-21
5697,James Brown,Retail,Immediate,In-Store,Hillsboro,2025-01-19
5698,Ashley Garcia,Retail,Immediate,In-Store,Hillsboro,2024-01-07
5699,David Davis,Retail,Immediate,In-Store, vancouver,2025-04-18
5700,Olivia Anderson,Retail,Immediate,In-Store,Portland,2022-07-17
5701,JESSICA MOORE ,Retail,Immediate,In-Store,Seattle,2023-05-20
5702,ASHLEY MILLER ,Retail,Immediate,In-Store,Portland,2025-01-25
5703,Christopher Anderson,Retail,Immediate,In-Store,Eugene,2024-08-17
5704,Christopher Brown,Retail,Immediate,In-Store,Portland,2023-07-28
5705,DAVID NGUYEN ,Retail,Immediate,In-Store,Portland,2022-08-23
5706,Michael Nguyen,Retail,Immediate,In-Store, portland,2022-09-18
5707,Michael Johnson,Retail,Immediate,In-Store,Salem,2024-07-02
5708,Lucas Davis,Retail,Immediate,In-Store,Portland,2025-02-23
5709,Liam Taylor,Retail,Immediate,In-Store,Eugene,2022-02-04
5710,Daniel Kim,Retail,Immediate,In-Store,Seattle,2024-07-04
5711,Robert Moore,Retail,Immediate,In-Store,Seattle,2022-06-07
5712,Ella Anderson,Retail,Immediate,In-Store,Portland,2022-12-20
5713,Isabella Wilson,Retail,Immediate,In-Store, hillsboro,2022-03-27
5714,ETHAN NELSON ,Retail,Immediate,In-Store,Hillsboro,2022-11-06
5715,Ashley Wilson,Retail,Immediate,In-Store,Hillsboro,2025-11-04
5716,Sophia Johnson,Retail,Immediate,In-Store,Hillsboro,2022-12-03
5717,Michael Nelson,Retail,Immediate,In-Store,Beaverton,2023-03-25
5718,James Jones,Retail,Immediate,In-Store,Portland,2025-01-03
5719,Madison Miller,Retail,Immediate,In-Store,Portland,2023-02-22
5720,Chloe Garcia,Retail,Immediate,In-Store,Hillsboro,2022-01-19
5721,Chloe Carter,Retail,Immediate,In-Store,Salem,2022-05-07
5722,Lucas Brown,Retail,Immediate,In-Store,Portland,2023-03-05
5723,Emily Martin,Retail,Immediate,In-Store,Portland,2022-10-29
5724,WILLIAM NGUYEN ,Retail,Immediate,In-Store,Salem,2024-12-13
5725,Ella Williams,Retail,Immediate,In-Store, portland,2025-09-27
5726,William Williams,Retail,Immediate,In-Store,Portland,2022-05-20
5727,Olivia Thomas,Retail,Immediate,In-Store,Portland,2025-06-11
5728,Andrew Brown,Retail,Immediate,In-Store,Portland,2025-12-21
5729,Chloe Nelson,Retail,Immediate,In-Store,Gresham,2023-10-22
5730,Matthew Anderson,Retail,Immediate,In-Store,Portland,2023-11-23
5731,Ashley Johnson,Retail,Immediate,In-Store,Salem,2025-01-27
5732,Mia Wilson,Retail,Immediate,In-Store,Portland,2025-06-01
5733,William Taylor,Retail,Immediate,In-Store,Portland,2022-01-03
5734,David Brown,Retail,Immediate,In-Store,Hillsboro,2023-02-26
5735,Lucas Davis,Retail,Immediate,In-Store, gresham,2024-12-12
5736,Ella Carter,Retail,Immediate,In-Store,Tigard,2024-10-21
5737,Christopher Nelson,Retail,Immediate,In-Store, portland,2022-07-31
5738,Mason Patel,Retail,Immediate,In-Store,Portland,2023-01-31
5739,EMILY WILLIAMS ,Retail,Immediate,In-Store,Beaverton,2024-02-14
5740,ISABELLA THOMAS ,Retail,Immediate,In-Store,Salem,2023-01-15
5741,Isabella Kim,Retail,Immediate,In-Store,Portland,2025-05-28
5742,Ashley Patel,Retail,Immediate,In-Store,Beaverton,2024-02-29
5743,Daniel Miller,Retail,Immediate,In-Store,Lake Oswego,2025-11-29
5744,EMMA KIM ,Retail,Immediate,In-Store,Bend,2023-04-23
5745,Sarah Smith,Retail,Immediate,In-Store,Portland,2022-11-29
5746,Andrew Patel,Retail,Immediate,In-Store,Eugene,2025-04-05
5747,Ella Taylor,Retail,Immediate,In-Store,Beaverton,2025-05-24
5748,Lucas Williams,Retail,Immediate,In-Store,Portland,2024-11-19
5749,Emma Garcia,Retail,Immediate,In-Store,Portland,2025-01-26
5750,Emma Nelson,Retail,Immediate,In-Store,Hillsboro,2024-11-04
5751,Andrew Wilson,Retail,Immediate,In-Store,Beaverton,2025-07-18
5752,Robert Lee,Retail,Immediate,In-Store,Portland,2024-09-11
5753,SARAH THOMAS ,Retail,Immediate,In-Store,Portland,2022-01-19
5754,Mia Nguyen,Retail,Immediate,In-Store,Tigard,2023-02-07
5755,Chloe Wilson,Retail,Immediate,In-Store,Corvallis,2022-05-08
5756,Hannah Williams,Retail,Immediate,In-Store,Portland,2023-05-04
5757,Liam Johnson,Retail,Immediate,In-Store,Lake Oswego,2025-08-16
5758,Grace Kim,Retail,Immediate,In-Store,Portland,2022-12-20
5759,William Martin,Retail,Immediate,In-Store,Beaverton,2022-03-28
5760,Sophia Anderson,Retail,Immediate,In-Store,Portland,2025-12-14
5761,Ashley Thomas,Retail,Immediate,In-Store,Gresham,2024-04-08
5762,Sarah Wilson,Retail,Immediate,In-Store,Portland,2024-10-18
5763,Hannah Smith,Retail,Immediate,In-Store,Portland,2024-09-26
5764,Ava Smith,Retail,Immediate,In-Store,Lake Oswego,2025-06-03
5765,LIAM MOORE ,Retail,Immediate,In-Store,Beaverton,2022-10-21
5766,Robert Thomas,Retail,Immediate,In-Store,Portland,2022-09-06
5767,JOSEPH JOHNSON ,Retail,Immediate,In-Store,Portland,2025-10-29
5768,Sarah Brown,Retail,Immediate,In-Store, salem,2025-01-03
5769,Emma Smith,Retail,Immediate,In-Store,Portland,2024-07-21
5770,ANDREW JOHNSON ,Retail,Immediate,In-Store,Portland,2025-04-02
5771,Ella Smith,Retail,Immediate,In-Store, eugene,2024-06-30
5772,Olivia Smith,Retail,Immediate,In-Store,Salem,2025-09-13
5773,Emma Nelson,Retail,Immediate,In-Store,Portland,2024-08-30
5774,Christopher Moore,Retail,Immediate,In-Store,Portland,2023-08-25
5775,MICHAEL DAVIS ,Retail,Immediate,In-Store,Portland,2025-03-13
5776,NOAH SMITH ,Retail,Immediate,In-Store,Bend,2022-02-17
5777,Matthew Williams,Retail,Immediate,In-Store,Eugene,2024-04-30
5778,Ella Lee,Retail,Immediate,In-Store, portland,2025-09-09
5779,Sophia Jones,Retail,Immediate,In-Store, portland,2024-03-02
5780,Ashley Nguyen,Retail,Immediate,In-Store,Tigard,2022-04-02
5781,William Martin,Retail,Immediate,In-Store,Gresham,2022-08-01
5782,Jessica Anderson,Retail,Immediate,In-Store, salem,2024-07-12
5783,William Thomas,Retail,Immediate,In-Store,Hillsboro,2022-02-28
5784,Jessica Carter,Retail,Immediate,In-Store,Portland,2025-07-14
5785,Grace Williams,Retail,Immediate,In-Store, portland,2023-07-17
5786,Michael Taylor,Retail,Immediate,In-Store,Portland,2025-02-03
5787,ETHAN WILLIAMS ,Retail,Immediate,In-Store,Portland,2023-02-25
5788,MATTHEW JONES ,Retail,Immediate,In-Store,Eugene,2023-08-27
5789,Ava Martin,Retail,Immediate,In-Store,Portland,2023-08-13
5790,Liam Carter,Retail,Immediate,In-Store,Portland,2022-04-15
5791,Lucas Kim,Retail,Immediate,In-Store, seattle,2024-04-08
5792,ASHLEY GARCIA ,Retail,Immediate,In-Store,Portland,2023-02-17
5793,Andrew Martin,Retail,Immediate,In-Store,Portland,2022-01-25
5794,HANNAH CARTER ,Retail,Immediate,In-Store,Portland,2024-01-20
5795,James Wilson,Retail,Immediate,In-Store,Portland,2023-02-11
5796,Ethan Taylor,Retail,Immediate,In-Store,Portland,2025-10-12
5797,Mason Lee,Retail,Immediate,In-Store, portland,2025-04-21
5798,James Nguyen,Retail,Immediate,In-Store,Portland,2024-06-11
5799,Jessica Moore,Retail,Immediate,In-Store,Seattle,2025-09-30
5800,Olivia Davis,Retail,Immediate,In-Store,Portland,2022-07-06
5801,Christopher Kim,Retail,Immediate,In-Store,Hillsboro,2024-01-24
5802,Joseph Johnson,Retail,Immediate,In-Store,Bend,2022-07-05
5803,Noah Carter,Retail,Immediate,In-Store, vancouver,2022-05-22
5804,David Lee,Retail,Immediate,In-Store,Portland,2023-03-03
5805,Olivia Taylor,Retail,Immediate,In-Store,Tigard,2025-06-10
5806,Matthew Garcia,Retail,Immediate,In-Store,Hillsboro,2022-02-18
5807,Grace Nguyen,Retail,Immediate,In-Store,Portland,2025-12-14
5808,Liam Taylor,Retail,Immediate,In-Store,Seattle,2024-05-02
5809,James Patel,Retail,Immediate,In-Store,Beaverton,2023-10-01
5810,Ava Taylor,Retail,Immediate,In-Store,Gresham,2024-07-13
5811,Michael Taylor,Retail,Immediate,In-Store,Portland,2025-02-21
5812,Olivia Kim,Retail,Immediate,In-Store,Portland,2022-09-27
5813,MICHAEL MARTIN ,Retail,Immediate,In-Store,Salem,2025-11-09
5814,Ethan Miller,Retail,Immediate,In-Store,Portland,2022-11-23
5815,Isabella Moore,Retail,Immediate,In-Store,Portland,2025-12-13
5816,William Nelson,Retail,Immediate,In-Store,Portland,2025-11-16
5817,Noah Anderson,Retail,Immediate,In-Store,Portland,2023-07-12
5818,Joseph Nelson,Retail,Immediate,In-Store,Portland,2025-06-10
5819,Mia Kim,Retail,Immediate,In-Store,Portland,2022-05-31
5820,James Nelson,Retail,Immediate,In-Store,Hillsboro,2022-04-18
5821,Joseph Patel,Retail,Immediate,In-Store,Portland,2024-05-15
5822,Chloe Patel,Retail,Immediate,In-Store, portland,2022-06-02
5823,OLIVIA WILLIAMS ,Retail,Immediate,In-Store,Hillsboro,2022-04-03
5824,Grace Nelson,Retail,Immediate,In-Store,Eugene,2022-03-05
5825,Sarah Garcia,Retail,Immediate,In-Store,Portland,2022-12-13
5826,Lucas Patel,Retail,Immediate,In-Store,Portland,2024-05-21
5827,Madison Davis,Retail,Immediate,In-Store,Corvallis,2023-06-21
5828,James Taylor,Retail,Immediate,In-Store,Portland,2022-01-06
5829,Ava Anderson,Retail,Immediate,In-Store,Beaverton,2025-11-17
5830,Ethan Nguyen,Retail,Immediate,In-Store,Beaverton,2022-08-04
5831,JESSICA JOHNSON ,Retail,Immediate,In-Store,Gresham,2022-03-25
5832,Chloe Lee,Retail,Immediate,In-Store,Portland,2025-01-22
5833,Daniel Williams,Retail,Immediate,In-Store,Portland,2024-12-05
5834,Sophia Martin,Retail,Immediate,In-Store,Gresham,2024-01-08
5835,Emily Jones,Retail,Immediate,In-Store,Portland,2023-01-13
5836,NOAH DAVIS ,Retail,Immediate,In-Store,Beaverton,2023-11-29
5837,Liam Nelson,Retail,Immediate,In-Store,Portland,2025-06-13
5838,LIAM LEE ,Retail,Immediate,In-Store,Portland,2022-03-19
5839,GRACE KIM ,Retail,Immediate,In-Store,Beaverton,2022-04-21
5840,Joseph Taylor,Retail,Immediate,In-Store,Portland,2024-11-26
5841,Ella Anderson,Retail,Immediate,In-Store,Portland,2022-06-06
5842,Emily Moore,Retail,Immediate,In-Store,Portland,2025-12-29
5843,Matthew Patel,Retail,Immediate,In-Store,Portland,2023-03-21
5844,Christopher Patel,Retail,Immediate,In-Store,Beaverton,2024-01-17
5845,Matthew Nelson,Retail,Immediate,In-Store,Bend,2023-07-29
5846,Michael Patel,Retail,Immediate,In-Store,Portland,2022-11-19
5847,Hannah Taylor,Retail,Immediate,In-Store,Portland,2022-08-12
5848,Hannah Patel,Retail,Immediate,In-Store,Seattle,2023-08-20
5849,Robert Miller,Retail,Immediate,In-Store, gresham,2025-06-30
5850,Sarah Nguyen,Retail,Immediate,In-Store,Salem,2024-03-25
5851,Olivia Carter,Retail,Immediate,In-Store,Portland,2025-10-15
5852,JESSICA TAYLOR ,Retail,Immediate,In-Store, portland,2022-03-08
5853,Lucas Nelson,Retail,Immediate,In-Store, portland,2022-05-01
5854,LIAM NGUYEN ,Retail,Immediate,In-Store,Portland,2023-08-15
5855,Matthew Wilson,Retail,Immediate,In-Store,Gresham,2023-01-19
5856,Mason Garcia,Retail,Immediate,In-Store,Portland,2022-02-02
5857,Sophia Anderson,Retail,Immediate,In-Store, salem,2025-10-06
5858,SARAH BROWN ,Retail,Immediate,In-Store,Seattle,2023-01-10
5859,GRACE MARTIN ,Retail,Immediate,In-Store,Portland,2024-12-24
5860,MADISON JOHNSON ,Retail,Immediate,In-Store,Gresham,2022-06-01
5861,Olivia Taylor,Retail,Immediate,In-Store,Portland,2023-03-29
5862,Daniel Jones,Retail,Immediate,In-Store,Beaverton,2023-09-08
5863,David Johnson,Retail,Immediate,In-Store,Eugene,2024-08-15
5864,Liam Miller,Retail,Immediate,In-Store,Portland,2022-09-08
5865,William Brown,Retail,Immediate,In-Store,Eugene,2023-06-07
5866,Noah Moore,Retail,Immediate,In-Store,Vancouver,2022-01-10
5867,Ella Lee,Retail,Immediate,In-Store,Hillsboro,2022-10-23
5868,Lucas Anderson,Retail,Immediate,In-Store,Portland,2023-12-02
5869,Andrew Nelson,Retail,Immediate,In-Store,Hillsboro,2023-05-16
5870,Madison Moore,Retail,Immediate,In-Store,Portland,2023-01-12
5871,David Brown,Retail,Immediate,In-Store,Gresham,2024-04-24
5872,Lucas Thomas,Retail,Immediate,In-Store,Portland,2022-11-30
5873,CHRISTOPHER JOHNSON ,Retail,Immediate,In-Store,Gresham,2025-02-11
5874,Daniel Smith,Retail,Immediate,In-Store,Portland,2023-12-02
5875,Ashley Carter,Retail,Immediate,In-Store,Portland,2024-08-10
5876,ASHLEY MOORE ,Retail,Immediate,In-Store,Lake Oswego,2023-11-27
5877,SARAH NELSON ,Retail,Immediate,In-Store,Portland,2023-05-08
5878,WILLIAM JOHNSON ,Retail,Immediate,In-Store,Lake Oswego,2022-04-15
5879,Ella Patel,Retail,Immediate,In-Store,Bend,2022-01-09
5880,ISABELLA BROWN ,Retail,Immediate,In-Store,Beaverton,2024-07-17
5881,Ethan Jones,Retail,Immediate,In-Store,Portland,2023-06-09
5882,Ella Moore,Retail,Immediate,In-Store,Portland,2024-03-02
5883,Ella Johnson,Retail,Immediate,In-Store,Portland,2022-10-25
5884,Daniel Nelson,Retail,Immediate,In-Store,Portland,2023-04-28
5885,Sarah Garcia,Retail,Immediate,In-Store,Portland,2023-02-07
5886,David Garcia,Retail,Immediate,In-Store, portland,2022-02-20
5887,OLIVIA MOORE ,Retail,Immediate,In-Store,Seattle,2023-10-31
5888,Grace Nelson,Retail,Immediate,In-Store, portland,2023-09-09
5889,Mia Wilson,Retail,Immediate,In-Store,Bend,2025-06-17
5890,James Lee,Retail,Immediate,In-Store,Portland,2024-12-10
5891,Joseph Nelson,Retail,Immediate,In-Store,Portland,2025-08-20
5892,SARAH PATEL ,Retail,Immediate,In-Store,Gresham,2022-06-20
5893,DANIEL CARTER ,Retail,Immediate,In-Store,Tigard,2023-07-17
5894,Mia Smith,Retail,Immediate,In-Store,Gresham,2025-09-16
5895,Ella Lee,Retail,Immediate,In-Store,Portland,2022-06-02
5896,Lucas Taylor,Retail,Immediate,In-Store, vancouver,2025-12-15
5897,OLIVIA KIM ,Retail,Immediate,In-Store, portland,2022-03-29
5898,Christopher Davis,Retail,Immediate,In-Store,Portland,2024-03-06
5899,Daniel Miller,Retail,Immediate,In-Store,Portland,2025-05-12
5900,Andrew Kim,Retail,Immediate,In-Store,Bend,2023-03-09
5901,Madison Anderson,Retail,Immediate,In-Store, portland,2024-07-02
5902,Emily Thomas,Retail,Immediate,In-Store,Portland,2025-07-18
5903,DANIEL BROWN ,Retail,Immediate,In-Store,Portland,2024-05-02
5904,Chloe Garcia,Retail,Immediate,In-Store,Hillsboro,2023-12-04
5905,Ashley Wilson,Retail,Immediate,In-Store,Portland,2022-08-01
5906,Emma Garcia,Retail,Immediate,In-Store,Portland,2023-07-17
5907,Sophia Jones,Retail,Immediate,In-Store,Beaverton,2022-07-11
5908,Hannah Carter,Retail,Immediate,In-Store,Beaverton,2025-03-03
5909,Olivia Jones,Retail,Immediate,In-Store,Seattle,2024-06-28
5910,Olivia Nelson,Retail,Immediate,In-Store,Portland,2023-08-13
5911,Daniel Carter,Retail,Immediate,In-Store,Salem,2022-06-19
5912,David Smith,Retail,Immediate,In-Store,Bend,2022-01-24
5913,JAMES NELSON ,Retail,Immediate,In-Store,Portland,2024-05-30
5914,Andrew Anderson,Retail,Immediate,In-Store, portland,2025-10-25
5915,Liam Patel,Retail,Immediate,In-Store,Portland,2023-12-27
5916,Madison Lee,Retail,Immediate,In-Store,Bend,2022-06-04
5917,Mason Lee,Retail,Immediate,In-Store,Portland,2024-12-12
5918,Mia Nelson,Retail,Immediate,In-Store,Portland,2025-06-16
5919,Ava Miller,Retail,Immediate,In-Store,Portland,2025-03-19
5920,James Smith,Retail,Immediate,In-Store,Gresham,2023-07-24
5921,Ethan Johnson,Retail,Immediate,In-Store,Corvallis,2024-05-29
5922,Andrew Taylor,Retail,Immediate,In-Store,Portland,2024-07-23
5923,Sophia Kim,Retail,Immediate,In-Store,Beaverton,2022-02-11
5924,ISABELLA NELSON ,Retail,Immediate,In-Store,Portland,2023-12-16
5925,Grace Patel,Retail,Immediate,In-Store,Portland,2025-03-17
5926,DANIEL KIM ,Retail,Immediate,In-Store,Salem,2022-02-22
5927,Emma Carter,Retail,Immediate,In-Store,Portland,2022-12-25
5928,Michael Moore,Retail,Immediate,In-Store,Portland,2024-05-08
5929,Andrew Martin,Retail,Immediate,In-Store,Gresham,2025-09-21
5930,Ella Lee,Retail,Immediate,In-Store,Tigard,2024-04-08
5931,James Moore,Retail,Immediate,In-Store,Hillsboro,2022-12-24
5932,James Wilson,Retail,Immediate,In-Store, portland,2022-11-05
5933,Mason Wilson,Retail,Immediate,In-Store,Portland,2022-03-10
5934,William Thomas,Retail,Immediate,In-Store,Beaverton,2025-10-16
5935,Andrew Lee,Retail,Immediate,In-Store,Seattle,2022-02-04
5936,Robert Nelson,Retail,Immediate,In-Store,Portland,2022-09-22
5937,James Miller,Retail,Immediate,In-Store,Portland,2024-04-28
5938,EMMA BROWN ,Retail,Immediate,In-Store,Portland,2025-06-11
5939,JOSEPH MARTIN ,Retail,Immediate,In-Store,Portland,2023-04-29
5940,MIA KIM ,Retail,Immediate,In-Store,Portland,2023-06-01
5941,JESSICA ANDERSON ,Retail,Immediate,In-Store,Seattle,2022-08-02
5942,Ella Johnson,Retail,Immediate,In-Store,Portland,2024-08-13
5943,Madison Patel,Retail,Immediate,In-Store,Eugene,2024-10-23
5944,Hannah Wilson,Retail,Immediate,In-Store,Portland,2023-06-09
5945,Christopher Miller,Retail,Immediate,In-Store, portland,2024-04-09
5946,NOAH MILLER ,Retail,Immediate,In-Store,Portland,2025-01-22
5947,Mia Martin,Retail,Immediate,In-Store,Portland,2022-03-30
5948,Andrew Nelson,Retail,Immediate,In-Store,Gresham,2024-01-02
5949,Isabella Nelson,Retail,Immediate,In-Store,Portland,2024-08-23
5950,ELLA KIM ,Retail,Immediate,In-Store,Portland,2025-11-14
5951,Mia Wilson,Retail,Immediate,In-Store,Beaverton,2022-12-05
5952,Ava Taylor,Retail,Immediate,In-Store, portland,2024-05-31
5953,Emily Jones,Retail,Immediate,In-Store,Portland,2025-02-15
5954,Mia Carter,Retail,Immediate,In-Store, portland,2022-08-25
5955,Madison Moore,Retail,Immediate,In-Store,Portland,2024-06-23
5956,Ethan Martin,Retail,Immediate,In-Store, gresham,2022-02-22
5957,Madison Carter,Retail,Immediate,In-Store,Beaverton,2024-03-29
5958,Sophia Wilson,Retail,Immediate,In-Store,Portland,2025-04-04
5959,WILLIAM JONES ,Retail,Immediate,In-Store,Bend,2024-06-05
5960,Christopher Smith,Retail,Immediate,In-Store,Portland,2023-06-07
5961,Matthew Nelson,Retail,Immediate,In-Store,Gresham,2024-03-31
5962,Jessica Lee,Retail,Immediate,In-Store,Gresham,2023-03-10
5963,Mason Jones,Retail,Immediate,In-Store,Portland,2022-04-17
5964,Emma Garcia,Retail,Immediate,In-Store,Bend,2023-03-02
5965,MASON GARCIA ,Retail,Immediate,In-Store,Portland,2022-06-07
5966,Grace Anderson,Retail,Immediate,In-Store,Tigard,2022-03-12
5967,David Nelson,Retail,Immediate,In-Store, portland,2024-04-09
5968,Lucas Moore,Retail,Immediate,In-Store, hillsboro,2022-01-06
5969,Matthew Jones,Retail,Immediate,In-Store,Portland,2025-02-22
5970,AVA KIM ,Retail,Immediate,In-Store,Portland,2023-09-07
5971,Isabella Moore,Retail,Immediate,In-Store,Beaverton,2023-05-23
5972,Noah Garcia,Retail,Immediate,In-Store,Beaverton,2024-01-03
5973,James Miller,Retail,Immediate,In-Store,Eugene,2023-07-02
5974,Chloe Anderson,Retail,Immediate,In-Store,Portland,2025-03-02
5975,MADISON MOORE ,Retail,Immediate,In-Store,Vancouver,2023-09-27
5976,Ethan Wilson,Retail,Immediate,In-Store, lake oswego,2025-03-09
5977,Chloe Garcia,Retail,Immediate,In-Store,Portland,2023-09-08
5978,Liam Martin,Retail,Immediate,In-Store,Salem,2022-10-08
5979,Joseph Taylor,Retail,Immediate,In-Store,Portland,2022-12-19
5980,William Nguyen,Retail,Immediate,In-Store,Gresham,2024-09-22
5981,Joseph Thomas,Retail,Immediate,In-Store,Salem,2024-02-24
5982,Grace Nelson,Retail,Immediate,In-Store,Portland,2025-04-20
5983,Andrew Moore,Retail,Immediate,In-Store,Beaverton,2023-05-24
5984,Daniel Williams,Retail,Immediate,In-Store,Portland,2022-10-08
5985,Mason Taylor,Retail,Immediate,In-Store,Portland,2024-03-02
5986,Sarah Davis,Retail,Immediate,In-Store,Portland,2025-08-05
5987,EMILY KIM ,Retail,Immediate,In-Store, portland,2023-08-08
5988,Ethan Johnson,Retail,Immediate,In-Store,Seattle,2023-06-13
5989,CHLOE MARTIN ,Retail,Immediate,In-Store,Hillsboro,2022-01-04
5990,Noah Johnson,Retail,Immediate,In-Store, eugene,2022-05-15
5991,Chloe Taylor,Retail,Immediate,In-Store,Beaverton,2024-06-19
5992,Ashley Davis,Retail,Immediate,In-Store,Portland,2022-03-29
5993,Emma Lee,Retail,Immediate,In-Store,Hillsboro,2022-07-15
5994,Mia Anderson,Retail,Immediate,In-Store,Portland,2024-01-02
5995,Isabella Lee,Retail,Immediate,In-Store,Beaverton,2025-03-07
5996,James Taylor,Retail,Immediate,In-Store,Vancouver,2025-05-04
5997,JAMES WILSON ,Retail,Immediate,In-Store,Portland,2024-06-20
5998,Robert Brown,Retail,Immediate,In-Store,Corvallis,2025-06-10
5999,Jessica Smith,Retail,Immediate,In-Store,Portland,2023-05-05
6000,Hannah Carter,Retail,Immediate,In-Store,Vancouver,2025-04-28
6001,Robert Thomas,Retail,Immediate,In-Store,Portland,2024-04-06
6002,Sophia Lee,Retail,Immediate,In-Store,Portland,2022-04-20
6003,David Thomas,Retail,Immediate,In-Store,Bend,2024-03-24
6004,Joseph Miller,Retail,Immediate,In-Store,Portland,2025-04-25
6005,Mia Johnson,Retail,Immediate,In-Store,Portland,2022-07-27
6006,Ella Taylor,Retail,Immediate,In-Store,Portland,2023-04-20
6007,Joseph Williams,Retail,Immediate,In-Store,Portland,2022-06-15
6008,Olivia Taylor,Retail,Immediate,In-Store,Vancouver,2024-01-02
6009,David Williams,Retail,Immediate,In-Store,Portland,2024-10-20
6010,Jessica Smith,Retail,Immediate,In-Store,Portland,2023-06-16
6011,Matthew Davis,Retail,Immediate,In-Store,Portland,2024-06-03
6012,Christopher Martin,Retail,Immediate,In-Store,Bend,2024-03-21
6013,MATTHEW NGUYEN ,Retail,Immediate,In-Store,Portland,2025-10-05
6014,William Johnson,Retail,Immediate,In-Store,Portland,2023-07-15
6015,Lucas Moore,Retail,Immediate,In-Store,Corvallis,2024-09-16
6016,Robert Lee,Retail,Immediate,In-Store,Portland,2025-05-09
6017,Chloe Johnson,Retail,Immediate,In-Store,Salem,2025-10-31
6018,Lucas Thomas,Retail,Immediate,In-Store,Eugene,2024-02-03
6019,Joseph Wilson,Retail,Immediate,In-Store,Corvallis,2025-08-08
6020,Joseph Martin,Retail,Immediate,In-Store,Portland,2023-11-22
6021,William Davis,Retail,Immediate,In-Store,Seattle,2025-11-02
6022,Ethan Lee,Retail,Immediate,In-Store,Lake Oswego,2023-01-06
6023,Olivia Smith,Retail,Immediate,In-Store,Portland,2025-07-20
6024,Hannah Brown,Retail,Immediate,In-Store,Portland,2025-09-22
6025,Andrew Smith,Retail,Immediate,In-Store,Salem,2023-09-24
6026,Michael Johnson,Retail,Immediate,In-Store,Gresham,2024-03-25
6027,Robert Garcia,Retail,Immediate,In-Store,Portland,2025-05-23
6028,Ashley Lee,Retail,Immediate,In-Store, beaverton,2023-12-21
6029,Sarah Smith,Retail,Immediate,In-Store,Portland,2023-01-26
6030,Liam Davis,Retail,Immediate,In-Store,Portland,2024-05-13
6031,William Martin,Retail,Immediate,In-Store,Portland,2024-12-14
6032,Mason Jones,Retail,Immediate,In-Store,Portland,2025-11-13
6033,ASHLEY GARCIA ,Retail,Immediate,In-Store,Hillsboro,2024-01-21
6034,Ashley Thomas,Retail,Immediate,In-Store,Portland,2023-10-16
6035,Sarah Carter,Retail,Immediate,In-Store,Gresham,2023-01-24
6036,Olivia Miller,Retail,Immediate,In-Store,Vancouver,2022-09-23
6037,Isabella Nguyen,Retail,Immediate,In-Store, portland,2024-07-15
6038,JOSEPH NELSON ,Retail,Immediate,In-Store,Portland,2025-06-06
6039,Jessica Brown,Retail,Immediate,In-Store,Beaverton,2025-07-28
6040,Robert Wilson,Retail,Immediate,In-Store,Portland,2024-04-04
6041,Matthew Anderson,Retail,Immediate,In-Store,Portland,2025-03-16
6042,Daniel Smith,Retail,Immediate,In-Store,Portland,2022-07-07
6043,Ella Patel,Retail,Immediate,In-Store,Portland,2024-03-28
6044,Madison Nelson,Retail,Immediate,In-Store,Portland,2022-06-23
6045,Mason Kim,Retail,Immediate,In-Store,Portland,2024-11-20
6046,James Nguyen,Retail,Immediate,In-Store,Tigard,2023-05-15
6047,Daniel Martin,Retail,Immediate,In-Store, eugene,2022-01-26
6048,Mia Wilson,Retail,Immediate,In-Store,Portland,2022-07-22
6049,Daniel Garcia,Retail,Immediate,In-Store,Gresham,2025-05-14
6050,Joseph Carter,Retail,Immediate,In-Store,Portland,2022-11-26
6051,Ella Kim,Retail,Immediate,In-Store,Beaverton,2024-01-17
6052,Sarah Martin,Retail,Immediate,In-Store,Portland,2022-03-12
6053,SOPHIA PATEL ,Retail,Immediate,In-Store,Portland,2022-11-23
6054,Ethan Lee,Retail,Immediate,In-Store,Portland,2025-10-18
6055,NOAH MOORE ,Retail,Immediate,In-Store,Portland,2023-03-20
6056,Sophia Martin,Retail,Immediate,In-Store,Portland,2022-12-31
6057,Mia Moore,Retail,Immediate,In-Store,Portland,2025-12-18
6058,Ashley Wilson,Retail,Immediate,In-Store,Portland,2022-02-17
6059,Mason Wilson,Retail,Immediate,In-Store,Lake Oswego,2022-08-26
6060,Emma Carter,Retail,Immediate,In-Store, portland,2024-04-03
6061,Ethan Carter,Retail,Immediate,In-Store,Portland,2023-11-12
6062,Andrew Brown,Retail,Immediate,In-Store,Gresham,2024-07-28
6063,William Thomas,Retail,Immediate,In-Store,Portland,2025-07-17
6064,Michael Moore,Retail,Immediate,In-Store,Bend,2024-03-19
6065,Liam Taylor,Retail,Immediate,In-Store,Portland,2024-03-01
6066,Christopher Anderson,Retail,Immediate,In-Store,Portland,2023-11-08
6067,Mia Brown,Retail,Immediate,In-Store,Portland,2023-01-05
6068,EMILY NGUYEN ,Retail,Immediate,In-Store, portland,2023-12-01
6069,Chloe Carter,Retail,Immediate,In-Store,Portland,2022-12-22
6070,Ashley Moore,Retail,Immediate,In-Store,Portland,2023-08-07
6071,Ava Moore,Retail,Immediate,In-Store,Portland,2023-09-11
6072,Emma Miller,Retail,Immediate,In-Store,Portland,2024-07-22
6073,Isabella Carter,Retail,Immediate,In-Store,Beaverton,2023-02-06
6074,Chloe Nelson,Retail,Immediate,In-Store,Portland,2024-02-19
6075,Hannah Kim,Retail,Immediate,In-Store, eugene,2022-12-01
6076,Robert Garcia,Retail,Immediate,In-Store, beaverton,2022-11-01
6077,Andrew Brown,Retail,Immediate,In-Store,Portland,2022-04-09
6078,Olivia Jones,Retail,Immediate,In-Store,Seattle,2025-03-22
6079,Matthew Brown,Retail,Immediate,In-Store,Portland,2025-11-24
6080,ETHAN JONES ,Retail,Immediate,In-Store, portland,2024-11-19
6081,Joseph Anderson,Retail,Immediate,In-Store,Portland,2025-05-03
6082,Lucas Patel,Retail,Immediate,In-Store,Portland,2024-02-29
6083,CHRISTOPHER THOMAS ,Retail,Immediate,In-Store,Hillsboro,2022-07-24
6084,Hannah Taylor,Retail,Immediate,In-Store,Lake Oswego,2023-01-24
6085,Emily Nelson,Retail,Immediate,In-Store,Salem,2022-03-01
6086,Sarah Thomas,Retail,Immediate,In-Store,Eugene,2024-06-25
6087,Jessica Taylor,Retail,Immediate,In-Store,Portland,2024-12-14
6088,Emma Carter,Retail,Immediate,In-Store,Portland,2025-12-24
6089,LUCAS WILLIAMS ,Retail,Immediate,In-Store,Salem,2022-11-07
6090,Liam Patel,Retail,Immediate,In-Store,Seattle,2024-05-20
6091,Emma Moore,Retail,Immediate,In-Store,Eugene,2023-09-19
6092,MIA THOMAS ,Retail,Immediate,In-Store,Beaverton,2023-01-04
6093,Matthew Patel,Retail,Immediate,In-Store,Portland,2023-10-14
6094,MADISON MARTIN ,Retail,Immediate,In-Store,Portland,2024-03-30
6095,JESSICA ANDERSON ,Retail,Immediate,In-Store,Portland,2025-05-24
6096,Sarah Patel,Retail,Immediate,In-Store,Portland,2022-05-13
6097,ASHLEY SMITH ,Retail,Immediate,In-Store,Portland,2024-01-02
6098,Madison Martin,Retail,Immediate,In-Store, portland,2023-04-10
6099,Olivia Patel,Retail,Immediate,In-Store,Beaverton,2022-07-22
6100,Ella Kim,Retail,Immediate,In-Store,Portland,2024-04-21
6101,Ashley Wilson,Retail,Immediate,In-Store,Gresham,2023-12-21
6102,Joseph Johnson,Retail,Immediate,In-Store,Portland,2024-01-13
6103,Mason Wilson,Retail,Immediate,In-Store,Gresham,2024-02-17
6104,Ethan Davis,Retail,Immediate,In-Store,Bend,2024-03-19
6105,Robert Anderson,Retail,Immediate,In-Store,Portland,2022-05-14
6106,MASON ANDERSON ,Retail,Immediate,In-Store,Beaverton,2024-08-12
6107,DANIEL LEE ,Retail,Immediate,In-Store,Gresham,2022-11-27
6108,William Garcia,Retail,Immediate,In-Store,Gresham,2022-12-11
6109,HANNAH WILSON ,Retail,Immediate,In-Store,Gresham,2022-05-02
6110,Matthew Patel,Retail,Immediate,In-Store,Eugene,2022-09-18
6111,James Johnson,Retail,Immediate,In-Store,Bend,2024-02-28
6112,Mia Thomas,Retail,Immediate,In-Store,Portland,2022-01-02
6113,Joseph Johnson,Retail,Immediate,In-Store,Salem,2024-09-27
6114,William Nelson,Retail,Immediate,In-Store,Bend,2024-08-05
6115,EMILY MOORE ,Retail,Immediate,In-Store,Portland,2024-06-01
6116,Hannah Johnson,Retail,Immediate,In-Store, portland,2024-06-27
6117,AVA ANDERSON ,Retail,Immediate,In-Store,Portland,2022-08-11
6118,Isabella Wilson,Retail,Immediate,In-Store,Portland,2025-08-16
6119,Sophia Miller,Retail,Immediate,In-Store,Portland,2022-01-05
6120,Matthew Anderson,Retail,Immediate,In-Store,Eugene,2024-03-03
6121,NOAH MOORE ,Retail,Immediate,In-Store,Portland,2025-05-26
6122,Noah Williams,Retail,Immediate,In-Store,Portland,2025-03-23
6123,Mia Williams,Retail,Immediate,In-Store,Portland,2022-11-10
6124,Emma Nelson,Retail,Immediate,In-Store,Lake Oswego,2022-07-16
6125,William Brown,Retail,Immediate,In-Store,Portland,2025-01-29
6126,Lucas Anderson,Retail,Immediate,In-Store,Portland,2023-07-09
6127,ELLA TAYLOR ,Retail,Immediate,In-Store,Salem,2022-09-27
6128,Grace Smith,Retail,Immediate,In-Store,Beaverton,2024-12-19
6129,Hannah Davis,Retail,Immediate,In-Store,Bend,2025-01-06
6130,Sarah Nguyen,Retail,Immediate,In-Store,Gresham,2024-12-04
6131,Matthew Johnson,Retail,Immediate,In-Store, portland,2025-12-21
6132,James Wilson,Retail,Immediate,In-Store,Portland,2022-12-17
6133,Sarah Johnson,Retail,Immediate,In-Store,Portland,2024-05-17
6134,Michael Jones,Retail,Immediate,In-Store, bend,2025-02-01
6135,Ava Martin,Retail,Immediate,In-Store,Tigard,2023-12-27
6136,Ava Wilson,Retail,Immediate,In-Store,Portland,2023-07-30
6137,Ava Johnson,Retail,Immediate,In-Store,Salem,2024-07-13
6138,Joseph Wilson,Retail,Immediate,In-Store,Portland,2022-05-08
6139,Robert Smith,Retail,Immediate,In-Store,Portland,2025-11-13
6140,Mason Anderson,Retail,Immediate,In-Store,Portland,2023-07-18
6141,Hannah Moore,Retail,Immediate,In-Store,Salem,2023-07-26
6142,Ava Taylor,Retail,Immediate,In-Store,Portland,2022-08-19
6143,James Thomas,Retail,Immediate,In-Store,Gresham,2022-11-07
6144,Andrew Kim,Retail,Immediate,In-Store,Portland,2022-03-17
6145,Sophia Williams,Retail,Immediate,In-Store,Seattle,2022-12-17
6146,Sophia Carter,Retail,Immediate,In-Store,Salem,2025-12-18
6147,Robert Jones,Retail,Immediate,In-Store,Corvallis,2023-10-01
6148,Robert Jones,Retail,Immediate,In-Store,Hillsboro,2025-10-22
6149,Mia Lee,Retail,Immediate,In-Store,Beaverton,2025-02-03
6150,Joseph Taylor,Retail,Immediate,In-Store,Bend,2023-06-21
6151,Sarah Wilson,Retail,Immediate,In-Store,Portland,2025-08-09
6152,Ella Nguyen,Retail,Immediate,In-Store,Bend,2023-05-01
6153,Sophia Garcia,Retail,Immediate,In-Store,Portland,2023-03-29
6154,Daniel Kim,Retail,Immediate,In-Store,Beaverton,2025-01-23
6155,Matthew Anderson,Retail,Immediate,In-Store,Bend,2025-07-05
6156,Madison Patel,Retail,Immediate,In-Store,Beaverton,2024-09-01
6157,Ella Davis,Retail,Immediate,In-Store,Portland,2025-07-02
6158,Hannah Carter,Retail,Immediate,In-Store,Portland,2025-09-16
6159,Ava Wilson,Retail,Immediate,In-Store,Hillsboro,2025-01-15
6160,Noah Miller,Retail,Immediate,In-Store,Portland,2025-06-05
6161,CHRISTOPHER MARTIN ,Retail,Immediate,In-Store, vancouver,2024-09-28
6162,Chloe Smith,Retail,Immediate,In-Store, portland,2024-07-31
6163,Ethan Johnson,Retail,Immediate,In-Store,Portland,2023-02-19
6164,DANIEL JOHNSON ,Retail,Immediate,In-Store,Beaverton,2025-05-14
6165,Isabella Garcia,Retail,Immediate,In-Store,Portland,2025-06-08
6166,Olivia Williams,Retail,Immediate,In-Store, salem,2024-06-07
6167,Ella Nguyen,Retail,Immediate,In-Store, vancouver,2023-06-11
6168,Madison Nguyen,Retail,Immediate,In-Store,Bend,2022-12-14
6169,Jessica Garcia,Retail,Immediate,In-Store,Portland,2022-05-29
6170,Daniel Nguyen,Retail,Immediate,In-Store,Vancouver,2022-03-13
6171,Ashley Johnson,Retail,Immediate,In-Store,Portland,2022-03-29
6172,Chloe Thomas,Retail,Immediate,In-Store,Bend,2023-07-21
6173,Sarah Wilson,Retail,Immediate,In-Store,Portland,2024-08-08
6174,Christopher Patel,Retail,Immediate,In-Store,Eugene,2023-09-24
6175,Joseph Nelson,Retail,Immediate,In-Store,Vancouver,2024-09-16
6176,James Nelson,Retail,Immediate,In-Store,Beaverton,2022-01-20
6177,JOSEPH LEE ,Retail,Immediate,In-Store,Hillsboro,2024-03-26
6178,Liam Garcia,Retail,Immediate,In-Store,Corvallis,2023-12-06
6179,Daniel Carter,Retail,Immediate,In-Store,Portland,2025-08-24
6180,Grace Smith,Retail,Immediate,In-Store,Portland,2024-08-13
6181,Madison Davis,Retail,Immediate,In-Store,Portland,2025-06-24
6182,Mia Johnson,Retail,Immediate,In-Store,Bend,2024-08-24
6183,Sophia Davis,Retail,Immediate,In-Store,Seattle,2023-02-01
6184,Ashley Williams,Retail,Immediate,In-Store,Portland,2025-09-29
6185,Sophia Jones,Retail,Immediate,In-Store,Portland,2024-07-01
6186,Isabella Nelson,Retail,Immediate,In-Store,Portland,2022-12-17
6187,Ella Moore,Retail,Immediate,In-Store,Portland,2022-01-29
6188,James Brown,Retail,Immediate,In-Store,Portland,2025-05-05
6189,ASHLEY THOMAS ,Retail,Immediate,In-Store,Eugene,2025-06-18
6190,Joseph Lee,Retail,Immediate,In-Store,Portland,2025-06-22
6191,Grace Kim,Retail,Immediate,In-Store,Gresham,2023-08-03
6192,Madison Lee,Retail,Immediate,In-Store,Portland,2025-08-10
6193,Olivia Patel,Retail,Immediate,In-Store,Portland,2025-09-15
6194,CHLOE LEE ,Retail,Immediate,In-Store,Tigard,2022-12-26
6195,Emily Smith,Retail,Immediate,In-Store,Portland,2023-07-21
6196,William Kim,Retail,Immediate,In-Store,Portland,2025-06-16
6197,Emma Patel,Retail,Immediate,In-Store,Corvallis,2022-11-21
6198,Liam Patel,Retail,Immediate,In-Store,Beaverton,2025-01-20
6199,MIA MOORE ,Retail,Immediate,In-Store,Tigard,2024-09-30
6200,Mason Brown,Retail,Immediate,In-Store,Portland,2023-04-12
6201,Chloe Anderson,Retail,Immediate,In-Store,Portland,2023-09-06
6202,Chloe Nguyen,Retail,Immediate,In-Store, beaverton,2023-12-07
6203,Emily Nelson,Retail,Immediate,In-Store,Portland,2023-08-05
6204,Olivia Williams,Retail,Immediate,In-Store,Portland,2022-05-16
6205,SOPHIA BROWN ,Retail,Immediate,In-Store,Portland,2025-02-16
6206,Michael Davis,Retail,Immediate,In-Store,Hillsboro,2024-02-21
6207,William Miller,Retail,Immediate,In-Store,Portland,2023-07-11
6208,Ella Martin,Retail,Immediate,In-Store,Portland,2024-05-19
6209,Ashley Martin,Retail,Immediate,In-Store,Eugene,2024-05-21
6210,Olivia Lee,Retail,Immediate,In-Store,Lake Oswego,2023-08-20
6211,Ethan Carter,Retail,Immediate,In-Store, portland,2023-05-26
6212,MATTHEW JOHNSON ,Retail,Immediate,In-Store,Portland,2022-05-22
6213,William Garcia,Retail,Immediate,In-Store,Gresham,2023-06-24
6214,Noah Martin,Retail,Immediate,In-Store,Portland,2022-05-26
6215,OLIVIA SMITH ,Retail,Immediate,In-Store,Portland,2022-11-13
6216,Ethan Taylor,Retail,Immediate,In-Store,Portland,2022-11-16
6217,Matthew Nguyen,Retail,Immediate,In-Store, portland,2025-12-02
6218,Emma Thomas,Retail,Immediate,In-Store,Portland,2022-10-25
6219,Joseph Johnson,Retail,Immediate,In-Store,Tigard,2023-06-06
6220,Hannah Brown,Retail,Immediate,In-Store,Portland,2022-11-06
6221,Ella Martin,Retail,Immediate,In-Store, portland,2023-12-04
6222,Jessica Moore,Retail,Immediate,In-Store,Portland,2022-09-28
6223,Mia Miller,Retail,Immediate,In-Store,Salem,2022-05-02
6224,Matthew Garcia,Retail,Immediate,In-Store,Eugene,2025-10-30
6225,Grace Jones,Retail,Immediate,In-Store,Vancouver,2025-05-25
6226,Ella Lee,Retail,Immediate,In-Store,Portland,2024-08-14
6227,Michael Martin,Retail,Immediate,In-Store,Portland,2023-05-13
6228,Liam Miller,Retail,Immediate,In-Store,Gresham,2022-11-20
6229,Noah Anderson,Retail,Immediate,In-Store,Portland,2025-11-20
6230,Liam Nguyen,Retail,Immediate,In-Store, gresham,2023-12-19
6231,ELLA MOORE ,Retail,Immediate,In-Store,Portland,2025-02-04
6232,Mason Smith,Retail,Immediate,In-Store,Tigard,2025-12-19
6233,Noah Anderson,Retail,Immediate,In-Store,Salem,2025-04-02
6234,Joseph Lee,Retail,Immediate,In-Store,Salem,2024-05-31
6235,Ava Nguyen,Retail,Immediate,In-Store,Portland,2025-08-28
6236,Ashley Smith,Retail,Immediate,In-Store, portland,2025-01-25
6237,Ashley Nguyen,Retail,Immediate,In-Store,Vancouver,2025-05-04
6238,Daniel Wilson,Retail,Immediate,In-Store,Portland,2025-10-05
6239,Olivia Smith,Retail,Immediate,In-Store, beaverton,2025-05-01
6240,Ashley Williams,Retail,Immediate,In-Store, portland,2022-05-24
6241,SOPHIA SMITH ,Retail,Immediate,In-Store,Eugene,2024-02-26
6242,Mia Nelson,Retail,Immediate,In-Store, portland,2024-01-15
6243,Daniel Johnson,Retail,Immediate,In-Store,Portland,2023-07-27
6244,David Wilson,Retail,Immediate,In-Store,Portland,2023-10-22
6245,Michael Carter,Retail,Immediate,In-Store,Portland,2025-05-09
6246,Ashley Kim,Retail,Immediate,In-Store, portland,2025-04-29
6247,Andrew Carter,Retail,Immediate,In-Store,Portland,2022-05-28
6248,Ava Davis,Retail,Immediate,In-Store,Eugene,2025-11-14
6249,Ava Anderson,Retail,Immediate,In-Store,Portland,2022-03-31
6250,Michael Brown,Retail,Immediate,In-Store,Salem,2024-05-04
6251,Daniel Moore,Retail,Immediate,In-Store, seattle,2022-12-04
6252,William Patel,Retail,Immediate,In-Store,Hillsboro,2023-01-17
6253,William Anderson,Retail,Immediate,In-Store,Portland,2023-07-11
6254,Ella Martin,Retail,Immediate,In-Store,Salem,2024-11-23
6255,William Thomas,Retail,Immediate,In-Store,Portland,2025-08-04
6256,Joseph Nguyen,Retail,Immediate,In-Store, portland,2025-03-16
6257,EMILY CARTER ,Retail,Immediate,In-Store,Gresham,2022-01-22
6258,Mason Johnson,Retail,Immediate,In-Store,Portland,2022-02-20
6259,Mason Martin,Retail,Immediate,In-Store,Hillsboro,2024-12-30
6260,Isabella Martin,Retail,Immediate,In-Store,Hillsboro,2024-07-31
6261,Hannah Patel,Retail,Immediate,In-Store, portland,2023-05-26
6262,Emma Wilson,Retail,Immediate,In-Store,Portland,2022-11-13
6263,Emma Kim,Retail,Immediate,In-Store,Portland,2023-11-10
6264,Mia Nguyen,Retail,Immediate,In-Store,Gresham,2022-07-09
6265,Sophia Lee,Retail,Immediate,In-Store,Portland,2025-09-14
6266,Ethan Garcia,Retail,Immediate,In-Store,Portland,2022-08-27
6267,Sophia Martin,Retail,Immediate,In-Store,Vancouver,2022-10-28
6268,Robert Miller,Retail,Immediate,In-Store,Portland,2023-01-08
6269,Olivia Carter,Retail,Immediate,In-Store,Gresham,2023-03-26
6270,Isabella Martin,Retail,Immediate,In-Store,Salem,2024-12-01
6271,Madison Anderson,Retail,Immediate,In-Store,Portland,2023-11-04
6272,Madison Lee,Retail,Immediate,In-Store,Portland,2024-12-06
6273,ASHLEY DAVIS ,Retail,Immediate,In-Store,Hillsboro,2022-08-28
6274,Daniel Johnson,Retail,Immediate,In-Store,Corvallis,2022-08-07
6275,William Wilson,Retail,Immediate,In-Store,Portland,2023-07-14
6276,Jessica Garcia,Retail,Immediate,In-Store,Portland,2023-01-11
6277,Noah Nguyen,Retail,Immediate,In-Store,Portland,2022-09-16
6278,Chloe Williams,Retail,Immediate,In-Store, portland,2023-06-16
6279,Mia Taylor,Retail,Immediate,In-Store,Salem,2023-07-10
6280,William Anderson,Retail,Immediate,In-Store,Portland,2023-05-25
6281,Lucas Carter,Retail,Immediate,In-Store,Vancouver,2022-02-09
6282,Emily Anderson,Retail,Immediate,In-Store,Portland,2022-12-15
6283,Ava Williams,Retail,Immediate,In-Store,Corvallis,2023-05-12
6284,Lucas Nelson,Retail,Immediate,In-Store,Portland,2024-04-14
6285,Emily Smith,Retail,Immediate,In-Store, portland,2025-04-01
6286,Mia Lee,Retail,Immediate,In-Store,Portland,2023-01-02
6287,Daniel Moore,Retail,Immediate,In-Store,Gresham,2024-01-02
6288,Mason Lee,Retail,Immediate,In-Store,Beaverton,2022-11-03
6289,Christopher Carter,Retail,Immediate,In-Store, portland,2023-08-30
6290,Ella Garcia,Retail,Immediate,In-Store,Portland,2022-09-11
6291,Isabella Williams,Retail,Immediate,In-Store,Portland,2022-10-31
6292,Ashley Martin,Retail,Immediate,In-Store,Portland,2022-08-19
6293,Ella Nguyen,Retail,Immediate,In-Store,Portland,2023-05-27
6294,Michael Patel,Retail,Immediate,In-Store,Beaverton,2023-05-19
6295,Lucas Moore,Retail,Immediate,In-Store,Portland,2023-09-28
6296,Isabella Martin,Retail,Immediate,In-Store,Portland,2023-01-06
6297,SOPHIA THOMAS ,Retail,Immediate,In-Store,Portland,2023-02-10
6298,Robert Johnson,Retail,Immediate,In-Store,Salem,2022-02-21
6299,Emily Garcia,Retail,Immediate,In-Store,Portland,2025-11-25
6300,Hannah Anderson,Retail,Immediate,In-Store,Portland,2022-07-06
6301,Ethan Carter,Retail,Immediate,In-Store,Portland,2025-03-27
6302,Michael Davis,Retail,Immediate,In-Store, gresham,2025-08-21
6303,Joseph Martin,Retail,Immediate,In-Store,Gresham,2024-05-25
6304,Ethan Garcia,Retail,Immediate,In-Store,Hillsboro,2023-04-02
6305,Liam Moore,Retail,Immediate,In-Store,Portland,2022-06-21
6306,Michael Wilson,Retail,Immediate,In-Store,Salem,2022-09-08
6307,Isabella Martin,Retail,Immediate,In-Store,Portland,2023-10-19
6308,Jessica Smith,Retail,Immediate,In-Store,Portland,2025-12-08
6309,Matthew Kim,Retail,Immediate,In-Store, portland,2022-06-20
6310,Sarah Moore,Retail,Immediate,In-Store,Beaverton,2025-03-24
6311,Michael Wilson,Retail,Immediate,In-Store,Portland,2024-05-17
6312,Daniel Davis,Retail,Immediate,In-Store,Corvallis,2023-06-23
6313,OLIVIA MILLER ,Retail,Immediate,In-Store,Portland,2022-02-19
6314,William Martin,Retail,Immediate,In-Store,Portland,2023-07-23
6315,Mia Moore,Retail,Immediate,In-Store,Portland,2023-09-14
6316,Emily Taylor,Retail,Immediate,In-Store,Hillsboro,2024-10-22
6317,ASHLEY NELSON ,Retail,Immediate,In-Store, bend,2025-09-18
6318,Hannah Williams,Retail,Immediate,In-Store,Portland,2022-11-06
6319,Andrew Johnson,Retail,Immediate,In-Store,Beaverton,2024-06-07
6320,Olivia Garcia,Retail,Immediate,In-Store, tigard,2023-04-08
6321,ANDREW TAYLOR ,Retail,Immediate,In-Store,Eugene,2025-03-20
6322,Robert Johnson,Retail,Immediate,In-Store,Portland,2022-02-03
6323,Daniel Garcia,Retail,Immediate,In-Store,Portland,2025-09-05
6324,Mia Kim,Retail,Immediate,In-Store,Portland,2025-09-08
6325,Ashley Davis,Retail,Immediate,In-Store,Portland,2025-08-12
6326,Chloe Lee,Retail,Immediate,In-Store,Portland,2022-03-11
6327,DAVID CARTER ,Retail,Immediate,In-Store,Portland,2022-03-19
6328,Sophia Lee,Retail,Immediate,In-Store,Portland,2025-09-13
6329,Ashley Patel,Retail,Immediate,In-Store,Beaverton,2022-05-29
6330,Noah Kim,Retail,Immediate,In-Store,Beaverton,2024-06-25
6331,Ella Williams,Retail,Immediate,In-Store,Portland,2022-01-24
6332,Joseph Taylor,Retail,Immediate,In-Store,Portland,2023-05-21
6333,Ethan Davis,Retail,Immediate,In-Store,Portland,2025-03-04
6334,William Nelson,Retail,Immediate,In-Store,Portland,2023-04-06
6335,Ethan Davis,Retail,Immediate,In-Store,Hillsboro,2023-07-16
6336,Daniel Johnson,Retail,Immediate,In-Store,Lake Oswego,2024-06-10
6337,MIA WILSON ,Retail,Immediate,In-Store,Portland,2024-01-29
6338,CHLOE MOORE ,Retail,Immediate,In-Store,Beaverton,2023-07-06
6339,Sophia Thomas,Retail,Immediate,In-Store,Vancouver,2024-05-10
6340,Ella Moore,Retail,Immediate,In-Store,Portland,2025-05-25
6341,Ava Smith,Retail,Immediate,In-Store,Portland,2022-11-12
6342,Michael Carter,Retail,Immediate,In-Store,Portland,2025-12-15
6343,DAVID NGUYEN ,Retail,Immediate,In-Store,Eugene,2024-04-01
6344,James Johnson,Retail,Immediate,In-Store,Portland,2025-11-06
6345,Robert Wilson,Retail,Immediate,In-Store,Portland,2023-09-19
6346,Daniel Williams,Retail,Immediate,In-Store,Lake Oswego,2023-08-14
6347,Hannah Martin,Retail,Immediate,In-Store,Bend,2025-05-16
6348,Lucas Nelson,Retail,Immediate,In-Store,Gresham,2023-12-22
6349,Andrew Thomas,Retail,Immediate,In-Store,Portland,2025-04-26
6350,Robert Garcia,Retail,Immediate,In-Store, portland,2023-10-29
6351,Andrew Johnson,Retail,Immediate,In-Store,Salem,2023-11-13
6352,DAVID ANDERSON ,Retail,Immediate,In-Store,Portland,2023-04-08
6353,Robert Thomas,Retail,Immediate,In-Store,Portland,2025-06-04
6354,LIAM WILSON ,Retail,Immediate,In-Store,Salem,2023-02-19
6355,Grace Garcia,Retail,Immediate,In-Store,Beaverton,2024-01-17
6356,Ashley Jones,Retail,Immediate,In-Store, lake oswego,2022-02-10
6357,Isabella Lee,Retail,Immediate,In-Store,Portland,2024-11-17
6358,Olivia Moore,Retail,Immediate,In-Store,Portland,2024-02-17
6359,Ashley Anderson,Retail,Immediate,In-Store,Salem,2024-09-23
6360,James Miller,Retail,Immediate,In-Store,Seattle,2024-07-30
6361,Daniel Kim,Retail,Immediate,In-Store,Portland,2024-04-02
6362,Lucas Garcia,Retail,Immediate,In-Store, seattle,2023-02-27
6363,James Johnson,Retail,Immediate,In-Store, portland,2025-08-30
6364,Robert Martin,Retail,Immediate,In-Store,Portland,2024-05-17
6365,Hannah Thomas,Retail,Immediate,In-Store,Beaverton,2025-08-21
6366,Andrew Davis,Retail,Immediate,In-Store,Salem,2024-10-25
6367,Noah Williams,Retail,Immediate,In-Store, hillsboro,2022-06-21
6368,JAMES MARTIN ,Retail,Immediate,In-Store,Salem,2023-02-10
6369,Andrew Nguyen,Retail,Immediate,In-Store,Tigard,2023-08-10
6370,Jessica Thomas,Retail,Immediate,In-Store,Portland,2022-04-21
6371,Ella Taylor,Retail,Immediate,In-Store,Portland,2022-12-02
6372,Lucas Nguyen,Retail,Immediate,In-Store,Gresham,2022-02-18
6373,Ella Taylor,Retail,Immediate,In-Store,Portland,2024-08-13
6374,Ethan Davis,Retail,Immediate,In-Store,Portland,2022-08-02
6375,AVA LEE ,Retail,Immediate,In-Store,Portland,2022-07-07
6376,James Wilson,Retail,Immediate,In-Store,Portland,2023-03-15
6377,CHRISTOPHER JOHNSON ,Retail,Immediate,In-Store,Portland,2024-07-14
6378,JAMES CARTER ,Retail,Immediate,In-Store,Bend,2022-09-01
6379,Robert Taylor,Retail,Immediate,In-Store,Portland,2025-06-22
6380,Liam Johnson,Retail,Immediate,In-Store,Portland,2025-03-24
6381,Lucas Lee,Retail,Immediate,In-Store,Portland,2024-08-30
6382,Ava Lee,Retail,Immediate,In-Store, gresham,2024-11-24
6383,Liam Carter,Retail,Immediate,In-Store,Eugene,2024-02-29
6384,James Moore,Retail,Immediate,In-Store,Portland,2025-03-10
6385,Lucas Martin,Retail,Immediate,In-Store,Gresham,2023-04-19
6386,William Martin,Retail,Immediate,In-Store,Portland,2024-01-11
6387,William Nguyen,Retail,Immediate,In-Store,Vancouver,2024-10-12
6388,Noah Kim,Retail,Immediate,In-Store,Beaverton,2023-07-15
6389,Daniel Jones,Retail,Immediate,In-Store,Salem,2023-04-07
6390,Olivia Wilson,Retail,Immediate,In-Store,Gresham,2025-09-27
6391,Andrew Jones,Retail,Immediate,In-Store,Beaverton,2022-01-10
6392,Lucas Moore,Retail,Immediate,In-Store,Beaverton,2025-07-13
6393,Christopher Miller,Retail,Immediate,In-Store,Portland,2025-03-30
6394,Mia Nguyen,Retail,Immediate,In-Store, beaverton,2023-08-02
6395,Jessica Kim,Retail,Immediate,In-Store,Beaverton,2024-09-19
6396,Hannah Taylor,Retail,Immediate,In-Store,Hillsboro,2025-10-16
6397,Robert Moore,Retail,Immediate,In-Store, portland,2025-08-22
6398,Matthew Jones,Retail,Immediate,In-Store,Salem,2022-09-23
6399,Daniel Carter,Retail,Immediate,In-Store,Portland,2025-12-25
6400,Jessica Garcia,Retail,Immediate,In-Store,Portland,2024-06-15
6401,Michael Moore,Retail,Immediate,In-Store,Portland,2022-05-20
6402,Sarah Miller,Retail,Immediate,In-Store,Portland,2025-10-02
6403,Jessica Kim,Retail,Immediate,In-Store,Portland,2022-12-07
6404,Matthew Johnson,Retail,Immediate,In-Store,Portland,2022-08-21
6405,Andrew Lee,Retail,Immediate,In-Store,Portland,2022-08-05
6406,Jessica Nelson,Retail,Immediate,In-Store, portland,2022-12-14
6407,Joseph Kim,Retail,Immediate,In-Store,Portland,2024-08-29
6408,Olivia Smith,Retail,Immediate,In-Store, salem,2024-02-22
6409,Noah Williams,Retail,Immediate,In-Store, lake oswego,2025-11-28
6410,Grace Thomas,Retail,Immediate,In-Store,Hillsboro,2024-01-19
6411,Jessica Lee,Retail,Immediate,In-Store,Beaverton,2025-07-22
6412,MASON MILLER ,Retail,Immediate,In-Store,Portland,2023-04-18
6413,Isabella Carter,Retail,Immediate,In-Store,Eugene,2024-02-07
6414,Joseph Brown,Retail,Immediate,In-Store,Eugene,2022-11-07
6415,James Lee,Retail,Immediate,In-Store,Portland,2024-05-08
6416,David Miller,Retail,Immediate,In-Store,Portland,2025-07-22
6417,Daniel Miller,Retail,Immediate,In-Store,Eugene,2022-09-25
6418,Chloe Jones,Retail,Immediate,In-Store,Gresham,2022-03-09
6419,Noah Williams,Retail,Immediate,In-Store,Seattle,2022-02-18
6420,Ethan Nguyen,Retail,Immediate,In-Store,Salem,2023-12-27
6421,Lucas Johnson,Retail,Immediate,In-Store,Corvallis,2024-05-01
6422,Emily Brown,Retail,Immediate,In-Store,Portland,2025-02-08
6423,NOAH MARTIN ,Retail,Immediate,In-Store,Beaverton,2023-03-06
6424,Emily Davis,Retail,Immediate,In-Store,Portland,2025-04-30
6425,Chloe Miller,Retail,Immediate,In-Store,Portland,2022-07-27
6426,James Martin,Retail,Immediate,In-Store,Salem,2023-05-01
6427,LUCAS BROWN ,Retail,Immediate,In-Store,Seattle,2022-12-04
6428,Isabella Moore,Retail,Immediate,In-Store,Eugene,2022-12-04
6429,Robert Brown,Retail,Immediate,In-Store,Portland,2023-06-06
6430,William Thomas,Retail,Immediate,In-Store,Portland,2023-02-24
6431,Sophia Johnson,Retail,Immediate,In-Store,Portland,2024-08-30
6432,JAMES TAYLOR ,Retail,Immediate,In-Store,Portland,2025-05-25
6433,CHLOE GARCIA ,Retail,Immediate,In-Store,Beaverton,2024-05-25
6434,Chloe Nelson,Retail,Immediate,In-Store,Hillsboro,2022-04-07
6435,Christopher Kim,Retail,Immediate,In-Store,Tigard,2024-07-26
6436,Liam Smith,Retail,Immediate,In-Store,Beaverton,2025-07-04
6437,William Taylor,Retail,Immediate,In-Store,Hillsboro,2025-04-07
6438,Ella Nelson,Retail,Immediate,In-Store,Hillsboro,2025-12-10
6439,James Johnson,Retail,Immediate,In-Store, bend,2024-01-16
6440,Ethan Jones,Retail,Immediate,In-Store,Portland,2022-05-19
6441,Noah Carter,Retail,Immediate,In-Store,Portland,2024-01-05
6442,Ella Garcia,Retail,Immediate,In-Store,Portland,2022-11-10
6443,Ethan Lee,Retail,Immediate,In-Store,Portland,2023-11-21
6444,Isabella Kim,Retail,Immediate,In-Store,Portland,2022-12-27
6445,Ethan Moore,Retail,Immediate,In-Store,Portland,2023-06-22
6446,Emily Thomas,Retail,Immediate,In-Store,Hillsboro,2025-08-03
6447,Mia Wilson,Retail,Immediate,In-Store,Portland,2023-01-29
6448,Ethan Wilson,Retail,Immediate,In-Store,Portland,2024-11-15
6449,Daniel Wilson,Retail,Immediate,In-Store,Salem,2025-07-25
6450,Ashley Anderson,Retail,Immediate,In-Store,Portland,2022-07-30
6451,Michael Kim,Retail,Immediate,In-Store,Beaverton,2024-02-24
6452,Jessica Patel,Retail,Immediate,In-Store,Portland,2024-02-16
6453,William Brown,Retail,Immediate,In-Store,Portland,2022-09-21
6454,Daniel Nelson,Retail,Immediate,In-Store,Salem,2023-07-29
6455,Lucas Nguyen,Retail,Immediate,In-Store,Portland,2025-05-12
6456,Andrew Lee,Retail,Immediate,In-Store,Gresham,2025-12-22
6457,Daniel Wilson,Retail,Immediate,In-Store,Hillsboro,2023-12-18
6458,Michael Patel,Retail,Immediate,In-Store,Portland,2022-09-11
6459,Chloe Patel,Retail,Immediate,In-Store,Bend,2025-09-09
6460,Emma Smith,Retail,Immediate,In-Store,Portland,2022-12-24
6461,ETHAN BROWN ,Retail,Immediate,In-Store,Portland,2023-04-16
6462,Noah Nguyen,Retail,Immediate,In-Store,Portland,2025-02-23
6463,ASHLEY GARCIA ,Retail,Immediate,In-Store, portland,2025-10-16
6464,ASHLEY NELSON ,Retail,Immediate,In-Store, portland,2024-04-13
6465,Emily Miller,Retail,Immediate,In-Store,Portland,2022-06-06
6466,Grace Miller,Retail,Immediate,In-Store,Vancouver,2023-05-29
6467,Ava Williams,Retail,Immediate,In-Store,Portland,2022-02-02
6468,James Moore,Retail,Immediate,In-Store,Portland,2023-08-20
6469,Christopher Anderson,Retail,Immediate,In-Store,Portland,2023-01-15
6470,David Taylor,Retail,Immediate,In-Store,Portland,2023-11-03
6471,Liam Smith,Retail,Immediate,In-Store, portland,2023-03-15
6472,James Taylor,Retail,Immediate,In-Store,Portland,2022-04-18
6473,Chloe Kim,Retail,Immediate,In-Store,Seattle,2024-09-23
6474,Emma Anderson,Retail,Immediate,In-Store,Portland,2022-12-12
6475,MATTHEW NELSON ,Retail,Immediate,In-Store,Beaverton,2024-03-07
6476,Daniel Wilson,Retail,Immediate,In-Store,Portland,2025-10-21
6477,Christopher Garcia,Retail,Immediate,In-Store,Portland,2022-01-21
6478,Ashley Thomas,Retail,Immediate,In-Store,Tigard,2024-03-22
6479,Joseph Lee,Retail,Immediate,In-Store, portland,2022-03-23
6480,Noah Brown,Retail,Immediate,In-Store,Hillsboro,2024-06-26
6481,James Smith,Retail,Immediate,In-Store,Vancouver,2025-12-04
6482,ROBERT ANDERSON ,Retail,Immediate,In-Store,Bend,2024-11-04
6483,Madison Garcia,Retail,Immediate,In-Store, portland,2025-12-22
6484,Noah Carter,Retail,Immediate,In-Store,Portland,2025-04-06
6485,Emily Jones,Retail,Immediate,In-Store,Portland,2025-09-28
6486,James Jones,Retail,Immediate,In-Store,Portland,2022-11-28
6487,William Carter,Retail,Immediate,In-Store,Portland,2023-06-03
6488,James Taylor,Retail,Immediate,In-Store,Eugene,2023-01-02
6489,James Nguyen,Retail,Immediate,In-Store,Beaverton,2025-05-13
6490,EMMA NGUYEN ,Retail,Immediate,In-Store, salem,2023-02-20
6491,Ava Smith,Retail,Immediate,In-Store,Beaverton,2022-05-17
6492,Sophia Nelson,Retail,Immediate,In-Store,Gresham,2022-08-29
6493,Robert Williams,Retail,Immediate,In-Store,Salem,2024-06-16
6494,David Garcia,Retail,Immediate,In-Store,Beaverton,2022-03-10
6495,Grace Johnson,Retail,Immediate,In-Store,Portland,2024-02-05
6496,Ethan Taylor,Retail,Immediate,In-Store,Beaverton,2025-05-24
6497,Jessica Brown,Retail,Immediate,In-Store,Portland,2024-09-19
6498,Lucas Patel,Retail,Immediate,In-Store,Salem,2024-04-02
6499,LUCAS MILLER ,Retail,Immediate,In-Store,Portland,2024-02-08
6500,Isabella Lee,Retail,Immediate,In-Store,Portland,2022-01-10
6501,OLIVIA MILLER ,Retail,Immediate,In-Store,Portland,2022-03-19
6502,James Martin,Retail,Immediate,In-Store,Portland,2025-10-19
6503,Jessica Johnson,Retail,Immediate,In-Store, portland,2022-06-29
6504,Sarah Wilson,Retail,Immediate,In-Store,Vancouver,2022-01-17
6505,Chloe Jones,Retail,Immediate,In-Store,Portland,2025-10-25
6506,David Garcia,Retail,Immediate,In-Store,Portland,2022-08-30
6507,Hannah Taylor,Retail,Immediate,In-Store, salem,2024-10-23
6508,William Anderson,Retail,Immediate,In-Store, beaverton,2025-11-21
6509,Mia Kim,Retail,Immediate,In-Store,Eugene,2022-12-17
6510,Christopher Lee,Retail,Immediate,In-Store,Portland,2022-12-17
6511,Ava Carter,Retail,Immediate,In-Store,Salem,2025-06-03
6512,Daniel Williams,Retail,Immediate,In-Store,Portland,2024-07-24
6513,Ethan Smith,Retail,Immediate,In-Store,Portland,2022-06-06
6514,Lucas Wilson,Retail,Immediate,In-Store, portland,2024-10-21
6515,NOAH NGUYEN ,Retail,Immediate,In-Store,Portland,2024-02-29
6516,Andrew Taylor,Retail,Immediate,In-Store,Portland,2022-11-13
6517,Robert Smith,Retail,Immediate,In-Store,Portland,2023-12-11
6518,Robert Miller,Retail,Immediate,In-Store,Beaverton,2022-12-07
6519,Sarah Nelson,Retail,Immediate,In-Store, portland,2024-05-07
6520,AVA LEE ,Retail,Immediate,In-Store,Beaverton,2024-06-29
6521,WILLIAM GARCIA ,Retail,Immediate,In-Store,Salem,2024-09-29
6522,OLIVIA JOHNSON ,Retail,Immediate,In-Store,Beaverton,2023-06-17
6523,MASON DAVIS ,Retail,Immediate,In-Store,Bend,2022-06-17
6524,Sarah Wilson,Retail,Immediate,In-Store,Gresham,2024-06-03
6525,Chloe Patel,Retail,Immediate,In-Store, beaverton,2025-12-16
6526,Emily Lee,Retail,Immediate,In-Store,Portland,2025-06-09
6527,Christopher Carter,Retail,Immediate,In-Store,Portland,2025-05-27
6528,Sarah Kim,Retail,Immediate,In-Store,Portland,2025-05-13
6529,Daniel Davis,Retail,Immediate,In-Store,Portland,2022-09-06
6530,Robert Johnson,Retail,Immediate,In-Store,Portland,2024-08-05
6531,Ella Johnson,Retail,Immediate,In-Store,Salem,2025-03-06
6532,ANDREW WILLIAMS ,Retail,Immediate,In-Store,Portland,2024-12-02
6533,Ethan Lee,Retail,Immediate,In-Store,Portland,2022-02-01
6534,DAVID NELSON ,Retail,Immediate,In-Store,Portland,2023-10-01
6535,AVA MARTIN ,Retail,Immediate,In-Store,Portland,2022-10-12
6536,Emily Brown,Retail,Immediate,In-Store,Lake Oswego,2022-03-06
6537,Madison Jones,Retail,Immediate,In-Store,Portland,2025-01-01
6538,Daniel Patel,Retail,Immediate,In-Store,Beaverton,2022-06-25
6539,Isabella Nguyen,Retail,Immediate,In-Store, salem,2025-01-04
6540,CHRISTOPHER MARTIN ,Retail,Immediate,In-Store,Portland,2023-06-14
6541,Chloe Williams,Retail,Immediate,In-Store,Corvallis,2023-01-17
6542,Christopher Davis,Retail,Immediate,In-Store,Portland,2023-04-24
6543,Andrew Wilson,Retail,Immediate,In-Store,Portland,2024-04-17
6544,Ava Kim,Retail,Immediate,In-Store,Hillsboro,2024-04-30
6545,Daniel Brown,Retail,Immediate,In-Store,Salem,2024-02-27
6546,James Patel,Retail,Immediate,In-Store,Portland,2023-06-05
6547,Ava Lee,Retail,Immediate,In-Store, hillsboro,2022-02-22
6548,Robert Nguyen,Retail,Immediate,In-Store,Portland,2022-08-25
6549,James Thomas,Retail,Immediate,In-Store,Portland,2024-09-30
6550,Olivia Brown,Retail,Immediate,In-Store,Portland,2022-03-21
6551,Mason Moore,Retail,Immediate,In-Store,Portland,2022-10-01
6552,David Carter,Retail,Immediate,In-Store,Salem,2025-03-27
6553,Sophia Kim,Retail,Immediate,In-Store,Portland,2024-02-11
6554,GRACE WILSON ,Retail,Immediate,In-Store,Portland,2023-10-17
6555,Robert Jones,Retail,Immediate,In-Store, beaverton,2022-06-09
6556,James Brown,Retail,Immediate,In-Store,Portland,2024-03-22
6557,Chloe Nguyen,Retail,Immediate,In-Store,Gresham,2022-06-28
6558,EMILY WILSON ,Retail,Immediate,In-Store,Beaverton,2023-10-19
6559,James Johnson,Retail,Immediate,In-Store,Eugene,2022-01-01
6560,Ella Anderson,Retail,Immediate,In-Store,Portland,2025-04-05
6561,Emily Patel,Retail,Immediate,In-Store,Portland,2024-01-10
6562,Grace Taylor,Retail,Immediate,In-Store,Portland,2023-04-23
6563,Madison Nguyen,Retail,Immediate,In-Store,Portland,2025-03-29
6564,Mason Patel,Retail,Immediate,In-Store,Portland,2024-10-20
6565,Ashley Williams,Retail,Immediate,In-Store,Beaverton,2024-08-15
6566,James Smith,Retail,Immediate,In-Store,Corvallis,2024-07-23
6567,Mia Kim,Retail,Immediate,In-Store,Beaverton,2023-02-15
6568,Madison Nguyen,Retail,Immediate,In-Store,Bend,2025-05-18
6569,Isabella Thomas,Retail,Immediate,In-Store,Hillsboro,2022-01-28
6570,Chloe Johnson,Retail,Immediate,In-Store,Hillsboro,2023-12-16
6571,Isabella Wilson,Retail,Immediate,In-Store,Portland,2024-07-25
6572,Liam Anderson,Retail,Immediate,In-Store,Beaverton,2024-12-23
6573,Andrew Smith,Retail,Immediate,In-Store,Portland,2022-09-23
6574,Matthew Patel,Retail,Immediate,In-Store,Portland,2023-06-26
6575,Hannah Thomas,Retail,Immediate,In-Store,Eugene,2024-01-23
6576,ISABELLA TAYLOR ,Retail,Immediate,In-Store, portland,2025-05-02
6577,JOSEPH MILLER ,Retail,Immediate,In-Store,Eugene,2022-01-20
6578,Sarah Martin,Retail,Immediate,In-Store,Salem,2025-12-30
6579,Noah Miller,Retail,Immediate,In-Store,Corvallis,2025-04-19
6580,Grace Martin,Retail,Immediate,In-Store,Portland,2023-09-23
6581,David Miller,Retail,Immediate,In-Store,Salem,2024-05-11
6582,Grace Thomas,Retail,Immediate,In-Store,Portland,2024-03-09
6583,Noah Williams,Retail,Immediate,In-Store, portland,2023-10-17
6584,Matthew Kim,Retail,Immediate,In-Store,Beaverton,2022-02-25
6585,Christopher Jones,Retail,Immediate,In-Store,Beaverton,2023-04-26
6586,Ava Wilson,Retail,Immediate,In-Store,Portland,2025-04-06
6587,Madison Smith,Retail,Immediate,In-Store,Portland,2024-10-03
6588,GRACE TAYLOR ,Retail,Immediate,In-Store,Beaverton,2022-05-13
6589,Andrew Lee,Retail,Immediate,In-Store,Portland,2023-05-10
6590,Ashley Wilson,Retail,Immediate,In-Store,Eugene,2022-07-18
6591,Emma Nelson,Retail,Immediate,In-Store,Portland,2025-12-22
6592,Sophia Martin,Retail,Immediate,In-Store,Portland,2025-05-03
6593,Liam Kim,Retail,Immediate,In-Store,Portland,2025-07-21
6594,Ella Anderson,Retail,Immediate,In-Store,Lake Oswego,2022-03-05
6595,MIA KIM ,Retail,Immediate,In-Store,Portland,2025-12-27
6596,Andrew Smith,Retail,Immediate,In-Store,Portland,2023-11-25
6597,Liam Kim,Retail,Immediate,In-Store,Portland,2022-04-17
6598,Liam Thomas,Retail,Immediate,In-Store,Portland,2022-10-05
6599,Noah Miller,Retail,Immediate,In-Store,Vancouver,2022-12-02
6600,Sarah Miller,Retail,Immediate,In-Store,Beaverton,2023-12-06
6601,Sophia Garcia,Retail,Immediate,In-Store,Portland,2023-03-10
6602,Ella Kim,Retail,Immediate,In-Store,Portland,2025-05-08
6603,Michael Anderson,Retail,Immediate,In-Store,Portland,2024-11-07
6604,Michael Anderson,Retail,Immediate,In-Store,Portland,2022-03-22
6605,Emma Patel,Retail,Immediate,In-Store,Portland,2022-02-15
6606,Robert Johnson,Retail,Immediate,In-Store,Portland,2023-12-29
6607,Madison Johnson,Retail,Immediate,In-Store, portland,2024-08-13
6608,Ethan Williams,Retail,Immediate,In-Store,Hillsboro,2025-06-26
6609,Olivia Wilson,Retail,Immediate,In-Store, portland,2025-05-02
6610,Ashley Williams,Retail,Immediate,In-Store,Portland,2022-08-11
6611,Hannah Taylor,Retail,Immediate,In-Store,Portland,2023-12-11
6612,Jessica Johnson,Retail,Immediate,In-Store, hillsboro,2025-12-12
6613,Christopher Garcia,Retail,Immediate,In-Store,Portland,2024-09-05
6614,Grace Miller,Retail,Immediate,In-Store, portland,2023-01-18
6615,Ella Davis,Retail,Immediate,In-Store,Portland,2022-01-24
6616,David Kim,Retail,Immediate,In-Store,Portland,2025-11-26
6617,Christopher Moore,Retail,Immediate,In-Store,Hillsboro,2023-01-19
6618,Liam Wilson,Retail,Immediate,In-Store, vancouver,2025-05-12
6619,Liam Davis,Retail,Immediate,In-Store,Portland,2024-02-15
6620,Ethan Nguyen,Retail,Immediate,In-Store,Vancouver,2023-09-18
6621,Grace Moore,Retail,Immediate,In-Store,Hillsboro,2022-03-17
6622,DANIEL LEE ,Retail,Immediate,In-Store,Lake Oswego,2023-03-22
6623,Matthew Johnson,Retail,Immediate,In-Store,Hillsboro,2025-02-22
6624,Sarah Patel,Retail,Immediate,In-Store,Hillsboro,2024-05-22
6625,Grace Carter,Retail,Immediate,In-Store,Portland,2023-06-10
6626,Liam Davis,Retail,Immediate,In-Store,Eugene,2024-08-05
6627,DAVID LEE ,Retail,Immediate,In-Store,Corvallis,2024-07-21
6628,Ella Patel,Retail,Immediate,In-Store,Hillsboro,2024-03-06
6629,Mason Carter,Retail,Immediate,In-Store,Portland,2022-06-20
6630,Christopher Taylor,Retail,Immediate,In-Store,Salem,2025-08-05
6631,Christopher Nguyen,Retail,Immediate,In-Store,Hillsboro,2022-06-05
6632,Noah Anderson,Retail,Immediate,In-Store,Vancouver,2022-06-10
6633,Emma Brown,Retail,Immediate,In-Store,Portland,2025-05-21
6634,Andrew Nguyen,Retail,Immediate,In-Store,Gresham,2025-11-17
6635,Matthew Martin,Retail,Immediate,In-Store,Seattle,2023-03-29
6636,Andrew Jones,Retail,Immediate,In-Store,Hillsboro,2025-09-05
6637,WILLIAM KIM ,Retail,Immediate,In-Store,Portland,2025-01-08
6638,Hannah Thomas,Retail,Immediate,In-Store,Beaverton,2022-03-13
6639,DANIEL DAVIS ,Retail,Immediate,In-Store,Seattle,2023-12-19
6640,CHRISTOPHER MARTIN ,Retail,Immediate,In-Store,Corvallis,2025-08-31
6641,Mason Nguyen,Retail,Immediate,In-Store,Beaverton,2024-07-29
6642,James Nelson,Retail,Immediate,In-Store,Portland,2025-06-25
6643,Jessica Williams,Retail,Immediate,In-Store,Lake Oswego,2025-05-04
6644,Daniel Anderson,Retail,Immediate,In-Store,Portland,2025-12-27
6645,Madison Brown,Retail,Immediate,In-Store,Portland,2024-12-18
6646,Madison Lee,Retail,Immediate,In-Store,Portland,2024-03-27
6647,Andrew Garcia,Retail,Immediate,In-Store,Portland,2024-07-08
6648,WILLIAM NGUYEN ,Retail,Immediate,In-Store,Portland,2023-04-16
6649,Lucas Nguyen,Retail,Immediate,In-Store,Tigard,2023-03-24
6650,Noah Nguyen,Retail,Immediate,In-Store,Portland,2022-06-01
6651,Ella Miller,Retail,Immediate,In-Store,Portland,2023-12-31
6652,Michael Nelson,Retail,Immediate,In-Store,Bend,2025-01-22
6653,Ethan Lee,Retail,Immediate,In-Store,Portland,2025-11-30
6654,Ethan Jones,Retail,Immediate,In-Store,Portland,2025-08-03
6655,Emily Smith,Retail,Immediate,In-Store,Portland,2024-05-30
6656,Emma Thomas,Retail,Immediate,In-Store,Portland,2023-11-06
6657,Emily Thomas,Retail,Immediate,In-Store,Portland,2024-12-28
6658,Ella Lee,Retail,Immediate,In-Store,Salem,2025-07-10
6659,Isabella Kim,Retail,Immediate,In-Store,Tigard,2025-07-18
6660,Joseph Smith,Retail,Immediate,In-Store,Hillsboro,2024-04-11
6661,Matthew Nelson,Retail,Immediate,In-Store,Beaverton,2023-08-20
6662,Chloe Lee,Retail,Immediate,In-Store,Vancouver,2022-03-21
6663,Noah Thomas,Retail,Immediate,In-Store,Beaverton,2025-02-09
6664,Christopher Williams,Retail,Immediate,In-Store,Portland,2022-05-17
6665,Olivia Patel,Retail,Immediate,In-Store,Portland,2024-11-11
6666,Jessica Wilson,Retail,Immediate,In-Store,Portland,2022-07-05
6667,Isabella Martin,Retail,Immediate,In-Store,Portland,2023-07-25
6668,Grace Smith,Retail,Immediate,In-Store,Portland,2023-10-21
6669,Olivia Moore,Retail,Immediate,In-Store,Portland,2025-09-19
6670,Olivia Taylor,Retail,Immediate,In-Store,Beaverton,2025-06-22
6671,Hannah Thomas,Retail,Immediate,In-Store,Portland,2023-04-26
6672,Sophia Nelson,Retail,Immediate,In-Store,Tigard,2025-06-09
6673,Ashley Miller,Retail,Immediate,In-Store,Portland,2024-04-28
6674,Ashley Smith,Retail,Immediate,In-Store,Portland,2023-04-08
6675,Liam Nguyen,Retail,Immediate,In-Store, portland,2022-11-28
6676,Isabella Smith,Retail,Immediate,In-Store,Portland,2024-06-08
6677,Jessica Jones,Retail,Immediate,In-Store,Beaverton,2024-03-02
6678,Hannah Anderson,Retail,Immediate,In-Store,Portland,2025-10-29
6679,Liam Smith,Retail,Immediate,In-Store,Portland,2023-02-28
6680,Mason Patel,Retail,Immediate,In-Store,Hillsboro,2023-06-26
6681,Emma Kim,Retail,Immediate,In-Store, portland,2023-02-07
6682,Daniel Smith,Retail,Immediate,In-Store,Vancouver,2023-09-08
6683,ISABELLA JONES ,Retail,Immediate,In-Store,Portland,2022-03-08
6684,GRACE GARCIA ,Retail,Immediate,In-Store,Portland,2022-07-04
6685,SOPHIA BROWN ,Retail,Immediate,In-Store,Seattle,2023-08-07
6686,Olivia Lee,Retail,Immediate,In-Store, bend,2023-10-05
6687,Grace Patel,Retail,Immediate,In-Store,Corvallis,2025-09-08
6688,Liam Miller,Retail,Immediate,In-Store,Portland,2024-04-18
6689,William Jones,Retail,Immediate,In-Store, hillsboro,2024-07-06
6690,Ella Johnson,Retail,Immediate,In-Store,Eugene,2022-07-24
6691,Mason Taylor,Retail,Immediate,In-Store,Portland,2024-07-07
6692,Sarah Brown,Retail,Immediate,In-Store,Portland,2025-07-06
6693,William Lee,Retail,Immediate,In-Store,Portland,2024-06-02
6694,Ethan Jones,Retail,Immediate,In-Store,Portland,2023-12-02
6695,ISABELLA JOHNSON ,Retail,Immediate,In-Store,Tigard,2023-06-21
6696,Jessica Smith,Retail,Immediate,In-Store, bend,2022-08-18
6697,James Jones,Retail,Immediate,In-Store,Corvallis,2022-11-13
6698,Michael Lee,Retail,Immediate,In-Store,Hillsboro,2022-07-13
6699,Noah Miller,Retail,Immediate,In-Store,Salem,2023-08-20
6700,Isabella Brown,Retail,Immediate,In-Store,Salem,2025-10-01
6701,Mia Williams,Retail,Immediate,In-Store,Gresham,2025-06-07
6702,Sarah Martin,Retail,Immediate,In-Store,Portland,2022-11-26
6703,Sarah Wilson,Retail,Immediate,In-Store,Hillsboro,2025-06-18
6704,Christopher Wilson,Retail,Immediate,In-Store,Salem,2022-09-29
6705,Michael Taylor,Retail,Immediate,In-Store,Eugene,2025-04-02
6706,Sarah Jones,Retail,Immediate,In-Store, portland,2025-08-01
6707,Noah Taylor,Retail,Immediate,In-Store,Corvallis,2022-10-20
6708,JAMES SMITH ,Retail,Immediate,In-Store,Portland,2024-09-15
6709,MICHAEL NGUYEN ,Retail,Immediate,In-Store,Beaverton,2025-02-17
6710,ETHAN KIM ,Retail,Immediate,In-Store,Tigard,2022-06-19
6711,Madison Nguyen,Retail,Immediate,In-Store,Portland,2022-12-05
6712,Ella Patel,Retail,Immediate,In-Store,Portland,2023-11-01
6713,Chloe Kim,Retail,Immediate,In-Store,Beaverton,2025-07-07
6714,CHRISTOPHER MOORE ,Retail,Immediate,In-Store, tigard,2023-10-18
6715,LIAM BROWN ,Retail,Immediate,In-Store, portland,2024-09-25
6716,Liam Anderson,Retail,Immediate,In-Store,Portland,2025-11-08
6717,Mia Moore,Retail,Immediate,In-Store, salem,2024-07-21
6718,ISABELLA SMITH ,Retail,Immediate,In-Store,Vancouver,2022-04-30
6719,Jessica Lee,Retail,Immediate,In-Store,Portland,2024-12-12
6720,Ella Patel,Retail,Immediate,In-Store,Hillsboro,2024-09-29
6721,Ashley Martin,Retail,Immediate,In-Store,Portland,2023-03-20
6722,Christopher Miller,Retail,Immediate,In-Store,Portland,2023-08-19
6723,Ashley Brown,Retail,Immediate,In-Store, portland,2023-10-25
6724,JAMES LEE ,Retail,Immediate,In-Store,Portland,2022-02-03
6725,ROBERT JOHNSON ,Retail,Immediate,In-Store,Portland,2025-05-29
6726,Ethan Martin,Retail,Immediate,In-Store,Bend,2023-01-23
6727,Mason Kim,Retail,Immediate,In-Store,Portland,2024-02-27
6728,Matthew Kim,Retail,Immediate,In-Store,Eugene,2025-04-25
6729,Joseph Smith,Retail,Immediate,In-Store,Vancouver,2024-07-04
6730,Hannah Kim,Retail,Immediate,In-Store,Portland,2022-02-25
6731,Ashley Smith,Retail,Immediate,In-Store,Portland,2024-01-28
6732,Isabella Martin,Retail,Immediate,In-Store,Portland,2025-10-04
6733,Christopher Nguyen,Retail,Immediate,In-Store,Vancouver,2023-05-08
6734,Emily Patel,Retail,Immediate,In-Store,Eugene,2025-04-05
6735,Ava Thomas,Retail,Immediate,In-Store,Portland,2025-10-23
6736,Sarah Johnson,Retail,Immediate,In-Store, eugene,2024-12-29
6737,Hannah Moore,Retail,Immediate,In-Store,Corvallis,2023-07-10
6738,Matthew Miller,Retail,Immediate,In-Store,Bend,2024-02-14
6739,Isabella Garcia,Retail,Immediate,In-Store,Vancouver,2022-02-23
6740,Emily Nguyen,Retail,Immediate,In-Store,Hillsboro,2022-09-10
6741,Madison Brown,Retail,Immediate,In-Store,Portland,2022-11-16
6742,Ava Smith,Retail,Immediate,In-Store,Portland,2025-06-25
6743,Emily Nelson,Retail,Immediate,In-Store,Portland,2024-02-29
6744,Ashley Thomas,Retail,Immediate,In-Store,Portland,2022-05-01
6745,Matthew Jones,Retail,Immediate,In-Store,Corvallis,2025-10-16
6746,David Kim,Retail,Immediate,In-Store,Portland,2024-06-15
6747,Noah Kim,Retail,Immediate,In-Store,Beaverton,2022-09-18
6748,Ashley Patel,Retail,Immediate,In-Store,Portland,2024-02-07
6749,Ava Patel,Retail,Immediate,In-Store,Portland,2024-10-31
6750,James Johnson,Retail,Immediate,In-Store,Eugene,2022-05-30
6751,ASHLEY GARCIA ,Retail,Immediate,In-Store,Portland,2022-04-17
6752,Liam Carter,Retail,Immediate,In-Store,Portland,2023-12-31
6753,Mia Brown,Retail,Immediate,In-Store,Portland,2024-09-22
6754,Ashley Davis,Retail,Immediate,In-Store,Salem,2024-09-10
6755,Ashley Wilson,Retail,Immediate,In-Store,Portland,2022-04-20
6756,Andrew Patel,Retail,Immediate,In-Store,Hillsboro,2023-01-22
6757,Olivia Smith,Retail,Immediate,In-Store, portland,2022-12-25
6758,Hannah Nguyen,Retail,Immediate,In-Store,Portland,2024-04-28
6759,ELLA BROWN ,Retail,Immediate,In-Store,Portland,2025-06-10
6760,Mason Patel,Retail,Immediate,In-Store,Hillsboro,2025-09-30
6761,Hannah Taylor,Retail,Immediate,In-Store,Bend,2022-07-24
6762,Mason Anderson,Retail,Immediate,In-Store,Eugene,2025-11-14
6763,CHRISTOPHER KIM ,Retail,Immediate,In-Store,Tigard,2023-03-26
6764,HANNAH ANDERSON ,Retail,Immediate,In-Store,Portland,2022-03-18
6765,Grace Martin,Retail,Immediate,In-Store,Seattle,2022-11-28
6766,Hannah Nelson,Retail,Immediate,In-Store,Portland,2024-08-31
6767,Isabella Martin,Retail,Immediate,In-Store,Lake Oswego,2025-12-05
6768,Michael Taylor,Retail,Immediate,In-Store, hillsboro,2022-11-22
6769,Madison Nelson,Retail,Immediate,In-Store,Hillsboro,2022-10-24
6770,ROBERT MILLER ,Retail,Immediate,In-Store,Portland,2025-10-15
6771,JESSICA MILLER ,Retail,Immediate,In-Store,Portland,2025-05-30
6772,Mason Garcia,Retail,Immediate,In-Store,Portland,2024-08-25
6773,William Martin,Retail,Immediate,In-Store,Portland,2025-11-30
6774,Lucas Brown,Retail,Immediate,In-Store,Tigard,2023-06-04
6775,James Wilson,Retail,Immediate,In-Store,Eugene,2023-12-09
6776,Emily Nguyen,Retail,Immediate,In-Store,Portland,2024-06-01
6777,Noah Kim,Retail,Immediate,In-Store,Hillsboro,2024-06-28
6778,JESSICA GARCIA ,Retail,Immediate,In-Store,Eugene,2022-09-17
6779,Sophia Johnson,Retail,Immediate,In-Store,Lake Oswego,2024-11-25
6780,Chloe Patel,Retail,Immediate,In-Store,Salem,2022-07-16
6781,Christopher Williams,Retail,Immediate,In-Store,Beaverton,2022-03-21
6782,GRACE SMITH ,Retail,Immediate,In-Store,Gresham,2022-10-22
6783,Liam Thomas,Retail,Immediate,In-Store,Portland,2024-04-02
6784,Chloe Patel,Retail,Immediate,In-Store,Beaverton,2024-03-02
6785,Olivia Lee,Retail,Immediate,In-Store,Portland,2024-04-09
6786,Grace Lee,Retail,Immediate,In-Store,Portland,2022-11-17
6787,Isabella Thomas,Retail,Immediate,In-Store,Portland,2022-09-05
6788,Ashley Jones,Retail,Immediate,In-Store,Portland,2025-09-29
6789,Chloe Miller,Retail,Immediate,In-Store,Portland,2025-03-20
6790,CHRISTOPHER JOHNSON ,Retail,Immediate,In-Store,Salem,2024-06-20
6791,James Jones,Retail,Immediate,In-Store,Portland,2023-11-17
6792,Andrew Thomas,Retail,Immediate,In-Store,Corvallis,2023-11-02
6793,Joseph Smith,Retail,Immediate,In-Store,Vancouver,2025-10-29
6794,Mason Carter,Retail,Immediate,In-Store,Salem,2025-05-28
6795,Grace Garcia,Retail,Immediate,In-Store,Vancouver,2024-05-18
6796,David Williams,Retail,Immediate,In-Store,Gresham,2023-07-30
6797,Madison Williams,Retail,Immediate,In-Store,Portland,2022-03-29
6798,Michael Jones,Retail,Immediate,In-Store,Portland,2025-08-03
6799,Joseph Moore,Retail,Immediate,In-Store,Portland,2023-02-06
6800,Emily Thomas,Retail,Immediate,In-Store,Portland,2022-08-17
6801,MATTHEW PATEL ,Retail,Immediate,In-Store,Portland,2023-04-09
6802,Emily Smith,Retail,Immediate,In-Store, corvallis,2025-10-06
6803,Andrew Taylor,Retail,Immediate,In-Store, beaverton,2023-02-24
6804,Ava Patel,Retail,Immediate,In-Store,Portland,2024-04-12
6805,Matthew Kim,Retail,Immediate,In-Store,Portland,2024-04-06
6806,Lucas Wilson,Retail,Immediate,In-Store,Corvallis,2023-05-05
6807,Ella Wilson,Retail,Immediate,In-Store, portland,2024-03-31
6808,NOAH THOMAS ,Retail,Immediate,In-Store,Tigard,2023-12-10
6809,Ava Thomas,Retail,Immediate,In-Store,Portland,2022-11-11
6810,Chloe Brown,Retail,Immediate,In-Store,Eugene,2022-01-14
6811,Emma Taylor,Retail,Immediate,In-Store,Portland,2023-05-09
6812,Sarah Garcia,Retail,Immediate,In-Store,Seattle,2022-09-17
6813,Jessica Jones,Retail,Immediate,In-Store,Gresham,2022-12-23
6814,Mia Moore,Retail,Immediate,In-Store,Gresham,2024-08-12
6815,Lucas Miller,Retail,Immediate,In-Store,Portland,2022-05-28
6816,Michael Johnson,Retail,Immediate,In-Store,Gresham,2024-05-23
6817,Mia Garcia,Retail,Immediate,In-Store,Salem,2023-04-29
6818,Ava Lee,Retail,Immediate,In-Store,Corvallis,2022-09-22
6819,Emma Jones,Retail,Immediate,In-Store,Salem,2022-08-31
6820,Andrew Kim,Retail,Immediate,In-Store,Gresham,2022-12-22
6821,Grace Jones,Retail,Immediate,In-Store,Hillsboro,2023-06-27
6822,Christopher Garcia,Retail,Immediate,In-Store,Portland,2022-03-28
6823,Matthew Brown,Retail,Immediate,In-Store,Portland,2022-08-14
6824,Ethan Martin,Retail,Immediate,In-Store, seattle,2024-05-17
6825,Andrew Brown,Retail,Immediate,In-Store,Portland,2023-09-20
6826,James Wilson,Retail,Immediate,In-Store,Portland,2024-12-27
6827,ISABELLA BROWN ,Retail,Immediate,In-Store,Portland,2025-08-20
6828,HANNAH MARTIN ,Retail,Immediate,In-Store,Gresham,2024-08-18
6829,William Miller,Retail,Immediate,In-Store,Portland,2023-05-22
6830,ROBERT WILSON ,Retail,Immediate,In-Store,Seattle,2025-10-05
6831,Emma Patel,Retail,Immediate,In-Store,Portland,2023-10-29
6832,MADISON MILLER ,Retail,Immediate,In-Store,Lake Oswego,2024-03-09
6833,Andrew Martin,Retail,Immediate,In-Store,Portland,2024-12-04
6834,Daniel Williams,Retail,Immediate,In-Store,Portland,2023-11-24
6835,AVA CARTER ,Retail,Immediate,In-Store,Gresham,2022-11-17
6836,Madison Brown,Retail,Immediate,In-Store,Beaverton,2023-10-15
6837,Isabella Jones,Retail,Immediate,In-Store,Portland,2024-06-27
6838,EMMA BROWN ,Retail,Immediate,In-Store,Seattle,2023-11-25
6839,ISABELLA GARCIA ,Retail,Immediate,In-Store,Portland,2022-11-06
6840,Mia Johnson,Retail,Immediate,In-Store, portland,2025-02-16
6841,JESSICA KIM ,Retail,Immediate,In-Store,Portland,2022-07-13
6842,Christopher Moore,Retail,Immediate,In-Store,Bend,2022-05-08
6843,Noah Miller,Retail,Immediate,In-Store,Salem,2024-01-05
6844,Sarah Garcia,Retail,Immediate,In-Store,Hillsboro,2025-05-21
6845,James Thomas,Retail,Immediate,In-Store,Beaverton,2022-04-16
6846,Grace Brown,Retail,Immediate,In-Store,Hillsboro,2024-08-29
6847,Hannah Taylor,Retail,Immediate,In-Store, portland,2022-04-04
6848,David Moore,Retail,Immediate,In-Store,Gresham,2022-12-26
6849,Lucas Kim,Retail,Immediate,In-Store,Eugene,2023-04-28
6850,William Davis,Retail,Immediate,In-Store,Portland,2022-09-02
6851,Madison Garcia,Retail,Immediate,In-Store,Portland,2022-12-20
6852,Hannah Garcia,Retail,Immediate,In-Store,Eugene,2023-12-01
6853,Ava Brown,Retail,Immediate,In-Store,Portland,2025-11-06
6854,Ella Anderson,Retail,Immediate,In-Store,Eugene,2023-10-17
6855,Andrew Anderson,Retail,Immediate,In-Store,Portland,2023-07-17
6856,Ava Thomas,Retail,Immediate,In-Store,Hillsboro,2023-05-31
6857,Andrew Carter,Retail,Immediate,In-Store,Gresham,2022-02-05
6858,Sophia Moore,Retail,Immediate,In-Store,Portland,2024-05-25
6859,Andrew Anderson,Retail,Immediate,In-Store,Beaverton,2025-10-30
6860,Joseph Thomas,Retail,Immediate,In-Store,Beaverton,2025-02-21
6861,Mia Nelson,Retail,Immediate,In-Store,Portland,2023-05-12
6862,Mason Davis,Retail,Immediate,In-Store,Eugene,2024-08-30
6863,David Lee,Retail,Immediate,In-Store,Portland,2022-10-30
6864,Michael Moore,Retail,Immediate,In-Store,Hillsboro,2023-12-18
6865,Sarah Smith,Retail,Immediate,In-Store,Salem,2023-02-08
6866,Ashley Smith,Retail,Immediate,In-Store,Gresham,2022-02-02
6867,DANIEL BROWN ,Retail,Immediate,In-Store,Portland,2025-08-11
6868,Joseph Moore,Retail,Immediate,In-Store,Portland,2023-01-14
6869,Matthew Johnson,Retail,Immediate,In-Store,Beaverton,2024-10-20
6870,SOPHIA NGUYEN ,Retail,Immediate,In-Store, beaverton,2025-05-09
6871,Isabella Smith,Retail,Immediate,In-Store, portland,2025-06-07
6872,Sarah Patel,Retail,Immediate,In-Store,Portland,2024-12-06
6873,Andrew Wilson,Retail,Immediate,In-Store,Portland,2025-02-12
6874,Emily Brown,Retail,Immediate,In-Store,Portland,2024-05-11
6875,Olivia Garcia,Retail,Immediate,In-Store, portland,2024-07-06
6876,Emma Brown,Retail,Immediate,In-Store,Portland,2023-09-19
6877,Christopher Wilson,Retail,Immediate,In-Store,Portland,2022-05-22
6878,Sarah Kim,Retail,Immediate,In-Store,Gresham,2022-04-10
6879,CHRISTOPHER NGUYEN ,Retail,Immediate,In-Store, portland,2023-01-20
6880,Olivia Miller,Retail,Immediate,In-Store,Portland,2025-04-23
6881,Ava Kim,Retail,Immediate,In-Store,Portland,2024-12-21
6882,ROBERT WILLIAMS ,Retail,Immediate,In-Store, hillsboro,2022-01-08
6883,Mia Carter,Retail,Immediate,In-Store,Vancouver,2022-04-25
6884,JOSEPH BROWN ,Retail,Immediate,In-Store,Gresham,2022-07-13
6885,Joseph Davis,Retail,Immediate,In-Store,Portland,2024-05-26
6886,MATTHEW TAYLOR ,Retail,Immediate,In-Store, beaverton,2022-12-27
6887,Madison Nelson,Retail,Immediate,In-Store,Portland,2024-09-24
6888,Ava Lee,Retail,Immediate,In-Store,Portland,2024-03-20
6889,Ethan Moore,Retail,Immediate,In-Store,Portland,2022-07-01
6890,Noah Davis,Retail,Immediate,In-Store,Tigard,2025-07-23
6891,Madison Lee,Retail,Immediate,In-Store,Gresham,2022-05-09
6892,LUCAS BROWN ,Retail,Immediate,In-Store,Portland,2022-06-08
6893,Sarah Wilson,Retail,Immediate,In-Store,Lake Oswego,2025-02-08
6894,David Nelson,Retail,Immediate,In-Store,Portland,2024-08-03
6895,Michael Anderson,Retail,Immediate,In-Store,Portland,2025-04-25
6896,Joseph Thomas,Retail,Immediate,In-Store,Corvallis,2023-04-24
6897,JOSEPH JONES ,Retail,Immediate,In-Store,Vancouver,2023-07-02
6898,Liam Moore,Retail,Immediate,In-Store,Lake Oswego,2025-12-31
6899,MADISON NGUYEN ,Retail,Immediate,In-Store,Eugene,2023-03-20
6900,Jessica Nguyen,Retail,Immediate,In-Store,Lake Oswego,2023-03-03
6901,EMMA DAVIS ,Retail,Immediate,In-Store,Portland,2024-01-05
6902,DANIEL GARCIA ,Retail,Immediate,In-Store, corvallis,2022-05-31
6903,Ella Smith,Retail,Immediate,In-Store,Tigard,2024-02-13
6904,Liam Davis,Retail,Immediate,In-Store,Vancouver,2022-11-14
6905,Hannah Garcia,Retail,Immediate,In-Store,Gresham,2024-11-13
6906,Hannah Moore,Retail,Immediate,In-Store,Vancouver,2022-09-08
6907,Sarah Taylor,Retail,Immediate,In-Store,Portland,2025-05-25
6908,Christopher Brown,Retail,Immediate,In-Store,Gresham,2024-11-01
6909,Liam Lee,Retail,Immediate,In-Store,Portland,2025-08-11
6910,Andrew Johnson,Retail,Immediate,In-Store,Portland,2024-08-20
6911,Chloe Thomas,Retail,Immediate,In-Store, vancouver,2025-11-20
6912,Lucas Anderson,Retail,Immediate,In-Store,Vancouver,2023-04-02
6913,DANIEL WILLIAMS ,Retail,Immediate,In-Store,Beaverton,2025-09-07
6914,Christopher Davis,Retail,Immediate,In-Store,Beaverton,2022-09-13
6915,Mason Davis,Retail,Immediate,In-Store,Portland,2022-12-17
6916,Christopher Lee,Retail,Immediate,In-Store,Tigard,2023-03-12
6917,Hannah Garcia,Retail,Immediate,In-Store,Hillsboro,2022-07-28
6918,Liam Williams,Retail,Immediate,In-Store,Portland,2023-02-11
6919,James Jones,Retail,Immediate,In-Store,Portland,2023-12-14
6920,Olivia Johnson,Retail,Immediate,In-Store,Portland,2025-01-14
6921,HANNAH NGUYEN ,Retail,Immediate,In-Store,Portland,2023-02-27
6922,DANIEL TAYLOR ,Retail,Immediate,In-Store,Salem,2025-11-09
6923,Lucas Davis,Retail,Immediate,In-Store,Gresham,2023-11-21
6924,Jessica Kim,Retail,Immediate,In-Store,Hillsboro,2025-10-18
6925,OLIVIA MOORE ,Retail,Immediate,In-Store,Portland,2022-03-29
6926,Ella Miller,Retail,Immediate,In-Store,Portland,2024-10-15
6927,Mia Miller,Retail,Immediate,In-Store,Portland,2022-11-02
6928,Ashley Carter,Retail,Immediate,In-Store,Beaverton,2025-12-04
6929,Daniel Nelson,Retail,Immediate,In-Store,Portland,2025-11-03
6930,William Smith,Retail,Immediate,In-Store,Portland,2024-09-02
6931,Matthew Miller,Retail,Immediate,In-Store,Portland,2025-04-11
6932,JAMES KIM ,Retail,Immediate,In-Store,Portland,2023-03-15
6933,Ava Moore,Retail,Immediate,In-Store,Lake Oswego,2022-03-03
6934,Ethan Johnson,Retail,Immediate,In-Store,Seattle,2025-04-16
6935,Lucas Anderson,Retail,Immediate,In-Store,Portland,2024-05-18
6936,Daniel Moore,Retail,Immediate,In-Store,Beaverton,2023-10-06
6937,Sophia Carter,Retail,Immediate,In-Store,Tigard,2024-07-11
6938,Madison Carter,Retail,Immediate,In-Store,Portland,2022-04-20
6939,Robert Williams,Retail,Immediate,In-Store,Gresham,2022-07-15
6940,Ella Carter,Retail,Immediate,In-Store,Portland,2023-09-23
6941,Robert Smith,Retail,Immediate,In-Store,Portland,2023-05-31
6942,Sarah Carter,Retail,Immediate,In-Store,Hillsboro,2025-12-04
6943,David Taylor,Retail,Immediate,In-Store, portland,2023-05-08
6944,Hannah Martin,Retail,Immediate,In-Store,Hillsboro,2024-11-16
6945,Michael Smith,Retail,Immediate,In-Store,Bend,2023-05-06
6946,Ella Kim,Retail,Immediate,In-Store,Beaverton,2022-06-19
6947,Emma Johnson,Retail,Immediate,In-Store,Gresham,2025-12-21
6948,David Carter,Retail,Immediate,In-Store,Portland,2023-06-23
6949,Daniel Johnson,Retail,Immediate,In-Store, vancouver,2022-02-15
6950,Hannah Martin,Retail,Immediate,In-Store,Portland,2022-02-20
6951,ELLA LEE ,Retail,Immediate,In-Store,Portland,2025-10-28
6952,Olivia Moore,Retail,Immediate,In-Store,Hillsboro,2023-10-25
6953,James Nelson,Retail,Immediate,In-Store,Portland,2024-10-03
6954,David Nelson,Retail,Immediate,In-Store,Eugene,2023-10-06
6955,Ava Jones,Retail,Immediate,In-Store,Portland,2025-01-11
6956,Noah Davis,Retail,Immediate,In-Store,Gresham,2025-02-01
6957,Andrew Carter,Retail,Immediate,In-Store,Portland,2024-11-03
6958,Ella Brown,Retail,Immediate,In-Store,Portland,2024-09-13
6959,Ethan Taylor,Retail,Immediate,In-Store,Hillsboro,2024-01-26
6960,Liam Wilson,Retail,Immediate,In-Store,Salem,2025-01-11
6961,Hannah Anderson,Retail,Immediate,In-Store,Portland,2024-04-19
6962,Joseph Taylor,Retail,Immediate,In-Store,Portland,2025-10-27
6963,Ethan Williams,Retail,Immediate,In-Store,Vancouver,2022-10-26
6964,Emma Kim,Retail,Immediate,In-Store, portland,2025-04-23
6965,Grace Jones,Retail,Immediate,In-Store,Portland,2024-09-07
6966,Ava Lee,Retail,Immediate,In-Store,Corvallis,2025-12-21
6967,Michael Smith,Retail,Immediate,In-Store,Beaverton,2022-12-24
6968,Olivia Wilson,Retail,Immediate,In-Store,Beaverton,2022-04-04
6969,Isabella Jones,Retail,Immediate,In-Store,Portland,2025-02-25
6970,ASHLEY WILSON ,Retail,Immediate,In-Store,Vancouver,2024-10-19
6971,Emily Lee,Retail,Immediate,In-Store,Portland,2024-01-07
6972,James Jones,Retail,Immediate,In-Store, portland,2023-10-23
6973,Sarah Garcia,Retail,Immediate,In-Store,Beaverton,2024-11-10
6974,Mia Patel,Retail,Immediate,In-Store,Vancouver,2022-12-14
6975,Matthew Miller,Retail,Immediate,In-Store,Vancouver,2022-01-26
6976,LIAM MILLER ,Retail,Immediate,In-Store,Portland,2022-06-23
6977,William Carter,Retail,Immediate,In-Store,Portland,2024-10-09
6978,Grace Brown,Retail,Immediate,In-Store,Portland,2023-04-29
6979,LIAM WILSON ,Retail,Immediate,In-Store,Gresham,2023-01-29
6980,Madison Anderson,Retail,Immediate,In-Store,Portland,2025-07-01
6981,Emily Carter,Retail,Immediate,In-Store,Portland,2022-08-01
6982,JAMES PATEL ,Retail,Immediate,In-Store,Portland,2024-06-22
6983,Mia Carter,Retail,Immediate,In-Store,Portland,2022-06-07
6984,Grace Moore,Retail,Immediate,In-Store,Eugene,2025-08-01
6985,William Lee,Retail,Immediate,In-Store,Beaverton,2022-07-26
6986,Joseph Garcia,Retail,Immediate,In-Store,Hillsboro,2022-12-01
6987,Lucas Lee,Retail,Immediate,In-Store,Vancouver,2022-04-23
6988,Emily Smith,Retail,Immediate,In-Store, seattle,2024-03-23
6989,Ella Williams,Retail,Immediate,In-Store,Corvallis,2024-09-02
6990,Olivia Kim,Retail,Immediate,In-Store,Portland,2024-11-12
6991,James Patel,Retail,Immediate,In-Store, portland,2022-01-31
6992,HANNAH MOORE ,Retail,Immediate,In-Store,Portland,2024-01-06
6993,Ethan Lee,Retail,Immediate,In-Store,Portland,2023-10-19
6994,Mason Jones,Retail,Immediate,In-Store,Corvallis,2025-02-20
6995,EMILY ANDERSON ,Retail,Immediate,In-Store,Portland,2023-04-20
6996,Mia Carter,Retail,Immediate,In-Store,Portland,2024-02-27
6997,Hannah Moore,Retail,Immediate,In-Store,Portland,2022-03-03
6998,Emily Lee,Retail,Immediate,In-Store,Beaverton,2022-08-22
6999,ETHAN SMITH ,Retail,Immediate,In-Store,Corvallis,2022-12-04
7000,Sarah Thomas,Retail,Immediate,In-Store,Tigard,2025-12-25
7001,William Davis,Retail,Immediate,In-Store,Portland,2023-08-15
7002,Daniel Nguyen,Retail,Immediate,In-Store,Gresham,2023-07-10
7003,Emma Smith,Retail,Immediate,In-Store,Portland,2022-01-24
7004,Emily Johnson,Retail,Immediate,In-Store,Vancouver,2025-06-02
7005,Christopher Nelson,Retail,Immediate,In-Store,Portland,2022-06-22
7006,Matthew Johnson,Retail,Immediate,In-Store, corvallis,2023-01-31
7007,Andrew Lee,Retail,Immediate,In-Store,Hillsboro,2025-09-25
7008,James Thomas,Retail,Immediate,In-Store,Portland,2024-07-26
7009,Ethan Moore,Retail,Immediate,In-Store,Portland,2024-09-29
7010,CHLOE NELSON ,Retail,Immediate,In-Store, portland,2024-05-01
7011,Emily Kim,Retail,Immediate,In-Store,Hillsboro,2023-08-18
7012,Michael Davis,Retail,Immediate,In-Store,Portland,2023-10-18
7013,Michael Patel,Retail,Immediate,In-Store,Portland,2023-09-01
7014,Ella Patel,Retail,Immediate,In-Store,Portland,2023-11-14
7015,MIA JONES ,Retail,Immediate,In-Store,Salem,2024-09-27
7016,Chloe Nelson,Retail,Immediate,In-Store,Portland,2022-07-30
7017,Isabella Wilson,Retail,Immediate,In-Store,Portland,2022-03-01
7018,Jessica Davis,Retail,Immediate,In-Store,Hillsboro,2024-06-30
7019,Lucas Brown,Retail,Immediate,In-Store,Gresham,2023-01-10
7020,James Jones,Retail,Immediate,In-Store,Portland,2024-08-24
7021,Michael Kim,Retail,Immediate,In-Store,Portland,2024-05-05
7022,Ella Garcia,Retail,Immediate,In-Store, portland,2025-05-01
7023,Isabella Brown,Retail,Immediate,In-Store,Portland,2025-04-09
7024,Grace Lee,Retail,Immediate,In-Store,Beaverton,2025-02-21
7025,Emma Martin,Retail,Immediate,In-Store,Bend,2022-03-12
7026,Daniel Anderson,Retail,Immediate,In-Store,Portland,2023-02-07
7027,GRACE MARTIN ,Retail,Immediate,In-Store,Gresham,2025-05-20
7028,William Kim,Retail,Immediate,In-Store,Portland,2022-05-09
7029,Liam Davis,Retail,Immediate,In-Store,Vancouver,2023-04-25
7030,Emily Davis,Retail,Immediate,In-Store,Portland,2022-02-24
7031,Jessica Smith,Retail,Immediate,In-Store,Portland,2025-01-10
7032,Emily Nguyen,Retail,Immediate,In-Store, portland,2023-12-15
7033,Joseph Thomas,Retail,Immediate,In-Store,Portland,2024-04-03
7034,Isabella Martin,Retail,Immediate,In-Store,Tigard,2022-05-02
7035,Hannah Johnson,Retail,Immediate,In-Store,Portland,2023-09-02
7036,Lucas Nelson,Retail,Immediate,In-Store,Hillsboro,2024-09-10
7037,Lucas Jones,Retail,Immediate,In-Store,Gresham,2023-03-17
7038,Emily Williams,Retail,Immediate,In-Store,Gresham,2024-05-18
7039,Chloe Nguyen,Retail,Immediate,In-Store,Portland,2025-08-08
7040,Emily Kim,Retail,Immediate,In-Store,Portland,2025-06-03
7041,Emma Kim,Retail,Immediate,In-Store,Portland,2024-09-24
7042,Robert Miller,Retail,Immediate,In-Store,Hillsboro,2024-10-26
7043,Hannah Smith,Retail,Immediate,In-Store,Portland,2024-05-01
7044,Daniel Lee,Retail,Immediate,In-Store,Portland,2022-03-24
7045,Robert Davis,Retail,Immediate,In-Store, gresham,2024-02-25
7046,EMMA GARCIA ,Retail,Immediate,In-Store,Portland,2022-04-16
7047,Ava Smith,Retail,Immediate,In-Store,Beaverton,2025-06-15
7048,Mia Nguyen,Retail,Immediate,In-Store,Tigard,2022-09-15
7049,Isabella Moore,Retail,Immediate,In-Store, beaverton,2022-12-23
7050,Ella Nelson,Retail,Immediate,In-Store,Hillsboro,2025-04-14
7051,James Martin,Retail,Immediate,In-Store,Salem,2025-09-01
7052,Michael Wilson,Retail,Immediate,In-Store,Corvallis,2024-11-29
7053,Noah Garcia,Retail,Immediate,In-Store,Lake Oswego,2025-04-20
7054,Madison Smith,Retail,Immediate,In-Store,Salem,2025-02-25
7055,SARAH BROWN ,Retail,Immediate,In-Store,Seattle,2025-06-23
7056,Ethan Kim,Retail,Immediate,In-Store, salem,2023-12-15
7057,Mason Williams,Retail,Immediate,In-Store,Portland,2023-03-10
7058,Lucas Williams,Retail,Immediate,In-Store,Eugene,2024-09-07
7059,Hannah Williams,Retail,Immediate,In-Store,Portland,2024-06-14
7060,GRACE MOORE ,Retail,Immediate,In-Store,Portland,2023-06-07
7061,Ella Moore,Retail,Immediate,In-Store,Portland,2025-06-14
7062,Lucas Kim,Retail,Immediate,In-Store,Portland,2024-03-09
7063,David Kim,Retail,Immediate,In-Store,Gresham,2024-07-10
7064,NOAH JOHNSON ,Retail,Immediate,In-Store,Portland,2022-04-13
7065,Sophia Patel,Retail,Immediate,In-Store,Portland,2022-04-02
7066,Grace Anderson,Retail,Immediate,In-Store,Bend,2022-07-18
7067,Andrew Garcia,Retail,Immediate,In-Store,Portland,2022-09-04
7068,Sarah Williams,Retail,Immediate,In-Store,Salem,2023-11-14
7069,Ashley Wilson,Retail,Immediate,In-Store,Lake Oswego,2022-10-18
7070,Michael Nguyen,Retail,Immediate,In-Store, portland,2023-02-22
7071,Christopher Miller,Retail,Immediate,In-Store,Hillsboro,2025-05-26
7072,William Nelson,Retail,Immediate,In-Store, portland,2023-07-20
7073,Mason Johnson,Retail,Immediate,In-Store, portland,2022-04-22
7074,Ashley Nguyen,Retail,Immediate,In-Store, gresham,2022-07-04
7075,James Garcia,Retail,Immediate,In-Store,Salem,2022-10-23
7076,William Williams,Retail,Immediate,In-Store,Portland,2022-10-16
7077,JOSEPH THOMAS ,Retail,Immediate,In-Store,Eugene,2022-06-12
7078,James Johnson,Retail,Immediate,In-Store,Portland,2024-10-12
7079,Ethan Martin,Retail,Immediate,In-Store,Beaverton,2022-03-26
7080,ETHAN MILLER ,Retail,Immediate,In-Store,Eugene,2025-01-23
7081,Mason Carter,Retail,Immediate,In-Store, portland,2025-03-05
7082,Emily Kim,Retail,Immediate,In-Store,Beaverton,2024-01-05
7083,Sarah Anderson,Retail,Immediate,In-Store,Portland,2022-04-28
7084,Robert Garcia,Retail,Immediate,In-Store,Portland,2025-07-10
7085,Ava Davis,Retail,Immediate,In-Store,Portland,2025-12-31
7086,EMILY NELSON ,Retail,Immediate,In-Store,Gresham,2024-08-11
7087,EMMA NELSON ,Retail,Immediate,In-Store,Gresham,2025-10-26
7088,Madison Thomas,Retail,Immediate,In-Store, portland,2025-12-17
7089,Matthew Martin,Retail,Immediate,In-Store,Portland,2025-08-24
7090,Grace Smith,Retail,Immediate,In-Store,Portland,2024-07-24
7091,Emma Thomas,Retail,Immediate,In-Store,Lake Oswego,2023-07-13
7092,Lucas Wilson,Retail,Immediate,In-Store,Seattle,2024-07-05
7093,Isabella Smith,Retail,Immediate,In-Store,Portland,2024-02-05
7094,Grace Garcia,Retail,Immediate,In-Store,Vancouver,2024-05-23
7095,Mason Nguyen,Retail,Immediate,In-Store,Bend,2023-10-16
7096,Emily Kim,Retail,Immediate,In-Store,Portland,2024-02-14
7097,Madison Thomas,Retail,Immediate,In-Store,Eugene,2025-03-13
7098,Ava Johnson,Retail,Immediate,In-Store,Portland,2024-08-17
7099,Jessica Garcia,Retail,Immediate,In-Store,Portland,2023-01-03
7100,David Moore,Retail,Immediate,In-Store,Portland,2025-09-16
7101,WILLIAM CARTER ,Retail,Immediate,In-Store,Portland,2024-05-06
7102,Madison Davis,Retail,Immediate,In-Store,Salem,2025-06-16
7103,CHLOE LEE ,Retail,Immediate,In-Store,Vancouver,2022-12-25
7104,Madison Patel,Retail,Immediate,In-Store,Beaverton,2022-08-11
7105,ELLA JONES ,Retail,Immediate,In-Store,Portland,2022-12-26
7106,Sarah Kim,Retail,Immediate,In-Store,Portland,2023-04-05
7107,EMILY NELSON ,Retail,Immediate,In-Store,Portland,2022-03-22
7108,Chloe Johnson,Retail,Immediate,In-Store,Portland,2024-03-12
7109,ELLA WILLIAMS ,Retail,Immediate,In-Store,Eugene,2023-02-16
7110,Ava Smith,Retail,Immediate,In-Store,Portland,2024-03-25
7111,Ava Nelson,Retail,Immediate,In-Store,Portland,2022-09-28
7112,MADISON KIM ,Retail,Immediate,In-Store,Portland,2022-04-04
7113,Michael Davis,Retail,Immediate,In-Store,Portland,2025-11-12
7114,Ethan Martin,Retail,Immediate,In-Store,Portland,2022-08-17
7115,Daniel Johnson,Retail,Immediate,In-Store, hillsboro,2023-11-04
7116,AVA GARCIA ,Retail,Immediate,In-Store,Seattle,2022-02-11
7117,MASON JOHNSON ,Retail,Immediate,In-Store,Portland,2024-03-16
7118,SOPHIA MOORE ,Retail,Immediate,In-Store,Gresham,2025-06-09
7119,William Wilson,Retail,Immediate,In-Store, portland,2025-05-30
7120,Liam Nelson,Retail,Immediate,In-Store,Tigard,2024-11-02
7121,James Patel,Retail,Immediate,In-Store,Portland,2023-07-16
7122,Isabella Taylor,Retail,Immediate,In-Store,Eugene,2023-05-15
7123,William Thomas,Retail,Immediate,In-Store,Lake Oswego,2024-06-28
7124,Madison Carter,Retail,Immediate,In-Store,Portland,2022-11-01
7125,Ella Thomas,Retail,Immediate,In-Store,Portland,2022-06-28
7126,Isabella Jones,Retail,Immediate,In-Store,Beaverton,2023-09-29
7127,Michael Johnson,Retail,Immediate,In-Store,Portland,2022-12-15
7128,James Nelson,Retail,Immediate,In-Store,Beaverton,2022-12-23
7129,NOAH NELSON ,Retail,Immediate,In-Store,Portland,2024-09-14
7130,Ava Smith,Retail,Immediate,In-Store,Portland,2024-07-25
7131,Ashley Williams,Retail,Immediate,In-Store,Portland,2025-10-07
7132,Mia Martin,Retail,Immediate,In-Store, eugene,2022-03-28
7133,Ava Davis,Retail,Immediate,In-Store,Lake Oswego,2023-03-05
7134,Sophia Moore,Retail,Immediate,In-Store,Portland,2023-02-28
7135,MASON TAYLOR ,Retail,Immediate,In-Store, eugene,2022-12-15
7136,Matthew Moore,Retail,Immediate,In-Store,Salem,2022-10-18
7137,Grace Johnson,Retail,Immediate,In-Store,Portland,2024-06-20
7138,Noah Garcia,Retail,Immediate,In-Store,Seattle,2024-05-12
7139,Madison Johnson,Retail,Immediate,In-Store,Portland,2025-07-24
7140,Robert Taylor,Retail,Immediate,In-Store,Vancouver,2022-05-25
7141,LIAM JOHNSON ,Retail,Immediate,In-Store,Portland,2023-07-06
7142,William Patel,Retail,Immediate,In-Store, salem,2024-04-14
7143,ASHLEY SMITH ,Retail,Immediate,In-Store,Portland,2024-03-09
7144,Emma Wilson,Retail,Immediate,In-Store,Portland,2022-06-03
7145,Daniel Brown,Retail,Immediate,In-Store,Portland,2025-05-21
7146,Matthew Kim,Retail,Immediate,In-Store,Portland,2025-03-13
7147,Robert Martin,Retail,Immediate,In-Store,Portland,2023-06-13
7148,Robert Martin,Retail,Immediate,In-Store,Bend,2022-12-22
7149,Liam Williams,Retail,Immediate,In-Store,Vancouver,2025-02-11
7150,Robert Nguyen,Retail,Immediate,In-Store,Beaverton,2024-02-27
7151,NOAH THOMAS ,Retail,Immediate,In-Store,Portland,2023-08-31
7152,Noah Lee,Retail,Immediate,In-Store,Gresham,2023-01-28
7153,DANIEL NELSON ,Retail,Immediate,In-Store,Portland,2025-10-25
7154,Sophia Lee,Retail,Immediate,In-Store,Tigard,2025-02-23
7155,Andrew Taylor,Retail,Immediate,In-Store,Eugene,2025-08-26
7156,Ella Lee,Retail,Immediate,In-Store,Tigard,2022-01-29
7157,Hannah Miller,Retail,Immediate,In-Store, hillsboro,2023-12-25
7158,GRACE WILSON ,Retail,Immediate,In-Store,Portland,2024-12-31
7159,Robert Patel,Retail,Immediate,In-Store,Eugene,2023-07-07
7160,JAMES NELSON ,Retail,Immediate,In-Store,Corvallis,2024-03-16
7161,DANIEL THOMAS ,Retail,Immediate,In-Store,Beaverton,2024-04-14
7162,Jessica Brown,Retail,Immediate,In-Store, beaverton,2023-06-24
7163,Emily Smith,Retail,Immediate,In-Store,Portland,2025-10-08
7164,William Kim,Retail,Immediate,In-Store,Seattle,2024-03-10
7165,Liam Lee,Retail,Immediate,In-Store,Portland,2022-11-10
7166,Liam Carter,Retail,Immediate,In-Store,Portland,2023-01-22
7167,DAVID SMITH ,Retail,Immediate,In-Store,Salem,2025-11-30
7168,Sophia Lee,Retail,Immediate,In-Store,Portland,2022-08-08
7169,Emma Davis,Retail,Immediate,In-Store,Portland,2025-05-13
7170,Olivia Brown,Retail,Immediate,In-Store,Portland,2025-05-23
7171,Madison Patel,Retail,Immediate,In-Store,Vancouver,2023-03-06
7172,ASHLEY GARCIA ,Retail,Immediate,In-Store,Portland,2024-05-01
7173,Mia Thomas,Retail,Immediate,In-Store, hillsboro,2025-11-10
7174,Noah Nelson,Retail,Immediate,In-Store,Portland,2024-05-04
7175,Ashley Patel,Retail,Immediate,In-Store,Portland,2022-10-26
7176,Ava Nguyen,Retail,Immediate,In-Store,Vancouver,2022-10-01
7177,James Taylor,Retail,Immediate,In-Store,Corvallis,2023-07-24
7178,MICHAEL THOMAS ,Retail,Immediate,In-Store,Portland,2022-11-05
7179,Sarah Martin,Retail,Immediate,In-Store, portland,2023-04-17
7180,Mason Wilson,Retail,Immediate,In-Store,Portland,2024-09-30
7181,Ashley Nelson,Retail,Immediate,In-Store,Portland,2024-01-25
7182,Sarah Johnson,Retail,Immediate,In-Store,Portland,2023-03-01
7183,CHLOE LEE ,Retail,Immediate,In-Store,Portland,2025-03-01
7184,Grace Anderson,Retail,Immediate,In-Store,Beaverton,2022-08-28
7185,Emma Moore,Retail,Immediate,In-Store,Corvallis,2024-10-16
7186,Ella Johnson,Retail,Immediate,In-Store,Portland,2025-04-24
7187,OLIVIA JONES ,Retail,Immediate,In-Store,Portland,2024-04-01
7188,Ashley Moore,Retail,Immediate,In-Store,Portland,2024-09-05
7189,Liam Martin,Retail,Immediate,In-Store, portland,2024-08-26
7190,James Carter,Retail,Immediate,In-Store,Eugene,2024-02-29
7191,Sophia Smith,Retail,Immediate,In-Store,Eugene,2025-12-18
7192,Mason Williams,Retail,Immediate,In-Store,Beaverton,2022-09-28
7193,Isabella Moore,Retail,Immediate,In-Store,Lake Oswego,2024-08-11
7194,MATTHEW ANDERSON ,Retail,Immediate,In-Store, portland,2023-08-13
7195,Emma Nguyen,Retail,Immediate,In-Store,Portland,2025-02-24
7196,EMMA SMITH ,Retail,Immediate,In-Store,Portland,2023-11-14
7197,Ethan Nguyen,Retail,Immediate,In-Store, portland,2022-05-06
7198,Jessica Williams,Retail,Immediate,In-Store,Portland,2022-06-01
7199,William Lee,Retail,Immediate,In-Store,Hillsboro,2022-06-09
7200,Ava Brown,Retail,Immediate,In-Store,Portland,2025-07-09
7201,Isabella Carter,Retail,Immediate,In-Store,Portland,2022-03-05
7202,David Wilson,Retail,Immediate,In-Store,Portland,2022-04-10
7203,SOPHIA MILLER ,Retail,Immediate,In-Store,Portland,2025-12-22
7204,Liam Thomas,Retail,Immediate,In-Store,Bend,2024-05-08
7205,Emma Thomas,Retail,Immediate,In-Store,Portland,2025-02-15
7206,Joseph Moore,Retail,Immediate,In-Store,Lake Oswego,2025-08-20
7207,James Carter,Retail,Immediate,In-Store,Portland,2025-08-09
7208,Christopher Moore,Retail,Immediate,In-Store, portland,2025-12-10
7209,MATTHEW PATEL ,Retail,Immediate,In-Store,Lake Oswego,2022-04-07
7210,Noah Moore,Retail,Immediate,In-Store,Seattle,2022-07-04
7211,Christopher Williams,Retail,Immediate,In-Store,Portland,2023-02-11
7212,Jessica Jones,Retail,Immediate,In-Store,Portland,2022-11-09
7213,Mia Patel,Retail,Immediate,In-Store,Portland,2025-07-03
7214,Mason Miller,Retail,Immediate,In-Store,Beaverton,2022-01-04
7215,Madison Anderson,Retail,Immediate,In-Store, portland,2024-09-25
7216,Isabella Smith,Retail,Immediate,In-Store,Portland,2025-11-27
7217,Ella Lee,Retail,Immediate,In-Store,Lake Oswego,2024-12-26
7218,Olivia Miller,Retail,Immediate,In-Store, portland,2023-06-13
7219,Andrew Williams,Retail,Immediate,In-Store, portland,2025-08-20
7220,Noah Martin,Retail,Immediate,In-Store,Portland,2022-12-04
7221,David Kim,Retail,Immediate,In-Store,Portland,2022-08-16
7222,David Kim,Retail,Immediate,In-Store,Corvallis,2022-01-21
7223,MADISON MILLER ,Retail,Immediate,In-Store, salem,2024-02-19
7224,Christopher Johnson,Retail,Immediate,In-Store,Eugene,2024-01-23
7225,Liam Anderson,Retail,Immediate,In-Store,Portland,2024-02-13
7226,Noah Jones,Retail,Immediate,In-Store,Portland,2024-07-14
7227,Mia Nguyen,Retail,Immediate,In-Store,Portland,2024-07-21
7228,William Anderson,Retail,Immediate,In-Store,Salem,2023-05-26
7229,Andrew Nelson,Retail,Immediate,In-Store,Hillsboro,2022-05-19
7230,Lucas Miller,Retail,Immediate,In-Store,Portland,2022-01-26
7231,Ashley Carter,Retail,Immediate,In-Store,Bend,2022-12-21
7232,Ava Kim,Retail,Immediate,In-Store,Corvallis,2025-09-03
7233,Mia Lee,Retail,Immediate,In-Store,Portland,2023-04-05
7234,OLIVIA MARTIN ,Retail,Immediate,In-Store,Portland,2024-05-30
7235,Ella Patel,Retail,Immediate,In-Store,Portland,2022-01-16
7236,Jessica Martin,Retail,Immediate,In-Store,Bend,2025-08-19
7237,HANNAH ANDERSON ,Retail,Immediate,In-Store,Portland,2024-05-22
7238,Chloe Thomas,Retail,Immediate,In-Store,Gresham,2022-10-23
7239,OLIVIA CARTER ,Retail,Immediate,In-Store, portland,2025-02-13
7240,Grace Miller,Retail,Immediate,In-Store,Tigard,2022-10-06
7241,Andrew Williams,Retail,Immediate,In-Store,Portland,2024-06-27
7242,Chloe Nelson,Retail,Immediate,In-Store,Portland,2022-10-28
7243,Christopher Moore,Retail,Immediate,In-Store,Hillsboro,2025-06-13
7244,Joseph Taylor,Retail,Immediate,In-Store,Portland,2022-08-27
7245,Jessica Nguyen,Retail,Immediate,In-Store,Hillsboro,2025-09-27
7246,Jessica Nelson,Retail,Immediate,In-Store,Corvallis,2025-06-15
7247,SOPHIA CARTER ,Retail,Immediate,In-Store,Hillsboro,2024-06-10
7248,JOSEPH KIM ,Retail,Immediate,In-Store,Hillsboro,2025-05-18
7249,DAVID MILLER ,Retail,Immediate,In-Store,Hillsboro,2025-10-08
7250,Sophia Patel,Retail,Immediate,In-Store,Portland,2022-01-25
7251,Emma Thomas,Retail,Immediate,In-Store,Salem,2024-10-03
7252,Ashley Johnson,Retail,Immediate,In-Store,Portland,2025-12-01
7253,Mason Patel,Retail,Immediate,In-Store,Portland,2025-12-20
7254,ISABELLA GARCIA ,Retail,Immediate,In-Store,Portland,2022-01-14
7255,Daniel Miller,Retail,Immediate,In-Store,Portland,2022-02-09
7256,Chloe Moore,Retail,Immediate,In-Store,Portland,2025-01-28
7257,Sarah Thomas,Retail,Immediate,In-Store, portland,2025-12-10
7258,Madison Nguyen,Retail,Immediate,In-Store,Portland,2023-11-14
7259,Lucas Kim,Retail,Immediate,In-Store,Portland,2025-04-18
7260,Sarah Martin,Retail,Immediate,In-Store,Hillsboro,2024-01-23
7261,Ashley Davis,Retail,Immediate,In-Store,Portland,2025-02-04
7262,Sarah Anderson,Retail,Immediate,In-Store,Corvallis,2023-05-13
7263,Joseph Carter,Retail,Immediate,In-Store, portland,2022-08-04
7264,Emily Carter,Retail,Immediate,In-Store, portland,2024-06-09
7265,Joseph Smith,Retail,Immediate,In-Store,Salem,2024-10-12
7266,Mia Taylor,Retail,Immediate,In-Store,Corvallis,2024-01-06
7267,Michael Jones,Retail,Immediate,In-Store,Beaverton,2024-06-26
7268,Jessica Miller,Retail,Immediate,In-Store,Seattle,2023-02-11
7269,Sophia Wilson,Retail,Immediate,In-Store,Portland,2022-12-26
7270,Olivia Williams,Retail,Immediate,In-Store,Seattle,2022-08-01
7271,Matthew Lee,Retail,Immediate,In-Store,Portland,2025-08-18
7272,Matthew Carter,Retail,Immediate,In-Store,Eugene,2022-01-22
7273,David Jones,Retail,Immediate,In-Store,Eugene,2022-05-06
7274,Sarah Johnson,Retail,Immediate,In-Store,Portland,2024-11-28
7275,Lucas Taylor,Retail,Immediate,In-Store,Salem,2025-08-18
7276,Robert Patel,Retail,Immediate,In-Store,Beaverton,2024-05-25
7277,Mason Thomas,Retail,Immediate,In-Store,Salem,2023-05-18
7278,William Martin,Retail,Immediate,In-Store,Beaverton,2022-06-07
7279,Ella Martin,Retail,Immediate,In-Store,Beaverton,2023-11-18
7280,David Taylor,Retail,Immediate,In-Store,Portland,2023-12-02
7281,Andrew Brown,Retail,Immediate,In-Store,Portland,2025-12-01
7282,Emily Martin,Retail,Immediate,In-Store,Beaverton,2022-12-03
7283,Chloe Nguyen,Retail,Immediate,In-Store,Portland,2025-01-11
7284,Ashley Davis,Retail,Immediate,In-Store,Gresham,2023-08-04
7285,William Miller,Retail,Immediate,In-Store,Portland,2024-01-06
7286,Matthew Johnson,Retail,Immediate,In-Store,Corvallis,2025-10-22
7287,Ava Martin,Retail,Immediate,In-Store,Portland,2024-12-28
7288,Noah Carter,Retail,Immediate,In-Store,Beaverton,2022-06-09
7289,Mia Miller,Retail,Immediate,In-Store, portland,2022-03-04
7290,Andrew Martin,Retail,Immediate,In-Store,Bend,2022-08-28
7291,Joseph Kim,Retail,Immediate,In-Store,Beaverton,2023-04-09
7292,Hannah Carter,Retail,Immediate,In-Store,Salem,2024-02-20
7293,Ava Anderson,Retail,Immediate,In-Store,Seattle,2024-09-13
7294,JESSICA TAYLOR ,Retail,Immediate,In-Store,Portland,2022-12-08
7295,Noah Johnson,Retail,Immediate,In-Store,Portland,2024-05-28
7296,Grace Garcia,Retail,Immediate,In-Store,Salem,2025-12-21
7297,Lucas Taylor,Retail,Immediate,In-Store, bend,2023-06-17
7298,Christopher Davis,Retail,Immediate,In-Store,Portland,2023-04-05
7299,William Nguyen,Retail,Immediate,In-Store,Portland,2023-12-24
7300,Isabella Lee,Retail,Immediate,In-Store,Salem,2022-06-16
7301,Sophia Anderson,Retail,Immediate,In-Store,Tigard,2025-07-29
7302,James Wilson,Retail,Immediate,In-Store,Portland,2024-08-09
7303,Daniel Johnson,Retail,Immediate,In-Store,Portland,2024-08-18
7304,Andrew Martin,Retail,Immediate,In-Store,Hillsboro,2025-02-24
7305,Madison Johnson,Retail,Immediate,In-Store,Portland,2022-08-19
7306,Jessica Davis,Retail,Immediate,In-Store,Eugene,2023-12-08
7307,Ethan Thomas,Retail,Immediate,In-Store,Hillsboro,2024-07-31
7308,David Taylor,Retail,Immediate,In-Store,Portland,2023-06-06
7309,Daniel Lee,Retail,Immediate,In-Store,Portland,2022-07-24
7310,Ava Miller,Retail,Immediate,In-Store,Salem,2023-07-09
7311,David Nelson,Retail,Immediate,In-Store,Portland,2022-06-12
7312,Ethan Garcia,Retail,Immediate,In-Store,Portland,2024-09-05
7313,James Williams,Retail,Immediate,In-Store,Corvallis,2023-02-08
7314,Madison Miller,Retail,Immediate,In-Store,Portland,2023-05-13
7315,Emma Martin,Retail,Immediate,In-Store,Beaverton,2022-12-02
7316,Matthew Wilson,Retail,Immediate,In-Store,Seattle,2024-02-20
7317,Ava Garcia,Retail,Immediate,In-Store,Portland,2024-11-07
7318,Liam Anderson,Retail,Immediate,In-Store,Portland,2025-11-04
7319,MASON LEE ,Retail,Immediate,In-Store, hillsboro,2022-02-12
7320,Emma Miller,Retail,Immediate,In-Store,Portland,2023-11-02
7321,Andrew Carter,Retail,Immediate,In-Store,Hillsboro,2023-06-17
7322,MICHAEL THOMAS ,Retail,Immediate,In-Store,Portland,2025-01-28
7323,Michael Carter,Retail,Immediate,In-Store,Portland,2025-06-04
7324,Joseph Moore,Retail,Immediate,In-Store, portland,2025-10-30
7325,Madison Patel,Retail,Immediate,In-Store,Portland,2024-07-05
7326,Robert Taylor,Retail,Immediate,In-Store,Portland,2025-05-20
7327,Robert Martin,Retail,Immediate,In-Store, portland,2024-12-25
7328,Jessica Johnson,Retail,Immediate,In-Store,Eugene,2024-06-21
7329,Grace Martin,Retail,Immediate,In-Store,Hillsboro,2022-12-18
7330,Joseph Smith,Retail,Immediate,In-Store,Gresham,2022-05-12
7331,Ashley Nelson,Retail,Immediate,In-Store,Portland,2025-03-03
7332,David Davis,Retail,Immediate,In-Store,Vancouver,2024-07-29
7333,Michael Thomas,Retail,Immediate,In-Store,Portland,2022-10-01
7334,OLIVIA THOMAS ,Retail,Immediate,In-Store,Portland,2025-11-12
7335,ISABELLA TAYLOR ,Retail,Immediate,In-Store,Beaverton,2023-07-07
7336,Emily Nelson,Retail,Immediate,In-Store,Portland,2022-02-16
7337,Sophia Kim,Retail,Immediate,In-Store,Portland,2023-11-08
7338,Jessica Nguyen,Retail,Immediate,In-Store,Seattle,2023-08-22
7339,Lucas Moore,Retail,Immediate,In-Store,Portland,2025-10-16
7340,Emily Martin,Retail,Immediate,In-Store,Portland,2025-09-30
7341,ELLA NGUYEN ,Retail,Immediate,In-Store,Portland,2024-04-28
7342,Hannah Kim,Retail,Immediate,In-Store,Beaverton,2023-07-18
7343,Mia Martin,Retail,Immediate,In-Store,Seattle,2025-01-29
7344,Emma Taylor,Retail,Immediate,In-Store, portland,2022-12-24
7345,Liam Davis,Retail,Immediate,In-Store,Portland,2022-06-03
7346,Chloe Carter,Retail,Immediate,In-Store,Bend,2024-11-05
7347,Mia Brown,Retail,Immediate,In-Store,Portland,2022-04-02
7348,Isabella Nelson,Retail,Immediate,In-Store,Portland,2025-03-02
7349,Ashley Smith,Retail,Immediate,In-Store,Seattle,2023-05-14
7350,Daniel Taylor,Retail,Immediate,In-Store,Portland,2023-01-21
7351,Olivia Martin,Retail,Immediate,In-Store,Gresham,2022-06-14
7352,Christopher Moore,Retail,Immediate,In-Store,Beaverton,2025-08-21
7353,Ashley Thomas,Retail,Immediate,In-Store,Portland,2023-03-06
7354,Emma Nelson,Retail,Immediate,In-Store,Portland,2025-05-07
7355,Emma Nguyen,Retail,Immediate,In-Store,Corvallis,2023-07-03
7356,Isabella Nguyen,Retail,Immediate,In-Store,Portland,2022-08-23
7357,Madison Miller,Retail,Immediate,In-Store,Salem,2023-12-10
7358,Ella Carter,Retail,Immediate,In-Store,Gresham,2024-11-25
7359,Grace Wilson,Retail,Immediate,In-Store,Portland,2024-01-05
7360,Matthew Moore,Retail,Immediate,In-Store,Gresham,2025-05-14
7361,Daniel Jones,Retail,Immediate,In-Store,Portland,2024-01-06
7362,Jessica Jones,Retail,Immediate,In-Store,Seattle,2022-05-04
7363,William Brown,Retail,Immediate,In-Store,Portland,2025-03-31
7364,WILLIAM MARTIN ,Retail,Immediate,In-Store,Bend,2023-10-13
7365,Mason Carter,Retail,Immediate,In-Store,Portland,2025-04-21
7366,Sarah Davis,Retail,Immediate,In-Store,Gresham,2025-06-08
7367,Mason Anderson,Retail,Immediate,In-Store,Gresham,2025-02-28
7368,Andrew Jones,Retail,Immediate,In-Store,Portland,2025-11-30
7369,Mia Williams,Retail,Immediate,In-Store,Salem,2024-03-20
7370,Madison Thomas,Retail,Immediate,In-Store,Bend,2022-05-02
7371,Chloe Patel,Retail,Immediate,In-Store,Seattle,2023-01-17
7372,Emma Miller,Retail,Immediate,In-Store,Portland,2023-02-10
7373,GRACE PATEL ,Retail,Immediate,In-Store,Portland,2023-04-19
7374,Jessica Martin,Retail,Immediate,In-Store,Corvallis,2024-10-20
7375,DAVID MILLER ,Retail,Immediate,In-Store, portland,2024-10-21
7376,Michael Wilson,Retail,Immediate,In-Store,Gresham,2023-10-16
7377,Sophia Jones,Retail,Immediate,In-Store,Gresham,2025-03-11
7378,Ethan Carter,Retail,Immediate,In-Store,Eugene,2023-05-05
7379,Robert Smith,Retail,Immediate,In-Store, hillsboro,2025-02-12
7380,NOAH JOHNSON ,Retail,Immediate,In-Store,Beaverton,2022-08-17
7381,Liam Miller,Retail,Immediate,In-Store,Portland,2022-10-16
7382,Sophia Taylor,Retail,Immediate,In-Store,Portland,2025-04-05
7383,Chloe Anderson,Retail,Immediate,In-Store,Salem,2022-09-04
7384,Matthew Nguyen,Retail,Immediate,In-Store,Portland,2022-07-04
7385,Sophia Martin,Retail,Immediate,In-Store,Portland,2022-08-13
7386,Jessica Taylor,Retail,Immediate,In-Store,Portland,2023-05-06
7387,LUCAS MILLER ,Retail,Immediate,In-Store,Portland,2024-06-19
7388,Olivia Davis,Retail,Immediate,In-Store,Vancouver,2025-02-05
7389,Christopher Taylor,Retail,Immediate,In-Store,Portland,2024-11-17
7390,Sophia Nelson,Retail,Immediate,In-Store,Portland,2024-10-25
7391,Emma Nelson,Retail,Immediate,In-Store, portland,2024-04-12
7392,Ava Lee,Retail,Immediate,In-Store,Portland,2025-03-24
7393,WILLIAM NELSON ,Retail,Immediate,In-Store,Beaverton,2022-10-03
7394,Sarah Patel,Retail,Immediate,In-Store,Portland,2022-04-21
7395,Grace Davis,Retail,Immediate,In-Store,Portland,2025-04-12
7396,ELLA WILLIAMS ,Retail,Immediate,In-Store, portland,2024-01-01
7397,David Garcia,Retail,Immediate,In-Store, portland,2025-01-12
7398,Mia Wilson,Retail,Immediate,In-Store,Gresham,2023-11-05
7399,Christopher Davis,Retail,Immediate,In-Store,Hillsboro,2025-06-27
7400,David Miller,Retail,Immediate,In-Store, portland,2025-04-16
7401,Matthew Nguyen,Retail,Immediate,In-Store,Portland,2025-12-10
7402,Ethan Patel,Retail,Immediate,In-Store,Corvallis,2022-02-15
7403,Sophia Nguyen,Retail,Immediate,In-Store,Beaverton,2024-12-02
7404,WILLIAM JOHNSON ,Retail,Immediate,In-Store,Tigard,2023-02-02
7405,Ashley Garcia,Retail,Immediate,In-Store,Hillsboro,2025-07-30
7406,Lucas Williams,Retail,Immediate,In-Store,Portland,2023-08-09
7407,Joseph Patel,Retail,Immediate,In-Store,Gresham,2022-09-06
7408,MASON SMITH ,Retail,Immediate,In-Store,Tigard,2023-07-31
7409,ASHLEY WILLIAMS ,Retail,Immediate,In-Store,Portland,2023-12-17
7410,Liam Johnson,Retail,Immediate,In-Store,Beaverton,2022-12-02
7411,Emily Jones,Retail,Immediate,In-Store,Beaverton,2024-06-30
7412,Joseph Jones,Retail,Immediate,In-Store,Portland,2023-09-29
7413,Andrew Nelson,Retail,Immediate,In-Store,Salem,2022-12-17
7414,Matthew Smith,Retail,Immediate,In-Store,Portland,2024-12-24
7415,Olivia Wilson,Retail,Immediate,In-Store,Lake Oswego,2023-11-27
7416,James Kim,Retail,Immediate,In-Store,Salem,2025-12-09
7417,Olivia Moore,Retail,Immediate,In-Store,Portland,2023-09-19
7418,Emily Kim,Retail,Immediate,In-Store,Portland,2024-02-16
7419,Andrew Anderson,Retail,Immediate,In-Store, salem,2024-06-05
7420,Lucas Taylor,Retail,Immediate,In-Store,Portland,2022-08-04
7421,Ava Moore,Retail,Immediate,In-Store,Tigard,2022-06-14
7422,James Wilson,Retail,Immediate,In-Store,Lake Oswego,2023-06-23
7423,Ava Lee,Retail,Immediate,In-Store,Eugene,2023-08-17
7424,CHRISTOPHER JOHNSON ,Retail,Immediate,In-Store,Portland,2025-02-11
7425,Emily Lee,Retail,Immediate,In-Store,Portland,2024-06-09
7426,Madison Taylor,Retail,Immediate,In-Store,Corvallis,2022-12-15
7427,Grace Williams,Retail,Immediate,In-Store,Portland,2022-12-06
7428,Madison Brown,Retail,Immediate,In-Store, portland,2023-10-06
7429,Ava Anderson,Retail,Immediate,In-Store,Portland,2025-12-28
7430,David Jones,Retail,Immediate,In-Store,Portland,2024-11-08
7431,ASHLEY MARTIN ,Retail,Immediate,In-Store,Portland,2022-05-11
7432,Michael Wilson,Retail,Immediate,In-Store,Portland,2022-08-27
7433,GRACE KIM ,Retail,Immediate,In-Store,Portland,2025-01-03
7434,Ethan Wilson,Retail,Immediate,In-Store,Eugene,2025-10-03
7435,William Lee,Retail,Immediate,In-Store, portland,2025-07-20
7436,Ethan Nelson,Retail,Immediate,In-Store,Portland,2023-01-04
7437,LUCAS THOMAS ,Retail,Immediate,In-Store,Eugene,2022-01-27
7438,Joseph Thomas,Retail,Immediate,In-Store,Portland,2023-08-09
7439,Mason Martin,Retail,Immediate,In-Store,Portland,2022-05-29
7440,Andrew Miller,Retail,Immediate,In-Store,Salem,2024-04-21
7441,Grace Williams,Retail,Immediate,In-Store,Salem,2023-11-10
7442,Olivia Nelson,Retail,Immediate,In-Store,Hillsboro,2023-08-04
7443,Andrew Taylor,Retail,Immediate,In-Store,Portland,2023-11-08
7444,Grace Anderson,Retail,Immediate,In-Store,Portland,2025-11-14
7445,Lucas Davis,Retail,Immediate,In-Store,Beaverton,2024-06-10
7446,Ava Williams,Retail,Immediate,In-Store,Portland,2023-04-21
7447,Mason Carter,Retail,Immediate,In-Store,Lake Oswego,2024-03-03
7448,Isabella Taylor,Retail,Immediate,In-Store, portland,2024-10-16
7449,Ethan Anderson,Retail,Immediate,In-Store,Portland,2024-10-21
7450,Grace Martin,Retail,Immediate,In-Store,Portland,2025-10-31
7451,Matthew Smith,Retail,Immediate,In-Store,Beaverton,2022-02-15
7452,Ashley Lee,Retail,Immediate,In-Store,Portland,2023-08-14
7453,Mason Taylor,Retail,Immediate,In-Store,Portland,2025-01-18
7454,Ashley Johnson,Retail,Immediate,In-Store,Portland,2023-10-28
7455,William Garcia,Retail,Immediate,In-Store, eugene,2025-11-01
7456,Sophia Johnson,Retail,Immediate,In-Store,Portland,2023-02-10
7457,CHRISTOPHER LEE ,Retail,Immediate,In-Store,Portland,2022-02-16
7458,Sarah Williams,Retail,Immediate,In-Store,Portland,2025-03-20
7459,ANDREW SMITH ,Retail,Immediate,In-Store, portland,2023-08-21
7460,Ella Taylor,Retail,Immediate,In-Store,Portland,2022-07-31
7461,Emma Thomas,Retail,Immediate,In-Store,Tigard,2023-09-03
7462,Robert Johnson,Retail,Immediate,In-Store, beaverton,2022-03-04
7463,Joseph Wilson,Retail,Immediate,In-Store,Portland,2023-07-03
7464,Chloe Nguyen,Retail,Immediate,In-Store,Corvallis,2025-05-17
7465,Emma Patel,Retail,Immediate,In-Store,Salem,2023-01-11
7466,Mason Jones,Retail,Immediate,In-Store,Portland,2024-03-27
7467,Grace Brown,Retail,Immediate,In-Store,Beaverton,2023-08-13
7468,William Williams,Retail,Immediate,In-Store, portland,2023-09-02
7469,Ella Carter,Retail,Immediate,In-Store,Portland,2022-09-19
7470,Joseph Taylor,Retail,Immediate,In-Store,Portland,2023-09-17
7471,Robert Garcia,Retail,Immediate,In-Store,Portland,2022-10-15
7472,Sophia Wilson,Retail,Immediate,In-Store,Salem,2024-10-04
7473,Andrew Miller,Retail,Immediate,In-Store,Portland,2025-10-05
7474,Emily Miller,Retail,Immediate,In-Store,Lake Oswego,2025-07-20
7475,Grace Miller,Retail,Immediate,In-Store,Portland,2023-04-09
7476,DANIEL KIM ,Retail,Immediate,In-Store,Portland,2025-08-02
7477,Christopher Miller,Retail,Immediate,In-Store,Eugene,2024-02-16
7478,Ethan Thomas,Retail,Immediate,In-Store,Portland,2023-02-02
7479,MIA NGUYEN ,Retail,Immediate,In-Store,Salem,2022-06-20
7480,Olivia Williams,Retail,Immediate,In-Store,Gresham,2024-02-05
7481,Sophia Garcia,Retail,Immediate,In-Store, portland,2023-01-22
7482,Emma Patel,Retail,Immediate,In-Store,Portland,2022-12-10
7483,James Wilson,Retail,Immediate,In-Store,Beaverton,2022-03-24
7484,Sarah Martin,Retail,Immediate,In-Store,Portland,2025-07-02
7485,Matthew Taylor,Retail,Immediate,In-Store,Portland,2024-11-12
7486,ETHAN JOHNSON ,Retail,Immediate,In-Store,Portland,2022-11-14
7487,Sophia Moore,Retail,Immediate,In-Store,Beaverton,2025-11-11
7488,Noah Jones,Retail,Immediate,In-Store,Eugene,2022-09-14
7489,Christopher Jones,Retail,Immediate,In-Store,Portland,2025-11-02
7490,LUCAS NELSON ,Retail,Immediate,In-Store,Seattle,2024-10-30
7491,Grace Johnson,Retail,Immediate,In-Store,Vancouver,2022-02-27
7492,Emma Lee,Retail,Immediate,In-Store,Portland,2025-07-06
7493,Emma Nguyen,Retail,Immediate,In-Store,Lake Oswego,2024-07-23
7494,Mia Nguyen,Retail,Immediate,In-Store,Portland,2023-03-11
7495,HANNAH MILLER ,Retail,Immediate,In-Store,Portland,2022-09-29
7496,Lucas Nguyen,Retail,Immediate,In-Store,Beaverton,2025-06-21
7497,Mason Kim,Retail,Immediate,In-Store,Portland,2024-01-15
7498,Grace Lee,Retail,Immediate,In-Store,Portland,2024-08-20
7499,Ella Lee,Retail,Immediate,In-Store,Seattle,2025-10-17
7500,DAVID PATEL ,Retail,Immediate,In-Store,Portland,2024-02-18
7501,Emma Thomas,Retail,Immediate,In-Store,Portland,2025-04-13
7502,ELLA KIM ,Retail,Immediate,In-Store, portland,2025-10-28
7503,CHLOE MILLER ,Retail,Immediate,In-Store, vancouver,2024-03-01
7504,ETHAN ANDERSON ,Retail,Immediate,In-Store,Beaverton,2023-12-09
7505,Ava Wilson,Retail,Immediate,In-Store,Portland,2023-09-04
7506,CHRISTOPHER JOHNSON ,Retail,Immediate,In-Store,Beaverton,2025-09-24
7507,MADISON JOHNSON ,Retail,Immediate,In-Store,Portland,2024-06-25
7508,Hannah Smith,Retail,Immediate,In-Store,Seattle,2023-01-10
7509,ETHAN DAVIS ,Retail,Immediate,In-Store,Portland,2022-06-15
7510,William Brown,Retail,Immediate,In-Store, eugene,2023-06-01
7511,Noah Jones,Retail,Immediate,In-Store,Hillsboro,2024-07-22
7512,EMILY PATEL ,Retail,Immediate,In-Store,Portland,2022-03-02
7513,ANDREW GARCIA ,Retail,Immediate,In-Store,Corvallis,2023-09-14
7514,Michael Thomas,Retail,Immediate,In-Store, portland,2024-07-19
7515,Lucas Thomas,Retail,Immediate,In-Store,Portland,2022-09-18
7516,EMMA MOORE ,Retail,Immediate,In-Store,Corvallis,2022-03-07
7517,William Carter,Retail,Immediate,In-Store,Bend,2023-10-23
7518,ELLA LEE ,Retail,Immediate,In-Store,Beaverton,2024-09-25
7519,Matthew Kim,Retail,Immediate,In-Store,Portland,2022-10-01
7520,Liam Garcia,Retail,Immediate,In-Store,Eugene,2023-12-13
7521,Noah Patel,Retail,Immediate,In-Store,Portland,2025-05-05
7522,Mia Miller,Retail,Immediate,In-Store,Salem,2023-10-09
7523,WILLIAM ANDERSON ,Retail,Immediate,In-Store,Portland,2022-08-01
7524,Olivia Brown,Retail,Immediate,In-Store,Portland,2025-12-11
7525,Andrew Anderson,Retail,Immediate,In-Store,Portland,2025-07-03
7526,Madison Thomas,Retail,Immediate,In-Store,Beaverton,2025-12-20
7527,Olivia Brown,Retail,Immediate,In-Store,Portland,2024-01-09
7528,Sarah Smith,Retail,Immediate,In-Store,Portland,2024-11-12
7529,Ella Kim,Retail,Immediate,In-Store,Portland,2023-08-20
7530,Ella Carter,Retail,Immediate,In-Store,Salem,2024-10-16
7531,Mason Brown,Retail,Immediate,In-Store,Seattle,2024-01-08
7532,Chloe Thomas,Retail,Immediate,In-Store,Hillsboro,2023-10-04
7533,Mason Johnson,Retail,Immediate,In-Store,Tigard,2023-08-18
7534,CHRISTOPHER CARTER ,Retail,Immediate,In-Store,Beaverton,2022-09-13
7535,Daniel Smith,Retail,Immediate,In-Store,Portland,2025-02-06
7536,Noah Thomas,Retail,Immediate,In-Store,Portland,2022-10-18
7537,Lucas Davis,Retail,Immediate,In-Store,Portland,2025-11-02
7538,Jessica Lee,Retail,Immediate,In-Store,Vancouver,2022-05-24
7539,David Taylor,Retail,Immediate,In-Store,Portland,2022-12-27
7540,Christopher Kim,Retail,Immediate,In-Store,Portland,2022-09-04
7541,William Jones,Retail,Immediate,In-Store, portland,2023-01-10
7542,William Smith,Retail,Immediate,In-Store,Beaverton,2025-11-23
7543,James Smith,Retail,Immediate,In-Store,Gresham,2025-02-14
7544,Joseph Patel,Retail,Immediate,In-Store,Portland,2022-06-18
7545,MADISON NGUYEN ,Retail,Immediate,In-Store,Portland,2025-02-15
7546,Ethan Williams,Retail,Immediate,In-Store,Portland,2025-05-10
7547,Madison Nguyen,Retail,Immediate,In-Store,Bend,2023-12-29
7548,MADISON KIM ,Retail,Immediate,In-Store,Gresham,2022-12-28
7549,Ella Brown,Retail,Immediate,In-Store,Portland,2024-10-11
7550,Mason Johnson,Retail,Immediate,In-Store,Eugene,2022-07-02
7551,Emily Taylor,Retail,Immediate,In-Store,Portland,2025-09-12
7552,David Brown,Retail,Immediate,In-Store,Salem,2023-09-03
7553,Grace Nelson,Retail,Immediate,In-Store,Portland,2025-06-20
7554,Noah Davis,Retail,Immediate,In-Store, hillsboro,2023-06-04
7555,Ava Thomas,Retail,Immediate,In-Store,Beaverton,2022-12-16
7556,Christopher Williams,Retail,Immediate,In-Store,Gresham,2025-05-06
7557,David Wilson,Retail,Immediate,In-Store,Portland,2025-12-31
7558,Ava Martin,Retail,Immediate,In-Store,Salem,2024-08-05
7559,Matthew Nguyen,Retail,Immediate,In-Store,Beaverton,2023-01-08
7560,James Moore,Retail,Immediate,In-Store,Gresham,2022-08-21
7561,ISABELLA WILSON ,Retail,Immediate,In-Store,Bend,2022-09-12
7562,Lucas Brown,Retail,Immediate,In-Store,Beaverton,2022-03-10
7563,Ava Taylor,Retail,Immediate,In-Store,Portland,2025-08-26
7564,Ava Jones,Retail,Immediate,In-Store,Beaverton,2025-10-17
7565,Emily Nguyen,Retail,Immediate,In-Store,Portland,2024-12-03
7566,Robert Garcia,Retail,Immediate,In-Store,Portland,2022-09-27
7567,ETHAN ANDERSON ,Retail,Immediate,In-Store, portland,2025-02-21
7568,David Williams,Retail,Immediate,In-Store,Portland,2024-11-15
7569,Madison Garcia,Retail,Immediate,In-Store,Seattle,2025-01-15
7570,Mia Carter,Retail,Immediate,In-Store,Portland,2022-02-12
7571,Chloe Lee,Retail,Immediate,In-Store,Beaverton,2023-01-18
7572,Sophia Taylor,Retail,Immediate,In-Store,Salem,2023-08-12
7573,Mason Williams,Retail,Immediate,In-Store,Seattle,2023-02-21
7574,JAMES PATEL ,Retail,Immediate,In-Store, lake oswego,2025-01-23
7575,Ashley Kim,Retail,Immediate,In-Store,Salem,2025-12-13
7576,Mason Martin,Retail,Immediate,In-Store,Portland,2024-01-02
7577,Grace Garcia,Retail,Immediate,In-Store,Beaverton,2025-01-21
7578,Michael Carter,Retail,Immediate,In-Store,Portland,2022-08-08
7579,Hannah Nelson,Retail,Immediate,In-Store,Portland,2023-04-15
7580,ASHLEY MILLER ,Retail,Immediate,In-Store,Portland,2022-09-10
7581,Sarah Garcia,Retail,Immediate,In-Store,Portland,2022-03-24
7582,Joseph Lee,Retail,Immediate,In-Store,Portland,2024-09-26
7583,James Lee,Retail,Immediate,In-Store,Portland,2022-04-30
7584,Grace Smith,Retail,Immediate,In-Store,Lake Oswego,2024-06-10
7585,Isabella Smith,Retail,Immediate,In-Store, portland,2023-07-30
7586,Olivia Williams,Retail,Immediate,In-Store,Gresham,2022-12-19
7587,Ella Miller,Retail,Immediate,In-Store,Portland,2022-07-10
7588,Michael Moore,Retail,Immediate,In-Store,Portland,2022-05-30
7589,David Carter,Retail,Immediate,In-Store,Beaverton,2024-09-06
7590,Sophia Jones,Retail,Immediate,In-Store,Eugene,2024-02-11
7591,David Nguyen,Retail,Immediate,In-Store,Gresham,2023-05-01
7592,Grace Moore,Retail,Immediate,In-Store,Beaverton,2025-09-04
7593,Ethan Garcia,Retail,Immediate,In-Store,Seattle,2024-08-02
7594,Grace Thomas,Retail,Immediate,In-Store,Portland,2022-06-26
7595,LIAM MARTIN ,Retail,Immediate,In-Store,Salem,2023-01-14
7596,MIA GARCIA ,Retail,Immediate,In-Store,Portland,2023-01-23
7597,Liam Wilson,Retail,Immediate,In-Store,Portland,2024-07-06
7598,Mia Wilson,Retail,Immediate,In-Store,Eugene,2022-07-13
7599,Ella Davis,Retail,Immediate,In-Store,Portland,2023-11-13
7600,Jessica Davis,Retail,Immediate,In-Store,Portland,2024-07-10
7601,Robert Davis,Retail,Immediate,In-Store,Portland,2025-06-16
7602,EMILY WILSON ,Retail,Immediate,In-Store,Portland,2025-10-12
7603,James Moore,Retail,Immediate,In-Store,Portland,2024-01-29
7604,William Miller,Retail,Immediate,In-Store, hillsboro,2024-05-24
7605,Jessica Taylor,Retail,Immediate,In-Store,Seattle,2024-04-15
7606,Chloe Davis,Retail,Immediate,In-Store,Portland,2022-04-09
7607,Grace Garcia,Retail,Immediate,In-Store,Portland,2023-06-08
7608,Matthew Kim,Retail,Immediate,In-Store,Beaverton,2024-08-30
7609,MIA ANDERSON ,Retail,Immediate,In-Store,Portland,2023-11-19
7610,Christopher Smith,Retail,Immediate,In-Store,Portland,2023-03-22
7611,Sophia Taylor,Retail,Immediate,In-Store, portland,2022-10-01
7612,Michael Garcia,Retail,Immediate,In-Store,Portland,2023-03-16
7613,Emma Brown,Retail,Immediate,In-Store,Portland,2024-08-02
7614,DANIEL NGUYEN ,Retail,Immediate,In-Store,Portland,2022-02-18
7615,Robert Patel,Retail,Immediate,In-Store,Bend,2025-09-27
7616,Noah Wilson,Retail,Immediate,In-Store,Portland,2025-11-06
7617,Grace Kim,Retail,Immediate,In-Store,Portland,2024-02-15
7618,HANNAH WILLIAMS ,Retail,Immediate,In-Store,Portland,2023-11-27
7619,Mason Miller,Retail,Immediate,In-Store,Portland,2024-05-29
7620,Joseph Brown,Retail,Immediate,In-Store,Portland,2025-07-26
7621,Liam Jones,Retail,Immediate,In-Store,Portland,2025-07-18
7622,Ethan Nguyen,Retail,Immediate,In-Store,Portland,2023-05-07
7623,Isabella Patel,Retail,Immediate,In-Store,Portland,2023-10-02
7624,Olivia Anderson,Retail,Immediate,In-Store,Vancouver,2024-04-08
7625,Michael Kim,Retail,Immediate,In-Store,Seattle,2023-11-29
7626,Isabella Nguyen,Retail,Immediate,In-Store,Portland,2025-12-06
7627,Joseph Patel,Retail,Immediate,In-Store,Portland,2025-05-24
7628,Michael Garcia,Retail,Immediate,In-Store,Portland,2022-02-19
7629,ASHLEY DAVIS ,Retail,Immediate,In-Store,Eugene,2024-07-08
7630,Jessica Anderson,Retail,Immediate,In-Store,Corvallis,2022-11-08
7631,ISABELLA PATEL ,Retail,Immediate,In-Store, portland,2024-06-02
7632,Noah Brown,Retail,Immediate,In-Store,Beaverton,2023-12-17
7633,Noah Lee,Retail,Immediate,In-Store,Portland,2022-10-27
7634,William Davis,Retail,Immediate,In-Store,Portland,2022-10-28
7635,Daniel Kim,Retail,Immediate,In-Store, portland,2022-07-25
7636,James Patel,Retail,Immediate,In-Store,Eugene,2025-03-13
7637,David Thomas,Retail,Immediate,In-Store, portland,2022-05-09
7638,Ethan Garcia,Retail,Immediate,In-Store,Eugene,2022-11-24
7639,EMMA GARCIA ,Retail,Immediate,In-Store,Portland,2025-05-30
7640,WILLIAM CARTER ,Retail,Immediate,In-Store,Salem,2022-04-24
7641,Noah Martin,Retail,Immediate,In-Store,Portland,2025-10-05
7642,Madison Williams,Retail,Immediate,In-Store,Portland,2022-10-02
7643,Lucas Garcia,Retail,Immediate,In-Store,Portland,2025-06-09
7644,Ashley Lee,Retail,Immediate,In-Store,Portland,2022-10-09
7645,Daniel Anderson,Retail,Immediate,In-Store,Portland,2024-05-06
7646,JESSICA BROWN ,Retail,Immediate,In-Store,Salem,2024-07-13
7647,Olivia Wilson,Retail,Immediate,In-Store,Portland,2024-01-31
7648,Emma Jones,Retail,Immediate,In-Store,Hillsboro,2024-10-26
7649,Grace Smith,Retail,Immediate,In-Store,Eugene,2022-09-16
7650,Mia Nguyen,Retail,Immediate,In-Store, eugene,2023-04-07
7651,Isabella Moore,Retail,Immediate,In-Store,Salem,2023-05-30
7652,OLIVIA ANDERSON ,Retail,Immediate,In-Store,Portland,2022-11-16
7653,JESSICA WILLIAMS ,Retail,Immediate,In-Store,Portland,2023-10-31
7654,Ashley Patel,Retail,Immediate,In-Store, portland,2024-12-14
7655,Christopher Martin,Retail,Immediate,In-Store,Portland,2025-11-06
7656,Joseph Smith,Retail,Immediate,In-Store,Vancouver,2023-01-08
7657,Mia Carter,Retail,Immediate,In-Store,Portland,2024-09-23
7658,Mia Taylor,Retail,Immediate,In-Store,Eugene,2025-10-20
7659,Chloe Wilson,Retail,Immediate,In-Store,Vancouver,2022-05-30
7660,Grace Moore,Retail,Immediate,In-Store, portland,2024-06-29
7661,David Lee,Retail,Immediate,In-Store,Lake Oswego,2022-03-08
7662,David Wilson,Retail,Immediate,In-Store,Gresham,2025-09-13
7663,James Taylor,Retail,Immediate,In-Store,Portland,2025-03-04
7664,David Nelson,Retail,Immediate,In-Store,Portland,2025-12-27
7665,Mason Miller,Retail,Immediate,In-Store,Portland,2024-07-08
7666,Lucas Nelson,Retail,Immediate,In-Store,Portland,2025-07-31
7667,CHLOE TAYLOR ,Retail,Immediate,In-Store,Hillsboro,2022-02-22
7668,LUCAS NELSON ,Retail,Immediate,In-Store,Seattle,2025-04-22
7669,Emma Davis,Retail,Immediate,In-Store,Eugene,2023-11-21
7670,Joseph Miller,Retail,Immediate,In-Store,Lake Oswego,2023-08-18
7671,Matthew Jones,Retail,Immediate,In-Store,Salem,2022-04-19
7672,Andrew Wilson,Retail,Immediate,In-Store,Portland,2024-12-15
7673,Andrew Wilson,Retail,Immediate,In-Store,Beaverton,2025-12-03
7674,Sarah Carter,Retail,Immediate,In-Store,Portland,2024-05-20
7675,Jessica Patel,Retail,Immediate,In-Store,Portland,2022-11-06
7676,Mia Johnson,Retail,Immediate,In-Store,Portland,2024-03-25
7677,Ashley Brown,Retail,Immediate,In-Store,Portland,2024-12-25
7678,Sophia Taylor,Retail,Immediate,In-Store, portland,2024-08-14
7679,Olivia Lee,Retail,Immediate,In-Store,Eugene,2025-02-07
7680,Chloe Kim,Retail,Immediate,In-Store,Portland,2024-08-10
7681,Ashley Carter,Retail,Immediate,In-Store,Lake Oswego,2025-04-29
7682,Ethan Taylor,Retail,Immediate,In-Store,Portland,2025-01-31
7683,LIAM THOMAS ,Retail,Immediate,In-Store,Portland,2025-12-19
7684,Isabella Brown,Retail,Immediate,In-Store,Eugene,2024-09-13
7685,Noah Brown,Retail,Immediate,In-Store,Portland,2022-07-31
7686,James Thomas,Retail,Immediate,In-Store, gresham,2022-05-31
7687,Mason Davis,Retail,Immediate,In-Store,Portland,2022-08-16
7688,Ethan Lee,Retail,Immediate,In-Store,Portland,2023-05-25
7689,EMMA CARTER ,Retail,Immediate,In-Store,Portland,2024-03-08
7690,Christopher Nguyen,Retail,Immediate,In-Store,Portland,2024-02-27
7691,Mason Brown,Retail,Immediate,In-Store,Portland,2024-08-01
7692,Isabella Patel,Retail,Immediate,In-Store,Portland,2023-05-20
7693,Lucas Thomas,Retail,Immediate,In-Store,Corvallis,2022-10-02
7694,William Smith,Retail,Immediate,In-Store,Beaverton,2023-01-13
7695,Joseph Johnson,Retail,Immediate,In-Store,Portland,2023-08-20
7696,Isabella Brown,Retail,Immediate,In-Store,Portland,2022-10-24
7697,JAMES MOORE ,Retail,Immediate,In-Store,Portland,2024-11-16
7698,Christopher Smith,Retail,Immediate,In-Store,Lake Oswego,2024-08-03
7699,Hannah Garcia,Retail,Immediate,In-Store,Portland,2023-01-22
7700,David Anderson,Retail,Immediate,In-Store,Beaverton,2024-02-24
7701,Grace Jones,Retail,Immediate,In-Store,Corvallis,2024-05-11
7702,Mia Lee,Retail,Immediate,In-Store,Corvallis,2022-02-17
7703,Sophia Wilson,Retail,Immediate,In-Store, gresham,2024-09-18
7704,Daniel Nguyen,Retail,Immediate,In-Store,Portland,2024-07-20
7705,DAVID THOMAS ,Retail,Immediate,In-Store,Portland,2022-11-29
7706,Grace Nelson,Retail,Immediate,In-Store,Gresham,2023-06-15
7707,William Thomas,Retail,Immediate,In-Store,Portland,2023-09-15
7708,William Kim,Retail,Immediate,In-Store,Bend,2024-09-05
7709,William Johnson,Retail,Immediate,In-Store,Tigard,2023-09-01
7710,Ava Martin,Retail,Immediate,In-Store,Vancouver,2024-08-03
7711,Emily Patel,Retail,Immediate,In-Store,Hillsboro,2022-11-03
7712,Ava Williams,Retail,Immediate,In-Store,Eugene,2023-12-31
7713,Liam Nguyen,Retail,Immediate,In-Store,Portland,2023-03-22
7714,James Nguyen,Retail,Immediate,In-Store,Lake Oswego,2025-02-11
7715,Emily Johnson,Retail,Immediate,In-Store,Portland,2025-02-28
7716,Jessica Nelson,Retail,Immediate,In-Store, hillsboro,2024-01-22
7717,WILLIAM NELSON ,Retail,Immediate,In-Store,Gresham,2024-12-16
7718,EMILY LEE ,Retail,Immediate,In-Store,Portland,2022-01-13
7719,Liam Patel,Retail,Immediate,In-Store,Portland,2025-04-22
7720,Ava Jones,Retail,Immediate,In-Store,Seattle,2025-08-30
7721,Madison Taylor,Retail,Immediate,In-Store,Seattle,2023-11-04
7722,Matthew Williams,Retail,Immediate,In-Store,Eugene,2022-05-26
7723,Emma Taylor,Retail,Immediate,In-Store,Corvallis,2022-03-04
7724,Daniel Nguyen,Retail,Immediate,In-Store,Portland,2024-04-05
7725,Ava Patel,Retail,Immediate,In-Store,Eugene,2025-09-28
7726,Emily Williams,Retail,Immediate,In-Store,Portland,2024-01-31
7727,Liam Smith,Retail,Immediate,In-Store,Portland,2025-08-28
7728,SARAH ANDERSON ,Retail,Immediate,In-Store,Portland,2022-10-04
7729,Emma Jones,Retail,Immediate,In-Store,Portland,2024-07-27
7730,Michael Moore,Retail,Immediate,In-Store,Beaverton,2023-12-18
7731,Ashley Moore,Retail,Immediate,In-Store,Portland,2025-08-01
7732,Ethan Johnson,Retail,Immediate,In-Store,Portland,2023-07-27
7733,Olivia Williams,Retail,Immediate,In-Store,Tigard,2023-01-25
7734,Lucas Garcia,Retail,Immediate,In-Store,Portland,2025-10-28
7735,Lucas Martin,Retail,Immediate,In-Store,Portland,2025-09-10
7736,Mason Smith,Retail,Immediate,In-Store,Portland,2022-09-16
7737,Daniel Carter,Retail,Immediate,In-Store,Hillsboro,2024-01-17
7738,Isabella Davis,Retail,Immediate,In-Store,Portland,2025-09-18
7739,Liam Wilson,Retail,Immediate,In-Store,Portland,2022-12-26
7740,William Kim,Retail,Immediate,In-Store,Portland,2025-09-15
7741,WILLIAM MOORE ,Retail,Immediate,In-Store,Beaverton,2022-01-19
7742,Ava Moore,Retail,Immediate,In-Store,Portland,2024-07-14
7743,Jessica Lee,Retail,Immediate,In-Store,Portland,2024-02-12
7744,Noah Kim,Retail,Immediate,In-Store,Corvallis,2023-09-27
7745,Sophia Brown,Retail,Immediate,In-Store,Salem,2023-07-01
7746,Mason Brown,Retail,Immediate,In-Store,Portland,2024-12-02
7747,MIA KIM ,Retail,Immediate,In-Store,Portland,2022-09-30
7748,Grace Taylor,Retail,Immediate,In-Store,Beaverton,2024-02-14
7749,Isabella Moore,Retail,Immediate,In-Store,Gresham,2022-08-29
7750,Ava Jones,Retail,Immediate,In-Store,Lake Oswego,2024-05-28
7751,Daniel Thomas,Retail,Immediate,In-Store,Beaverton,2022-01-26
7752,Michael Jones,Retail,Immediate,In-Store,Beaverton,2023-11-01
7753,Daniel Williams,Retail,Immediate,In-Store,Portland,2023-09-18
7754,Lucas Wilson,Retail,Immediate,In-Store, portland,2025-06-12
7755,Emily Davis,Retail,Immediate,In-Store,Eugene,2022-10-18
7756,Matthew Lee,Retail,Immediate,In-Store, portland,2025-03-08
7757,Robert Patel,Retail,Immediate,In-Store,Portland,2022-02-07
7758,MATTHEW ANDERSON ,Retail,Immediate,In-Store,Portland,2024-01-24
7759,Ella Anderson,Retail,Immediate,In-Store,Portland,2025-03-03
7760,Matthew Brown,Retail,Immediate,In-Store,Portland,2025-04-16
7761,William Brown,Retail,Immediate,In-Store,Portland,2024-02-13
7762,Mason Johnson,Retail,Immediate,In-Store,Portland,2022-05-06
7763,ETHAN DAVIS ,Retail,Immediate,In-Store,Tigard,2022-01-29
7764,SOPHIA DAVIS ,Retail,Immediate,In-Store,Portland,2024-06-14
7765,Emma Lee,Retail,Immediate,In-Store,Portland,2024-01-27
7766,Christopher Anderson,Retail,Immediate,In-Store,Portland,2022-04-22
7767,Andrew Davis,Retail,Immediate,In-Store,Hillsboro,2022-02-09
7768,Ella Moore,Retail,Immediate,In-Store,Hillsboro,2025-10-12
7769,Mia Williams,Retail,Immediate,In-Store,Seattle,2023-11-23
7770,Sophia Wilson,Retail,Immediate,In-Store,Portland,2024-01-10
7771,MADISON TAYLOR ,Retail,Immediate,In-Store,Portland,2022-11-12
7772,Sarah Taylor,Retail,Immediate,In-Store,Portland,2024-06-11
7773,Matthew Patel,Retail,Immediate,In-Store,Portland,2025-03-05
7774,Mia Smith,Retail,Immediate,In-Store, portland,2022-07-22
7775,Ava Williams,Retail,Immediate,In-Store, hillsboro,2025-10-29
7776,Liam Brown,Retail,Immediate,In-Store,Portland,2025-01-21
7777,Andrew Brown,Retail,Immediate,In-Store,Portland,2025-02-21
7778,JESSICA NGUYEN ,Retail,Immediate,In-Store, portland,2022-07-09
7779,Chloe Williams,Retail,Immediate,In-Store,Portland,2023-09-20
7780,Lucas Anderson,Retail,Immediate,In-Store, beaverton,2023-02-14
7781,Chloe Anderson,Retail,Immediate,In-Store,Lake Oswego,2023-10-31
7782,Chloe Davis,Retail,Immediate,In-Store,Portland,2023-01-19
7783,CHRISTOPHER WILSON ,Retail,Immediate,In-Store,Vancouver,2022-01-31
7784,Jessica Johnson,Retail,Immediate,In-Store,Portland,2024-05-18
7785,Matthew Miller,Retail,Immediate,In-Store,Lake Oswego,2024-12-23
7786,CHRISTOPHER KIM ,Retail,Immediate,In-Store,Portland,2023-07-06
7787,Ashley Johnson,Retail,Immediate,In-Store,Bend,2022-12-27
7788,Ashley Williams,Retail,Immediate,In-Store,Tigard,2025-09-04
7789,Lucas Patel,Retail,Immediate,In-Store,Salem,2024-11-05
7790,HANNAH MILLER ,Retail,Immediate,In-Store,Portland,2024-07-02
7791,SARAH ANDERSON ,Retail,Immediate,In-Store,Gresham,2022-09-23
7792,David Anderson,Retail,Immediate,In-Store,Seattle,2025-01-08
7793,Chloe Anderson,Retail,Immediate,In-Store,Portland,2022-08-16
7794,Hannah Wilson,Retail,Immediate,In-Store,Portland,2025-03-14
7795,Ethan Miller,Retail,Immediate,In-Store,Gresham,2024-12-13
7796,Mia Anderson,Retail,Immediate,In-Store, vancouver,2024-08-26
7797,Madison Moore,Retail,Immediate,In-Store,Eugene,2025-12-22
7798,Michael Lee,Retail,Immediate,In-Store,Portland,2023-02-08
7799,Lucas Kim,Retail,Immediate,In-Store,Portland,2023-03-23
7800,Andrew Anderson,Retail,Immediate,In-Store,Portland,2022-09-11
7801,David Martin,Retail,Immediate,In-Store,Eugene,2022-10-19
7802,Robert Martin,Retail,Immediate,In-Store,Lake Oswego,2024-11-08
7803,Lucas Martin,Retail,Immediate,In-Store,Salem,2023-08-11
7804,Robert Thomas,Retail,Immediate,In-Store,Portland,2023-10-29
7805,Ella Johnson,Retail,Immediate,In-Store,Portland,2025-09-18
7806,Andrew Kim,Retail,Immediate,In-Store,Portland,2022-08-04
7807,Ava Brown,Retail,Immediate,In-Store,Portland,2024-06-30
7808,Michael Kim,Retail,Immediate,In-Store,Portland,2022-12-07
7809,Michael Nelson,Retail,Immediate,In-Store,Salem,2025-03-12
7810,Jessica Anderson,Retail,Immediate,In-Store,Gresham,2022-05-27
7811,MICHAEL CARTER ,Retail,Immediate,In-Store,Hillsboro,2023-04-10
7812,Sarah Jones,Retail,Immediate,In-Store,Portland,2024-06-13
7813,Ava Patel,Retail,Immediate,In-Store,Beaverton,2025-04-22
7814,David Thomas,Retail,Immediate,In-Store,Seattle,2022-03-09
7815,Grace Taylor,Retail,Immediate,In-Store,Portland,2022-05-10
7816,Jessica Brown,Retail,Immediate,In-Store,Portland,2023-01-26
7817,Christopher Anderson,Retail,Immediate,In-Store,Salem,2024-06-11
7818,Emma Nelson,Retail,Immediate,In-Store,Portland,2022-11-14
7819,Jessica Smith,Retail,Immediate,In-Store, portland,2022-08-12
7820,Isabella Williams,Retail,Immediate,In-Store,Corvallis,2023-10-31
7821,David Smith,Retail,Immediate,In-Store,Portland,2025-01-10
7822,GRACE TAYLOR ,Retail,Immediate,In-Store,Seattle,2024-08-24
7823,Mia Smith,Retail,Immediate,In-Store,Bend,2022-12-17
7824,Madison Garcia,Retail,Immediate,In-Store,Eugene,2025-06-08
7825,James Davis,Retail,Immediate,In-Store,Gresham,2024-02-21
7826,Liam Kim,Retail,Immediate,In-Store,Vancouver,2023-06-19
7827,Christopher Miller,Retail,Immediate,In-Store,Portland,2025-05-31
7828,NOAH JONES ,Retail,Immediate,In-Store,Portland,2025-11-12
7829,Matthew Nguyen,Retail,Immediate,In-Store, hillsboro,2022-06-23
7830,Robert Williams,Retail,Immediate,In-Store,Beaverton,2022-01-27
7831,David Miller,Retail,Immediate,In-Store, portland,2024-10-26
7832,Joseph Miller,Retail,Immediate,In-Store, hillsboro,2022-04-09
7833,Mia Jones,Retail,Immediate,In-Store,Portland,2025-12-19
7834,Andrew Nelson,Retail,Immediate,In-Store,Beaverton,2022-03-10
7835,Ava Anderson,Retail,Immediate,In-Store,Portland,2022-02-10
7836,Sarah Johnson,Retail,Immediate,In-Store, eugene,2022-07-08
7837,William Carter,Retail,Immediate,In-Store,Beaverton,2022-09-15
7838,Christopher Carter,Retail,Immediate,In-Store,Beaverton,2025-09-07
7839,Noah Smith,Retail,Immediate,In-Store,Bend,2022-10-02
7840,Daniel Johnson,Retail,Immediate,In-Store,Portland,2022-08-28
7841,Ashley Nelson,Retail,Immediate,In-Store,Hillsboro,2022-11-27
7842,SARAH MARTIN ,Retail,Immediate,In-Store,Portland,2022-12-09
7843,JAMES MOORE ,Retail,Immediate,In-Store,Portland,2022-04-19
7844,Michael Nelson,Retail,Immediate,In-Store,Beaverton,2023-04-24
7845,William Garcia,Retail,Immediate,In-Store,Eugene,2022-05-16
7846,MADISON KIM ,Retail,Immediate,In-Store,Bend,2022-06-07
7847,William Wilson,Retail,Immediate,In-Store,Portland,2024-02-03
7848,David Nguyen,Retail,Immediate,In-Store,Portland,2022-11-21
7849,Ethan Kim,Retail,Immediate,In-Store,Salem,2022-02-14
7850,Chloe Jones,Retail,Immediate,In-Store,Vancouver,2022-06-15
7851,Joseph Williams,Retail,Immediate,In-Store,Portland,2025-02-28
7852,JOSEPH MARTIN ,Retail,Immediate,In-Store,Salem,2022-09-02
7853,Sarah Johnson,Retail,Immediate,In-Store,Portland,2022-12-23
7854,Madison Garcia,Retail,Immediate,In-Store,Beaverton,2022-10-12
7855,Michael Miller,Retail,Immediate,In-Store,Portland,2022-03-02
7856,Emily Garcia,Retail,Immediate,In-Store,Portland,2025-07-13
7857,Noah Wilson,Retail,Immediate,In-Store,Bend,2022-02-04
7858,LUCAS NGUYEN ,Retail,Immediate,In-Store,Portland,2022-02-11
7859,Grace Williams,Retail,Immediate,In-Store,Beaverton,2024-06-22
7860,Lucas Miller,Retail,Immediate,In-Store,Hillsboro,2024-02-17
7861,William Smith,Retail,Immediate,In-Store,Portland,2024-02-06
7862,Isabella Wilson,Retail,Immediate,In-Store,Beaverton,2024-08-01
7863,William Martin,Retail,Immediate,In-Store,Eugene,2022-11-21
7864,Mia Garcia,Retail,Immediate,In-Store,Portland,2025-11-16
7865,ANDREW KIM ,Retail,Immediate,In-Store,Hillsboro,2025-09-28
7866,Emma Thomas,Retail,Immediate,In-Store,Vancouver,2022-06-29
7867,Hannah Nelson,Retail,Immediate,In-Store,Hillsboro,2025-03-31
7868,Mia Patel,Retail,Immediate,In-Store,Beaverton,2023-09-19
7869,Matthew Kim,Retail,Immediate,In-Store,Portland,2022-03-02
7870,Daniel Taylor,Retail,Immediate,In-Store,Corvallis,2025-08-08
7871,Liam Anderson,Retail,Immediate,In-Store,Hillsboro,2025-02-06
7872,James Nelson,Retail,Immediate,In-Store,Gresham,2022-09-13
7873,Matthew Lee,Retail,Immediate,In-Store,Portland,2023-12-31
7874,Grace Brown,Retail,Immediate,In-Store,Portland,2024-10-07
7875,Christopher Garcia,Retail,Immediate,In-Store,Portland,2022-09-11
7876,Chloe Nelson,Retail,Immediate,In-Store,Portland,2024-08-14
7877,Lucas Johnson,Retail,Immediate,In-Store,Corvallis,2022-04-05
7878,Robert Nguyen,Retail,Immediate,In-Store,Bend,2024-02-12
7879,Olivia Lee,Retail,Immediate,In-Store,Portland,2024-07-16
7880,Mia Wilson,Retail,Immediate,In-Store,Salem,2024-06-26
7881,MICHAEL BROWN ,Retail,Immediate,In-Store,Seattle,2022-02-23
7882,Andrew Williams,Retail,Immediate,In-Store,Gresham,2024-03-07
7883,Joseph Martin,Retail,Immediate,In-Store,Portland,2023-06-20
7884,MICHAEL ANDERSON ,Retail,Immediate,In-Store,Eugene,2024-11-23
7885,Chloe Carter,Retail,Immediate,In-Store,Portland,2022-11-21
7886,Ethan Kim,Retail,Immediate,In-Store,Portland,2024-01-23
7887,David Miller,Retail,Immediate,In-Store,Salem,2023-12-02
7888,ELLA MILLER ,Retail,Immediate,In-Store,Portland,2022-06-12
7889,Ella Nelson,Retail,Immediate,In-Store,Hillsboro,2025-10-03
7890,Daniel Martin,Retail,Immediate,In-Store,Lake Oswego,2023-06-30
7891,Hannah Martin,Retail,Immediate,In-Store,Portland,2025-02-25
7892,Ashley Jones,Retail,Immediate,In-Store,Eugene,2022-04-30
7893,Ethan Patel,Retail,Immediate,In-Store,Beaverton,2023-02-28
7894,James Kim,Retail,Immediate,In-Store,Portland,2023-04-04
7895,MASON KIM ,Retail,Immediate,In-Store,Beaverton,2022-04-16
7896,David Carter,Retail,Immediate,In-Store,Vancouver,2022-04-05
7897,CHLOE SMITH ,Retail,Immediate,In-Store,Portland,2024-09-21
7898,David Martin,Retail,Immediate,In-Store,Portland,2023-11-21
7899,Sophia Martin,Retail,Immediate,In-Store,Portland,2024-02-28
7900,Emily Wilson,Retail,Immediate,In-Store,Portland,2022-12-12
7901,Andrew Lee,Retail,Immediate,In-Store,Portland,2022-11-25
7902,Madison Williams,Retail,Immediate,In-Store,Bend,2025-04-29
7903,Robert Nelson,Retail,Immediate,In-Store,Portland,2025-05-08
7904,Joseph Patel,Retail,Immediate,In-Store,Gresham,2023-01-01
7905,Ava Kim,Retail,Immediate,In-Store,Gresham,2025-06-25
7906,Ethan Brown,Retail,Immediate,In-Store,Portland,2024-05-04
7907,Emily Martin,Retail,Immediate,In-Store, seattle,2025-07-18
7908,Mason Miller,Retail,Immediate,In-Store,Hillsboro,2025-10-10
7909,EMILY BROWN ,Retail,Immediate,In-Store,Beaverton,2024-09-17
7910,Liam Taylor,Retail,Immediate,In-Store, seattle,2023-02-10
7911,Matthew Kim,Retail,Immediate,In-Store, hillsboro,2025-03-11
7912,Robert Garcia,Retail,Immediate,In-Store,Portland,2023-06-06
7913,Robert Martin,Retail,Immediate,In-Store,Seattle,2024-05-23
7914,EMILY WILLIAMS ,Retail,Immediate,In-Store,Portland,2022-04-15
7915,Emma Thomas,Retail,Immediate,In-Store,Portland,2023-02-15
7916,Mia Moore,Retail,Immediate,In-Store,Portland,2022-04-21
7917,Grace Moore,Retail,Immediate,In-Store, beaverton,2023-09-19
7918,Isabella Davis,Retail,Immediate,In-Store,Portland,2025-02-23
7919,Emma Anderson,Retail,Immediate,In-Store,Tigard,2024-11-18
7920,Matthew Smith,Retail,Immediate,In-Store,Portland,2025-04-14
7921,HANNAH NELSON ,Retail,Immediate,In-Store,Eugene,2022-05-06
7922,Olivia Garcia,Retail,Immediate,In-Store,Seattle,2023-01-14
7923,Sophia Kim,Retail,Immediate,In-Store,Gresham,2022-08-11
7924,Liam Brown,Retail,Immediate,In-Store,Gresham,2025-11-07
7925,Lucas Jones,Retail,Immediate,In-Store,Portland,2024-04-20
7926,William Wilson,Retail,Immediate,In-Store,Portland,2024-06-02
7927,Hannah Carter,Retail,Immediate,In-Store,Portland,2024-07-15
7928,Joseph Nguyen,Retail,Immediate,In-Store, salem,2022-12-26
7929,Ethan Smith,Retail,Immediate,In-Store, portland,2023-02-02
7930,Andrew Wilson,Retail,Immediate,In-Store,Eugene,2023-08-01
7931,Lucas Johnson,Retail,Immediate,In-Store,Portland,2025-06-19
7932,Liam Lee,Retail,Immediate,In-Store,Seattle,2025-10-25
7933,William Garcia,Retail,Immediate,In-Store,Portland,2022-02-28
7934,Ethan Moore,Retail,Immediate,In-Store,Portland,2022-06-11
7935,Joseph Johnson,Retail,Immediate,In-Store,Salem,2024-02-11
7936,Ava Patel,Retail,Immediate,In-Store, salem,2025-08-23
7937,Chloe Jones,Retail,Immediate,In-Store,Eugene,2024-06-01
7938,James Wilson,Retail,Immediate,In-Store,Vancouver,2023-03-07
7939,Chloe Anderson,Retail,Immediate,In-Store,Portland,2024-09-29
7940,Andrew Garcia,Retail,Immediate,In-Store,Portland,2025-06-16
7941,David Jones,Retail,Immediate,In-Store,Portland,2022-03-10
7942,Michael Smith,Retail,Immediate,In-Store,Seattle,2023-02-09
7943,Hannah Garcia,Retail,Immediate,In-Store,Portland,2025-05-17
7944,Ava Jones,Retail,Immediate,In-Store,Portland,2025-07-22
7945,GRACE THOMAS ,Retail,Immediate,In-Store,Hillsboro,2022-06-28
7946,Grace Jones,Retail,Immediate,In-Store,Portland,2023-06-23
7947,James Brown,Retail,Immediate,In-Store,Portland,2023-12-01
7948,Matthew Patel,Retail,Immediate,In-Store,Portland,2025-07-24
7949,Matthew Miller,Retail,Immediate,In-Store,Corvallis,2022-01-22
7950,Ella Moore,Retail,Immediate,In-Store,Hillsboro,2024-10-12
7951,Olivia Jones,Retail,Immediate,In-Store, portland,2025-06-22
7952,ROBERT NGUYEN ,Retail,Immediate,In-Store,Eugene,2025-12-05
7953,Michael Nguyen,Retail,Immediate,In-Store, portland,2022-07-13
7954,Ethan Johnson,Retail,Immediate,In-Store,Portland,2024-09-23
7955,JESSICA GARCIA ,Retail,Immediate,In-Store,Gresham,2022-08-18
7956,Ella Anderson,Retail,Immediate,In-Store, beaverton,2024-02-07
7957,EMMA TAYLOR ,Retail,Immediate,In-Store,Portland,2023-08-26
7958,Ella Patel,Retail,Immediate,In-Store,Portland,2025-01-13
7959,Hannah Jones,Retail,Immediate,In-Store,Beaverton,2025-05-03
7960,Mason Jones,Retail,Immediate,In-Store, portland,2025-03-05
7961,Isabella Thomas,Retail,Immediate,In-Store,Salem,2024-11-28
7962,JAMES MARTIN ,Retail,Immediate,In-Store,Portland,2024-10-11
7963,Mason Taylor,Retail,Immediate,In-Store, corvallis,2024-06-02
7964,Ella Nguyen,Retail,Immediate,In-Store,Portland,2025-04-10
7965,ETHAN NELSON ,Retail,Immediate,In-Store,Portland,2024-06-18
7966,Lucas Taylor,Retail,Immediate,In-Store,Portland,2023-01-27
7967,Robert Martin,Retail,Immediate,In-Store,Portland,2024-12-06
7968,Isabella Nguyen,Retail,Immediate,In-Store,Portland,2022-09-29
7969,Lucas Patel,Retail,Immediate,In-Store,Salem,2024-12-16
7970,GRACE WILSON ,Retail,Immediate,In-Store, tigard,2022-01-04
7971,Jessica Lee,Retail,Immediate,In-Store,Portland,2025-03-04
7972,Ava Jones,Retail,Immediate,In-Store,Beaverton,2023-04-14
7973,EMMA ANDERSON ,Retail,Immediate,In-Store, portland,2023-01-21
7974,Ethan Brown,Retail,Immediate,In-Store,Corvallis,2022-04-11
7975,Hannah Thomas,Retail,Immediate,In-Store,Salem,2022-09-11
7976,Grace Moore,Retail,Immediate,In-Store,Gresham,2025-01-26
7977,Isabella Lee,Retail,Immediate,In-Store,Portland,2022-03-30
7978,Jessica Nguyen,Retail,Immediate,In-Store,Salem,2023-01-15
7979,Liam Nguyen,Retail,Immediate,In-Store,Eugene,2022-01-23
7980,EMILY WILSON ,Retail,Immediate,In-Store,Hillsboro,2022-05-17
7981,Christopher Anderson,Retail,Immediate,In-Store,Corvallis,2025-01-29
7982,Olivia Garcia,Retail,Immediate,In-Store,Salem,2023-11-03
7983,Madison Davis,Retail,Immediate,In-Store,Portland,2023-02-03
7984,ELLA LEE ,Retail,Immediate,In-Store,Portland,2022-02-12
7985,Michael Patel,Retail,Immediate,In-Store,Beaverton,2025-06-30
7986,Daniel Nguyen,Retail,Immediate,In-Store,Beaverton,2022-02-05
7987,Olivia Martin,Retail,Immediate,In-Store,Portland,2025-01-29
7988,Grace Miller,Retail,Immediate,In-Store,Beaverton,2023-12-19
7989,Mia Kim,Retail,Immediate,In-Store,Corvallis,2023-07-30
7990,Noah Nguyen,Retail,Immediate,In-Store, portland,2022-09-23
7991,Jessica Taylor,Retail,Immediate,In-Store,Beaverton,2022-07-09
7992,Grace Johnson,Retail,Immediate,In-Store,Portland,2025-07-09
7993,Matthew Carter,Retail,Immediate,In-Store,Portland,2025-10-29
7994,Matthew Anderson,Retail,Immediate,In-Store,Portland,2024-08-26
7995,William Thomas,Retail,Immediate,In-Store,Salem,2023-05-31
7996,Daniel Moore,Retail,Immediate,In-Store,Portland,2023-11-07
7997,Lucas Garcia,Retail,Immediate,In-Store,Eugene,2022-01-07
7998,Christopher Johnson,Retail,Immediate,In-Store,Seattle,2025-06-29
7999,Mia Martin,Retail,Immediate,In-Store,Portland,2025-04-11
8000,Jessica Taylor,Retail,Immediate,In-Store,Eugene,2025-12-05
8001,Sophia Johnson,Retail,Immediate,In-Store,Portland,2023-06-10
8002,MATTHEW JOHNSON ,Retail,Immediate,In-Store,Portland,2022-07-26
8003,James Garcia,Retail,Immediate,In-Store,Portland,2024-07-30
8004,Hannah Brown,Retail,Immediate,In-Store,Portland,2022-07-17
8005,Ava Anderson,Retail,Immediate,In-Store,Hillsboro,2024-03-23
8006,Liam Nguyen,Retail,Immediate,In-Store,Beaverton,2025-02-19
8007,JESSICA DAVIS ,Retail,Immediate,In-Store,Portland,2024-07-05
8008,Mia Thomas,Retail,Immediate,In-Store,Portland,2024-09-13
8009,Ava Lee,Retail,Immediate,In-Store,Portland,2024-01-15
8010,Michael Moore,Retail,Immediate,In-Store,Portland,2025-02-06
8011,Ashley Patel,Retail,Immediate,In-Store,Salem,2025-06-19
8012,EMILY LEE ,Retail,Immediate,In-Store,Portland,2024-07-07
8013,ASHLEY THOMAS ,Retail,Immediate,In-Store,Beaverton,2022-01-17
8014,Jessica Thomas,Retail,Immediate,In-Store,Portland,2024-10-20
8015,WILLIAM NGUYEN ,Retail,Immediate,In-Store, portland,2022-01-19
8016,Chloe Smith,Retail,Immediate,In-Store,Portland,2022-08-29
8017,Emma Jones,Retail,Immediate,In-Store,Portland,2023-10-01
8018,Mason Taylor,Retail,Immediate,In-Store,Eugene,2023-01-19
8019,Christopher Carter,Retail,Immediate,In-Store,Portland,2023-04-02
8020,Ella Jones,Retail,Immediate,In-Store,Portland,2023-07-17
8021,Ashley Williams,Retail,Immediate,In-Store,Eugene,2023-07-19
8022,Daniel Kim,Retail,Immediate,In-Store,Portland,2023-01-28
8023,Ashley Nguyen,Retail,Immediate,In-Store,Portland,2025-10-30
8024,Olivia Carter,Retail,Immediate,In-Store,Salem,2022-08-29
8025,MATTHEW GARCIA ,Retail,Immediate,In-Store,Portland,2022-12-01
8026,Grace Kim,Retail,Immediate,In-Store,Portland,2023-01-24
8027,Ethan Martin,Retail,Immediate,In-Store,Eugene,2024-02-29
8028,LIAM NGUYEN ,Retail,Immediate,In-Store,Portland,2023-11-02
8029,EMILY MILLER ,Retail,Immediate,In-Store,Eugene,2024-01-30
8030,Ethan Lee,Retail,Immediate,In-Store,Portland,2023-09-26
8031,Lucas Carter,Retail,Immediate,In-Store,Portland,2023-09-28
8032,Jessica Patel,Retail,Immediate,In-Store,Portland,2022-11-09
8033,LUCAS CARTER ,Retail,Immediate,In-Store,Beaverton,2023-07-27
8034,SARAH MILLER ,Retail,Immediate,In-Store,Portland,2024-06-20
8035,William Anderson,Retail,Immediate,In-Store,Portland,2024-12-19
8036,Madison Miller,Retail,Immediate,In-Store,Portland,2024-09-10
8037,Jessica Garcia,Retail,Immediate,In-Store,Hillsboro,2024-04-21
8038,Mason Martin,Retail,Immediate,In-Store,Portland,2024-01-14
8039,Emma Thomas,Retail,Immediate,In-Store,Portland,2022-07-25
8040,Sophia Patel,Retail,Immediate,In-Store,Portland,2024-04-05
8041,Mia Garcia,Retail,Immediate,In-Store,Gresham,2022-08-16
8042,James Lee,Retail,Immediate,In-Store,Hillsboro,2022-09-07
8043,Hannah Wilson,Retail,Immediate,In-Store,Gresham,2022-02-02
8044,Sophia Anderson,Retail,Immediate,In-Store,Portland,2025-11-15
8045,MICHAEL GARCIA ,Retail,Immediate,In-Store,Bend,2022-10-03
8046,Jessica Miller,Retail,Immediate,In-Store,Portland,2022-12-01
8047,Joseph Williams,Retail,Immediate,In-Store,Gresham,2024-07-12
8048,Michael Nelson,Retail,Immediate,In-Store,Beaverton,2025-07-05
8049,CHRISTOPHER TAYLOR ,Retail,Immediate,In-Store,Portland,2022-04-14
8050,Joseph Moore,Retail,Immediate,In-Store,Corvallis,2022-12-06
8051,Robert Wilson,Retail,Immediate,In-Store,Hillsboro,2023-07-22
8052,Isabella Thomas,Retail,Immediate,In-Store,Hillsboro,2022-07-23
8053,ASHLEY MARTIN ,Retail,Immediate,In-Store,Portland,2023-01-26
8054,Andrew Davis,Retail,Immediate,In-Store,Gresham,2023-01-09
8055,Joseph Johnson,Retail,Immediate,In-Store,Tigard,2023-12-26
8056,Sophia Taylor,Retail,Immediate,In-Store,Portland,2023-08-31
8057,MIA MOORE ,Retail,Immediate,In-Store, salem,2022-12-23
8058,Ava Williams,Retail,Immediate,In-Store, vancouver,2023-01-05
8059,Joseph Davis,Retail,Immediate,In-Store,Tigard,2023-07-30
8060,Ella Thomas,Retail,Immediate,In-Store,Portland,2022-09-22
8061,James Davis,Retail,Immediate,In-Store,Portland,2022-01-10
8062,Noah Taylor,Retail,Immediate,In-Store, portland,2022-08-17
8063,Ava Miller,Retail,Immediate,In-Store,Bend,2025-01-21
8064,Hannah Taylor,Retail,Immediate,In-Store,Portland,2025-02-14
8065,Sophia Smith,Retail,Immediate,In-Store,Portland,2023-06-28
8066,Emma Kim,Retail,Immediate,In-Store,Hillsboro,2025-02-21
8067,ANDREW PATEL ,Retail,Immediate,In-Store, portland,2023-10-15
8068,Matthew Thomas,Retail,Immediate,In-Store,Portland,2024-11-04
8069,Chloe Martin,Retail,Immediate,In-Store,Portland,2024-02-11
8070,Christopher Lee,Retail,Immediate,In-Store,Bend,2023-09-19
8071,Lucas Johnson,Retail,Immediate,In-Store,Portland,2023-12-25
8072,Olivia Martin,Retail,Immediate,In-Store,Eugene,2022-12-05
8073,Ella Anderson,Retail,Immediate,In-Store,Hillsboro,2023-10-31
8074,Chloe Garcia,Retail,Immediate,In-Store,Portland,2025-11-13
8075,Matthew Anderson,Retail,Immediate,In-Store,Portland,2022-01-22
8076,ELLA DAVIS ,Retail,Immediate,In-Store,Hillsboro,2022-08-27
8077,Madison Smith,Retail,Immediate,In-Store,Hillsboro,2022-09-03
8078,William Brown,Retail,Immediate,In-Store,Portland,2022-12-03
8079,Ella Taylor,Retail,Immediate,In-Store,Portland,2022-02-09
8080,NOAH MOORE ,Retail,Immediate,In-Store, portland,2024-03-14
8081,Sarah Brown,Retail,Immediate,In-Store,Beaverton,2024-11-21
8082,Liam Taylor,Retail,Immediate,In-Store,Seattle,2025-12-04
8083,David Williams,Retail,Immediate,In-Store,Portland,2023-11-18
8084,DAVID SMITH ,Retail,Immediate,In-Store, corvallis,2023-11-10
8085,Liam Johnson,Retail,Immediate,In-Store,Portland,2022-11-12
8086,James Jones,Retail,Immediate,In-Store,Hillsboro,2025-03-28
8087,Emily Nelson,Retail,Immediate,In-Store,Portland,2025-09-05
8088,MIA MILLER ,Retail,Immediate,In-Store,Lake Oswego,2023-01-29
8089,Chloe Brown,Retail,Immediate,In-Store,Portland,2023-03-05
8090,Matthew Patel,Retail,Immediate,In-Store,Hillsboro,2024-12-05
8091,Hannah Moore,Retail,Immediate,In-Store,Bend,2024-08-23
8092,Joseph Taylor,Retail,Immediate,In-Store,Portland,2025-10-19
8093,Emma Lee,Retail,Immediate,In-Store,Portland,2024-11-30
8094,Joseph Miller,Retail,Immediate,In-Store,Hillsboro,2022-07-12
8095,Ashley Miller,Retail,Immediate,In-Store,Portland,2025-11-07
8096,Christopher Lee,Retail,Immediate,In-Store,Beaverton,2022-04-16
8097,Robert Moore,Retail,Immediate,In-Store, portland,2023-11-18
8098,JOSEPH NGUYEN ,Retail,Immediate,In-Store,Gresham,2022-01-19
8099,Michael Patel,Retail,Immediate,In-Store,Tigard,2024-01-01
8100,Matthew Garcia,Retail,Immediate,In-Store,Bend,2023-06-19
8101,William Johnson,Retail,Immediate,In-Store,Portland,2022-01-10
8102,EMMA JONES ,Retail,Immediate,In-Store,Seattle,2022-12-07
8103,Ethan Taylor,Retail,Immediate,In-Store,Hillsboro,2024-09-30
8104,Liam Martin,Retail,Immediate,In-Store,Gresham,2025-12-09
8105,Ethan Wilson,Retail,Immediate,In-Store,Beaverton,2025-05-03
8106,Isabella Davis,Retail,Immediate,In-Store,Portland,2022-07-11
8107,Ashley Nelson,Retail,Immediate,In-Store,Portland,2023-05-01
8108,CHRISTOPHER DAVIS ,Retail,Immediate,In-Store,Portland,2024-09-02
8109,LUCAS BROWN ,Retail,Immediate,In-Store,Portland,2025-01-10
8110,JOSEPH NELSON ,Retail,Immediate,In-Store,Lake Oswego,2024-08-04
8111,Grace Garcia,Retail,Immediate,In-Store,Portland,2022-02-12
8112,SOPHIA ANDERSON ,Retail,Immediate,In-Store,Gresham,2024-01-02
8113,Hannah Martin,Retail,Immediate,In-Store,Salem,2024-09-18
8114,Daniel Nelson,Retail,Immediate,In-Store, beaverton,2022-09-21
8115,Ava Thomas,Retail,Immediate,In-Store,Portland,2025-04-05
8116,Christopher Kim,Retail,Immediate,In-Store,Portland,2024-06-17
8117,WILLIAM WILSON ,Retail,Immediate,In-Store,Portland,2025-12-20
8118,Michael Anderson,Retail,Immediate,In-Store,Tigard,2025-11-08
8119,Emily Johnson,Retail,Immediate,In-Store,Portland,2022-12-13
8120,Noah Taylor,Retail,Immediate,In-Store,Portland,2024-10-13
8121,MICHAEL LEE ,Retail,Immediate,In-Store,Portland,2025-04-02
8122,ASHLEY THOMAS ,Retail,Immediate,In-Store,Portland,2023-07-08
8123,Olivia Moore,Retail,Immediate,In-Store,Portland,2024-07-12
8124,Olivia Miller,Retail,Immediate,In-Store,Portland,2023-10-03
8125,David Jones,Retail,Immediate,In-Store,Portland,2022-06-19
8126,William Williams,Retail,Immediate,In-Store,Portland,2025-06-22
8127,WILLIAM ANDERSON ,Retail,Immediate,In-Store,Portland,2025-03-18
8128,Emma Thomas,Retail,Immediate,In-Store,Beaverton,2023-07-05
8129,Sarah Moore,Retail,Immediate,In-Store,Portland,2023-03-13
8130,Michael Taylor,Retail,Immediate,In-Store,Portland,2023-04-19
8131,WILLIAM GARCIA ,Retail,Immediate,In-Store,Gresham,2025-08-27
8132,Jessica Johnson,Retail,Immediate,In-Store,Bend,2022-12-11
8133,Joseph Nelson,Retail,Immediate,In-Store,Portland,2022-05-23
8134,Chloe Nelson,Retail,Immediate,In-Store,Portland,2022-06-05
8135,Mason Miller,Retail,Immediate,In-Store,Portland,2024-07-28
8136,Matthew Davis,Retail,Immediate,In-Store,Portland,2023-08-13
8137,Noah Wilson,Retail,Immediate,In-Store,Portland,2023-07-31
8138,Liam Johnson,Retail,Immediate,In-Store,Salem,2025-04-23
8139,Ethan Taylor,Retail,Immediate,In-Store,Portland,2024-02-13
8140,Noah Miller,Retail,Immediate,In-Store,Portland,2023-11-27
8141,Robert Nelson,Retail,Immediate,In-Store,Portland,2024-09-30
8142,Grace Smith,Retail,Immediate,In-Store,Portland,2024-10-10
8143,Daniel Wilson,Retail,Immediate,In-Store,Hillsboro,2024-04-13
8144,Olivia Wilson,Retail,Immediate,In-Store,Portland,2023-04-15
8145,Isabella Nguyen,Retail,Immediate,In-Store,Vancouver,2024-05-21
8146,Mason Kim,Retail,Immediate,In-Store,Eugene,2023-11-14
8147,Grace Nguyen,Retail,Immediate,In-Store,Beaverton,2025-07-09
8148,Noah Thomas,Retail,Immediate,In-Store, gresham,2022-02-22
8149,Joseph Moore,Retail,Immediate,In-Store,Bend,2023-06-11
8150,Robert Taylor,Retail,Immediate,In-Store,Portland,2023-07-02
8151,Jessica Anderson,Retail,Immediate,In-Store,Portland,2022-08-23
8152,Isabella Taylor,Retail,Immediate,In-Store,Portland,2023-03-17
8153,Emma Taylor,Retail,Immediate,In-Store,Portland,2022-01-27
8154,Christopher Smith,Retail,Immediate,In-Store,Portland,2025-05-07
8155,HANNAH WILSON ,Retail,Immediate,In-Store,Bend,2022-07-03
8156,David Moore,Retail,Immediate,In-Store,Portland,2025-06-30
8157,Sarah Martin,Retail,Immediate,In-Store,Portland,2022-05-22
8158,Andrew Nelson,Retail,Immediate,In-Store,Hillsboro,2023-04-05
8159,MASON NELSON ,Retail,Immediate,In-Store,Bend,2024-06-27
8160,James Patel,Retail,Immediate,In-Store,Portland,2022-03-03
8161,Joseph Lee,Retail,Immediate,In-Store,Portland,2023-08-02
8162,Ella Taylor,Retail,Immediate,In-Store,Portland,2024-01-31
8163,Mason Martin,Retail,Immediate,In-Store,Salem,2022-01-11
8164,William Davis,Retail,Immediate,In-Store,Portland,2024-11-04
8165,Grace Taylor,Retail,Immediate,In-Store,Gresham,2023-10-15
8166,Mia Patel,Retail,Immediate,In-Store,Portland,2023-02-22
8167,Matthew Smith,Retail,Immediate,In-Store, portland,2022-06-23
8168,Michael Nelson,Retail,Immediate,In-Store,Eugene,2022-12-30
8169,Emily Moore,Retail,Immediate,In-Store,Bend,2024-10-01
8170,Noah Jones,Retail,Immediate,In-Store,Portland,2025-05-18
8171,Lucas Anderson,Retail,Immediate,In-Store,Portland,2024-11-21
8172,Ella Anderson,Retail,Immediate,In-Store,Portland,2024-09-09
8173,Madison Smith,Retail,Immediate,In-Store,Portland,2024-08-04
8174,Madison Nguyen,Retail,Immediate,In-Store,Portland,2023-02-21
8175,Noah Kim,Retail,Immediate,In-Store,Portland,2024-07-23
8176,Isabella Garcia,Retail,Immediate,In-Store, portland,2025-09-07
8177,Liam Carter,Retail,Immediate,In-Store,Portland,2024-07-26
8178,JOSEPH CARTER ,Retail,Immediate,In-Store,Eugene,2024-10-17
8179,David Nelson,Retail,Immediate,In-Store,Portland,2022-08-26
8180,David Williams,Retail,Immediate,In-Store,Tigard,2022-03-19
8181,Hannah Moore,Retail,Immediate,In-Store,Portland,2022-04-07
8182,Ethan Jones,Retail,Immediate,In-Store,Portland,2024-11-05
8183,Matthew Martin,Retail,Immediate,In-Store,Gresham,2025-04-30
8184,Joseph Nelson,Retail,Immediate,In-Store,Portland,2024-03-12
8185,Sarah Anderson,Retail,Immediate,In-Store,Portland,2025-03-22
8186,LUCAS DAVIS ,Retail,Immediate,In-Store,Corvallis,2023-11-17
8187,MASON LEE ,Retail,Immediate,In-Store, portland,2025-06-11
8188,Christopher Thomas,Retail,Immediate,In-Store,Portland,2023-03-30
8189,ASHLEY TAYLOR ,Retail,Immediate,In-Store,Vancouver,2022-07-06
8190,Andrew Davis,Retail,Immediate,In-Store,Beaverton,2023-09-17
8191,Grace Nelson,Retail,Immediate,In-Store,Portland,2025-02-04
8192,Emma Moore,Retail,Immediate,In-Store,Portland,2022-05-07
8193,Matthew Davis,Retail,Immediate,In-Store,Beaverton,2022-03-01
8194,Ella Nguyen,Retail,Immediate,In-Store,Lake Oswego,2023-10-05
8195,Emily Kim,Retail,Immediate,In-Store,Portland,2023-08-07
8196,Andrew Carter,Retail,Immediate,In-Store,Vancouver,2023-11-13
8197,Mia Wilson,Retail,Immediate,In-Store,Portland,2023-12-25
8198,Grace Thomas,Retail,Immediate,In-Store,Portland,2025-02-02
8199,Emily Jones,Retail,Immediate,In-Store,Portland,2022-05-01
8200,Grace Davis,Retail,Immediate,In-Store,Bend,2024-12-18
8201,Noah Taylor,Retail,Immediate,In-Store,Portland,2025-01-16
8202,Sophia Lee,Retail,Immediate,In-Store,Portland,2024-09-08
8203,Michael Taylor,Retail,Immediate,In-Store,Portland,2023-07-31
8204,Ava Patel,Retail,Immediate,In-Store,Vancouver,2024-08-28
8205,Christopher Williams,Retail,Immediate,In-Store,Portland,2024-06-13
8206,Ella Brown,Retail,Immediate,In-Store,Hillsboro,2023-12-21
8207,Liam Miller,Retail,Immediate,In-Store,Portland,2025-02-05
8208,Isabella Taylor,Retail,Immediate,In-Store,Portland,2023-08-24
8209,Robert Kim,Retail,Immediate,In-Store,Portland,2022-04-29
8210,MADISON MILLER ,Retail,Immediate,In-Store,Portland,2022-02-28
8211,Ethan Patel,Retail,Immediate,In-Store,Portland,2023-04-27
8212,Emma Nelson,Retail,Immediate,In-Store,Seattle,2025-02-13
8213,David Johnson,Retail,Immediate,In-Store,Portland,2023-06-15
8214,Michael Carter,Retail,Immediate,In-Store,Portland,2025-02-13
8215,Robert Brown,Retail,Immediate,In-Store,Gresham,2024-11-27
8216,Sophia Jones,Retail,Immediate,In-Store,Portland,2025-10-18
8217,Jessica Lee,Retail,Immediate,In-Store,Portland,2023-01-27
8218,Olivia Kim,Retail,Immediate,In-Store,Salem,2024-09-02
8219,Ethan Wilson,Retail,Immediate,In-Store,Portland,2024-09-30
8220,Andrew Davis,Retail,Immediate,In-Store,Gresham,2022-02-02
8221,David Garcia,Retail,Immediate,In-Store,Portland,2022-07-26
8222,Ashley Lee,Retail,Immediate,In-Store,Beaverton,2023-05-18
8223,ASHLEY NGUYEN ,Retail,Immediate,In-Store,Eugene,2023-11-27
8224,Matthew Williams,Retail,Immediate,In-Store,Portland,2022-08-07
8225,LIAM MOORE ,Retail,Immediate,In-Store,Portland,2024-08-19
8226,Olivia Jones,Retail,Immediate,In-Store,Lake Oswego,2025-06-30
8227,Jessica Smith,Retail,Immediate,In-Store,Salem,2025-07-06
8228,Andrew Patel,Retail,Immediate,In-Store,Portland,2024-04-05
8229,EMMA MARTIN ,Retail,Immediate,In-Store,Portland,2023-01-15
8230,Olivia Garcia,Retail,Immediate,In-Store,Portland,2024-10-11
8231,Jessica Williams,Retail,Immediate,In-Store,Portland,2024-07-15
8232,Noah Garcia,Retail,Immediate,In-Store,Portland,2023-07-21
8233,Ethan Lee,Retail,Immediate,In-Store,Gresham,2022-01-01
8234,Joseph Miller,Retail,Immediate,In-Store,Beaverton,2023-05-12
8235,Liam Moore,Retail,Immediate,In-Store,Hillsboro,2024-01-17
8236,Joseph Nelson,Retail,Immediate,In-Store,Portland,2023-07-04
8237,Emily Davis,Retail,Immediate,In-Store,Eugene,2025-09-16
8238,William Moore,Retail,Immediate,In-Store,Portland,2022-08-05
8239,Andrew Anderson,Retail,Immediate,In-Store,Hillsboro,2025-06-07
8240,Emma Garcia,Retail,Immediate,In-Store,Portland,2024-08-29
8241,MASON TAYLOR ,Retail,Immediate,In-Store,Tigard,2024-04-21
8242,Chloe Wilson,Retail,Immediate,In-Store,Portland,2022-06-30
8243,Christopher Kim,Retail,Immediate,In-Store,Portland,2023-12-06
8244,Ashley Johnson,Retail,Immediate,In-Store,Portland,2022-05-14
8245,Daniel Martin,Retail,Immediate,In-Store, portland,2025-04-06
8246,Isabella Anderson,Retail,Immediate,In-Store,Hillsboro,2022-04-13
8247,William Thomas,Retail,Immediate,In-Store,Vancouver,2024-02-16
8248,Michael Thomas,Retail,Immediate,In-Store,Portland,2022-04-05
8249,Grace Brown,Retail,Immediate,In-Store,Eugene,2025-10-15
8250,David Wilson,Retail,Immediate,In-Store,Beaverton,2025-06-16
8251,Olivia Smith,Retail,Immediate,In-Store,Portland,2023-03-20
8252,Sarah Kim,Retail,Immediate,In-Store, portland,2022-12-14
8253,Chloe Garcia,Retail,Immediate,In-Store, portland,2025-12-19
8254,Isabella Williams,Retail,Immediate,In-Store,Tigard,2023-03-06
8255,Joseph Wilson,Retail,Immediate,In-Store,Portland,2025-02-01
8256,JAMES JONES ,Retail,Immediate,In-Store,Portland,2025-07-30
8257,Christopher Patel,Retail,Immediate,In-Store,Portland,2025-09-05
8258,ROBERT BROWN ,Retail,Immediate,In-Store,Hillsboro,2025-12-10
8259,Mia Miller,Retail,Immediate,In-Store,Salem,2023-07-23
8260,Andrew Smith,Retail,Immediate,In-Store,Eugene,2023-05-25
8261,Noah Kim,Retail,Immediate,In-Store,Beaverton,2025-08-02
8262,Joseph Nelson,Retail,Immediate,In-Store,Portland,2023-06-21
8263,Noah Wilson,Retail,Immediate,In-Store,Portland,2024-11-26
8264,Mason Nelson,Retail,Immediate,In-Store, salem,2022-04-12
8265,Grace Garcia,Retail,Immediate,In-Store,Vancouver,2023-06-14
8266,JESSICA MILLER ,Retail,Immediate,In-Store,Tigard,2024-02-05
8267,James Carter,Retail,Immediate,In-Store,Portland,2024-06-23
8268,Ella Lee,Retail,Immediate,In-Store,Portland,2023-05-18
8269,Chloe Anderson,Retail,Immediate,In-Store,Portland,2025-06-29
8270,JESSICA KIM ,Retail,Immediate,In-Store,Hillsboro,2022-06-29
8271,Jessica Thomas,Retail,Immediate,In-Store,Portland,2023-05-17
8272,GRACE JOHNSON ,Retail,Immediate,In-Store,Portland,2023-01-06
8273,Sophia Nelson,Retail,Immediate,In-Store,Tigard,2023-10-11
8274,Ava Smith,Retail,Immediate,In-Store,Vancouver,2025-10-08
8275,Lucas Johnson,Retail,Immediate,In-Store,Portland,2025-01-13
8276,James Brown,Retail,Immediate,In-Store, vancouver,2022-07-03
8277,LIAM BROWN ,Retail,Immediate,In-Store,Portland,2025-05-01
8278,David Thomas,Retail,Immediate,In-Store,Portland,2024-02-19
8279,Hannah Anderson,Retail,Immediate,In-Store,Portland,2025-01-04
8280,Joseph Brown,Retail,Immediate,In-Store,Portland,2022-03-19
8281,WILLIAM MOORE ,Retail,Immediate,In-Store,Portland,2022-12-17
8282,Lucas Davis,Retail,Immediate,In-Store,Hillsboro,2025-12-28
8283,MASON WILSON ,Retail,Immediate,In-Store,Portland,2023-05-21
8284,Emily Nguyen,Retail,Immediate,In-Store,Portland,2022-04-12
8285,Matthew Johnson,Retail,Immediate,In-Store,Tigard,2023-11-19
8286,Isabella Davis,Retail,Immediate,In-Store, tigard,2022-09-21
8287,Matthew Taylor,Retail,Immediate,In-Store,Portland,2022-06-04
8288,GRACE NGUYEN ,Retail,Immediate,In-Store,Portland,2022-11-03
8289,Isabella Taylor,Retail,Immediate,In-Store,Portland,2025-11-14
8290,MIA WILLIAMS ,Retail,Immediate,In-Store,Gresham,2022-06-07
8291,Daniel Carter,Retail,Immediate,In-Store,Vancouver,2024-04-29
8292,Olivia Anderson,Retail,Immediate,In-Store,Portland,2023-07-08
8293,Isabella Jones,Retail,Immediate,In-Store,Portland,2022-07-05
8294,Robert Taylor,Retail,Immediate,In-Store,Portland,2022-03-01
8295,MICHAEL BROWN ,Retail,Immediate,In-Store, portland,2024-05-04
8296,Liam Davis,Retail,Immediate,In-Store,Corvallis,2022-09-05
8297,David Jones,Retail,Immediate,In-Store,Seattle,2022-08-14
8298,Sophia Williams,Retail,Immediate,In-Store, bend,2023-08-19
8299,Ethan Moore,Retail,Immediate,In-Store,Portland,2024-02-11
8300,Christopher Davis,Retail,Immediate,In-Store,Eugene,2022-06-15
8301,Michael Anderson,Retail,Immediate,In-Store,Eugene,2025-01-27
8302,NOAH LEE ,Retail,Immediate,In-Store,Portland,2022-09-20
8303,Liam Miller,Retail,Immediate,In-Store,Portland,2024-11-22
8304,Ethan Patel,Retail,Immediate,In-Store,Portland,2023-08-29
8305,Mia Miller,Retail,Immediate,In-Store,Portland,2022-04-14
8306,Michael Martin,Retail,Immediate,In-Store,Portland,2022-03-20
8307,Joseph Williams,Retail,Immediate,In-Store,Eugene,2022-01-17
8308,Sarah Smith,Retail,Immediate,In-Store,Beaverton,2025-11-09
8309,Isabella Anderson,Retail,Immediate,In-Store,Portland,2024-01-17
8310,Ashley Garcia,Retail,Immediate,In-Store,Tigard,2023-11-30
8311,Mason Jones,Retail,Immediate,In-Store,Gresham,2025-09-10
8312,Isabella Kim,Retail,Immediate,In-Store,Tigard,2024-08-25
8313,Ashley Jones,Retail,Immediate,In-Store,Portland,2025-08-17
8314,James Williams,Retail,Immediate,In-Store,Portland,2023-02-09
8315,Ashley Wilson,Retail,Immediate,In-Store,Portland,2023-10-03
8316,Christopher Taylor,Retail,Immediate,In-Store,Seattle,2024-11-21
8317,EMILY DAVIS ,Retail,Immediate,In-Store,Gresham,2023-04-08
8318,Ashley Moore,Retail,Immediate,In-Store,Eugene,2024-05-20
8319,Andrew Martin,Retail,Immediate,In-Store,Lake Oswego,2022-01-10
8320,Liam Smith,Retail,Immediate,In-Store,Hillsboro,2024-02-09
8321,ANDREW MARTIN ,Retail,Immediate,In-Store,Eugene,2023-09-11
8322,Ava Wilson,Retail,Immediate,In-Store,Portland,2025-01-04
8323,Liam Nguyen,Retail,Immediate,In-Store,Portland,2022-01-30
8324,Ava Taylor,Retail,Immediate,In-Store,Portland,2022-06-16
8325,MADISON MOORE ,Retail,Immediate,In-Store,Portland,2023-07-12
8326,Hannah Miller,Retail,Immediate,In-Store,Seattle,2023-12-09
8327,James Martin,Retail,Immediate,In-Store,Portland,2025-10-04
8328,Sophia Davis,Retail,Immediate,In-Store,Gresham,2024-07-02
8329,Sarah Brown,Retail,Immediate,In-Store,Bend,2024-06-19
8330,Michael Kim,Retail,Immediate,In-Store,Portland,2025-12-22
8331,Noah Smith,Retail,Immediate,In-Store,Salem,2023-07-28
8332,William Brown,Retail,Immediate,In-Store,Portland,2025-10-19
8333,Sophia Kim,Retail,Immediate,In-Store,Gresham,2022-11-11
8334,William Williams,Retail,Immediate,In-Store,Portland,2025-10-03
8335,Ethan Lee,Retail,Immediate,In-Store, tigard,2024-01-02
8336,James Jones,Retail,Immediate,In-Store,Portland,2022-12-25
8337,James Johnson,Retail,Immediate,In-Store,Portland,2023-10-12
8338,Ella Nguyen,Retail,Immediate,In-Store,Portland,2024-01-29
8339,Ava Jones,Retail,Immediate,In-Store,Hillsboro,2024-03-01
8340,Ava Williams,Retail,Immediate,In-Store,Portland,2023-01-26
8341,EMILY PATEL ,Retail,Immediate,In-Store,Beaverton,2024-01-31
8342,Mia Miller,Retail,Immediate,In-Store,Portland,2022-12-07
8343,Ella Smith,Retail,Immediate,In-Store,Portland,2023-02-03
8344,MASON DAVIS ,Retail,Immediate,In-Store, portland,2025-07-27
8345,Jessica Nguyen,Retail,Immediate,In-Store,Beaverton,2024-06-30
8346,Ella Martin,Retail,Immediate,In-Store,Portland,2025-02-27
8347,Michael Brown,Retail,Immediate,In-Store,Portland,2025-03-01
8348,Joseph Miller,Retail,Immediate,In-Store,Portland,2025-10-25
8349,Noah Garcia,Retail,Immediate,In-Store,Bend,2022-08-27
8350,David Miller,Retail,Immediate,In-Store,Corvallis,2025-08-13
8351,Christopher Patel,Retail,Immediate,In-Store,Portland,2024-11-26
8352,Lucas Kim,Retail,Immediate,In-Store,Portland,2023-01-25
8353,CHLOE MILLER ,Retail,Immediate,In-Store, beaverton,2025-01-06
8354,Daniel Jones,Retail,Immediate,In-Store,Portland,2024-09-04
8355,Ella Johnson,Retail,Immediate,In-Store,Portland,2025-09-13
8356,Grace Jones,Retail,Immediate,In-Store,Portland,2022-05-07
8357,Daniel Taylor,Retail,Immediate,In-Store,Eugene,2023-03-01
8358,Joseph Johnson,Retail,Immediate,In-Store,Seattle,2023-11-27
8359,Ella Kim,Retail,Immediate,In-Store,Portland,2023-02-16
8360,Sophia Taylor,Retail,Immediate,In-Store,Portland,2022-03-28
8361,Noah Carter,Retail,Immediate,In-Store,Portland,2024-04-27
8362,Sophia Patel,Retail,Immediate,In-Store,Portland,2024-06-26
8363,William Anderson,Retail,Immediate,In-Store,Portland,2025-12-05
8364,DANIEL JOHNSON ,Retail,Immediate,In-Store,Portland,2025-12-02
8365,Andrew Smith,Retail,Immediate,In-Store,Hillsboro,2023-09-26
8366,Ella Davis,Retail,Immediate,In-Store,Beaverton,2022-02-05
8367,James Nguyen,Retail,Immediate,In-Store,Lake Oswego,2023-07-17
8368,MATTHEW NGUYEN ,Retail,Immediate,In-Store, gresham,2022-08-22
8369,Andrew Anderson,Retail,Immediate,In-Store,Vancouver,2023-12-15
8370,JAMES PATEL ,Retail,Immediate,In-Store,Gresham,2024-11-05
8371,Ashley Taylor,Retail,Immediate,In-Store,Portland,2022-04-17
8372,Hannah Smith,Retail,Immediate,In-Store,Portland,2023-12-05
8373,James Jones,Retail,Immediate,In-Store,Beaverton,2023-09-28
8374,Matthew Thomas,Retail,Immediate,In-Store,Beaverton,2024-02-29
8375,Daniel Jones,Retail,Immediate,In-Store,Corvallis,2024-01-29
8376,Emma Wilson,Retail,Immediate,In-Store,Seattle,2023-03-25
8377,Sarah Davis,Retail,Immediate,In-Store,Portland,2024-06-29
8378,Matthew Martin,Retail,Immediate,In-Store,Seattle,2024-06-30
8379,Ashley Jones,Retail,Immediate,In-Store,Seattle,2025-01-11
8380,NOAH NGUYEN ,Retail,Immediate,In-Store,Portland,2024-08-19
8381,James Patel,Retail,Immediate,In-Store,Gresham,2025-07-14
8382,Jessica Carter,Retail,Immediate,In-Store,Portland,2024-10-16
8383,Mason Jones,Retail,Immediate,In-Store,Vancouver,2025-03-17
8384,Christopher Martin,Retail,Immediate,In-Store,Portland,2024-10-27
8385,ETHAN GARCIA ,Retail,Immediate,In-Store, portland,2024-06-02
8386,Olivia Jones,Retail,Immediate,In-Store,Seattle,2024-07-17
8387,William Lee,Retail,Immediate,In-Store,Beaverton,2023-09-09
8388,CHRISTOPHER CARTER ,Retail,Immediate,In-Store,Hillsboro,2024-07-11
8389,Andrew Johnson,Retail,Immediate,In-Store,Portland,2022-03-30
8390,Mia Garcia,Retail,Immediate,In-Store,Eugene,2025-05-05
8391,Sarah Johnson,Retail,Immediate,In-Store,Vancouver,2022-05-24
8392,SARAH SMITH ,Retail,Immediate,In-Store,Portland,2023-09-11
8393,Emma Lee,Retail,Immediate,In-Store,Portland,2022-04-12
8394,Ashley Carter,Retail,Immediate,In-Store,Vancouver,2022-02-26
8395,Liam Patel,Retail,Immediate,In-Store,Portland,2024-09-07
8396,Liam Kim,Retail,Immediate,In-Store,Portland,2023-09-10
8397,Robert Williams,Retail,Immediate,In-Store,Portland,2023-03-16
8398,Michael Smith,Retail,Immediate,In-Store,Portland,2023-07-07
8399,Emily Anderson,Retail,Immediate,In-Store,Portland,2023-11-09
8400,Ashley Thomas,Retail,Immediate,In-Store,Portland,2022-05-03
8401,Isabella Nelson,Retail,Immediate,In-Store,Portland,2022-12-16
8402,Sophia Moore,Retail,Immediate,In-Store,Hillsboro,2023-05-17
8403,JAMES NELSON ,Retail,Immediate,In-Store, eugene,2024-02-21
8404,Mason Jones,Retail,Immediate,In-Store,Portland,2023-01-19
8405,Ashley Brown,Retail,Immediate,In-Store,Portland,2025-05-26
8406,Robert Nelson,Retail,Immediate,In-Store,Hillsboro,2023-05-31
8407,Sophia Thomas,Retail,Immediate,In-Store,Beaverton,2023-03-03
8408,Daniel Williams,Retail,Immediate,In-Store,Portland,2022-11-09
8409,CHRISTOPHER MARTIN ,Retail,Immediate,In-Store,Salem,2024-09-06
8410,Jessica Nelson,Retail,Immediate,In-Store,Portland,2022-09-08
8411,Chloe Patel,Retail,Immediate,In-Store,Vancouver,2025-05-20
8412,MASON LEE ,Retail,Immediate,In-Store,Portland,2024-12-27
8413,Chloe Patel,Retail,Immediate,In-Store,Gresham,2024-05-25
8414,Matthew Jones,Retail,Immediate,In-Store,Portland,2023-12-17
8415,CHRISTOPHER DAVIS ,Retail,Immediate,In-Store,Portland,2024-01-18
8416,Ashley Patel,Retail,Immediate,In-Store,Portland,2025-03-15
8417,Robert Nguyen,Retail,Immediate,In-Store,Portland,2023-04-21
8418,William Wilson,Retail,Immediate,In-Store,Gresham,2024-08-03
8419,Ella Martin,Retail,Immediate,In-Store,Portland,2022-10-23
8420,Ella Nguyen,Retail,Immediate,In-Store,Portland,2023-11-16
8421,NOAH NELSON ,Retail,Immediate,In-Store,Vancouver,2024-05-02
8422,Mia Smith,Retail,Immediate,In-Store,Corvallis,2025-10-25
8423,MIA CARTER ,Retail,Immediate,In-Store,Portland,2022-02-02
8424,Madison Wilson,Retail,Immediate,In-Store,Portland,2024-05-31
8425,Ella Kim,Retail,Immediate,In-Store,Portland,2022-09-13
8426,Noah Smith,Retail,Immediate,In-Store,Beaverton,2024-08-22
8427,GRACE THOMAS ,Retail,Immediate,In-Store,Hillsboro,2024-06-27
8428,SARAH JOHNSON ,Retail,Immediate,In-Store,Gresham,2024-07-20
8429,Jessica Lee,Retail,Immediate,In-Store,Beaverton,2023-11-24
8430,Sarah Carter,Retail,Immediate,In-Store,Gresham,2024-10-02
8431,Ethan Nguyen,Retail,Immediate,In-Store,Portland,2023-09-23
8432,Hannah Taylor,Retail,Immediate,In-Store,Hillsboro,2022-01-04
8433,Noah Taylor,Retail,Immediate,In-Store,Portland,2024-06-07
8434,Madison Jones,Retail,Immediate,In-Store, portland,2022-07-27
8435,NOAH JOHNSON ,Retail,Immediate,In-Store,Portland,2025-11-19
8436,Ella Martin,Retail,Immediate,In-Store,Hillsboro,2024-10-28
8437,WILLIAM MILLER ,Retail,Immediate,In-Store,Portland,2022-10-08
8438,Hannah Nelson,Retail,Immediate,In-Store, portland,2024-10-08
8439,SOPHIA NGUYEN ,Retail,Immediate,In-Store,Hillsboro,2023-07-06
8440,Noah Jones,Retail,Immediate,In-Store,Tigard,2022-04-05
8441,ANDREW TAYLOR ,Retail,Immediate,In-Store,Beaverton,2025-09-14
8442,Sophia Wilson,Retail,Immediate,In-Store, gresham,2024-03-06
8443,Sophia Kim,Retail,Immediate,In-Store,Gresham,2022-07-22
8444,Isabella Thomas,Retail,Immediate,In-Store,Beaverton,2023-05-28
8445,Liam Garcia,Retail,Immediate,In-Store,Portland,2024-08-12
8446,Lucas Miller,Retail,Immediate,In-Store, portland,2022-10-20
8447,ISABELLA CARTER ,Retail,Immediate,In-Store,Portland,2023-03-15
8448,Emma Nguyen,Retail,Immediate,In-Store,Portland,2025-05-04
8449,William Thomas,Retail,Immediate,In-Store,Gresham,2025-05-25
8450,ANDREW NGUYEN ,Retail,Immediate,In-Store,Portland,2024-02-18
8451,Madison Jones,Retail,Immediate,In-Store,Portland,2025-09-23
8452,Matthew Johnson,Retail,Immediate,In-Store,Portland,2025-09-21
8453,Chloe Kim,Retail,Immediate,In-Store,Portland,2023-02-16
8454,Christopher Taylor,Retail,Immediate,In-Store,Tigard,2022-08-28
8455,Andrew Jones,Retail,Immediate,In-Store,Tigard,2024-02-01
8456,SARAH JONES ,Retail,Immediate,In-Store,Beaverton,2025-12-01
8457,Michael Carter,Retail,Immediate,In-Store,Portland,2023-01-20
8458,Chloe Miller,Retail,Immediate,In-Store,Portland,2022-07-15
8459,Mason Johnson,Retail,Immediate,In-Store,Portland,2023-11-09
8460,Lucas Martin,Retail,Immediate,In-Store,Lake Oswego,2022-05-23
8461,ANDREW MILLER ,Retail,Immediate,In-Store, portland,2022-04-08
8462,Mia Patel,Retail,Immediate,In-Store,Vancouver,2023-05-18
8463,Emma Patel,Retail,Immediate,In-Store,Portland,2022-08-04
8464,Matthew Martin,Retail,Immediate,In-Store, portland,2022-06-19
8465,Robert Wilson,Retail,Immediate,In-Store,Hillsboro,2023-04-16
8466,Mia Carter,Retail,Immediate,In-Store,Portland,2023-09-24
8467,Ava Thomas,Retail,Immediate,In-Store,Hillsboro,2023-10-30
8468,Ella Patel,Retail,Immediate,In-Store,Beaverton,2023-07-02
8469,Michael Lee,Retail,Immediate,In-Store,Eugene,2023-01-24
8470,Jessica Thomas,Retail,Immediate,In-Store,Portland,2025-04-08
8471,ISABELLA THOMAS ,Retail,Immediate,In-Store,Portland,2023-01-28
8472,MADISON KIM ,Retail,Immediate,In-Store,Portland,2024-09-16
8473,CHRISTOPHER SMITH ,Retail,Immediate,In-Store,Bend,2023-08-21
8474,Lucas Brown,Retail,Immediate,In-Store,Portland,2025-08-23
8475,Emily Patel,Retail,Immediate,In-Store,Portland,2022-03-30
8476,Sophia Smith,Retail,Immediate,In-Store,Portland,2024-11-01
8477,Hannah Thomas,Retail,Immediate,In-Store,Portland,2022-10-14
8478,Ella Lee,Retail,Immediate,In-Store,Portland,2023-05-23
8479,Daniel Wilson,Retail,Immediate,In-Store,Beaverton,2025-12-25
8480,Emma Martin,Retail,Immediate,In-Store,Portland,2023-02-08
8481,Mia Garcia,Retail,Immediate,In-Store,Portland,2022-07-30
8482,Emily Kim,Retail,Immediate,In-Store,Portland,2024-02-14
8483,Sophia Thomas,Retail,Immediate,In-Store,Portland,2022-01-03
8484,Liam Martin,Retail,Immediate,In-Store,Portland,2023-08-13
8485,Sophia Davis,Retail,Immediate,In-Store,Portland,2022-08-18
8486,MATTHEW LEE ,Retail,Immediate,In-Store,Portland,2023-06-05
8487,Isabella Kim,Retail,Immediate,In-Store,Portland,2024-01-26
8488,Sarah Miller,Retail,Immediate,In-Store,Salem,2024-11-01
8489,Sarah Garcia,Retail,Immediate,In-Store,Tigard,2022-04-27
8490,Michael Williams,Retail,Immediate,In-Store,Salem,2022-11-13
8491,James Miller,Retail,Immediate,In-Store,Portland,2023-06-17
8492,Matthew Smith,Retail,Immediate,In-Store,Gresham,2024-08-21
8493,Matthew Nelson,Retail,Immediate,In-Store,Salem,2024-03-01
8494,Andrew Thomas,Retail,Immediate,In-Store,Portland,2024-07-17
8495,Emily Johnson,Retail,Immediate,In-Store,Bend,2022-03-07
8496,Daniel Thomas,Retail,Immediate,In-Store,Beaverton,2022-09-26
8497,Ashley Kim,Retail,Immediate,In-Store,Portland,2023-06-29
8498,Robert Brown,Retail,Immediate,In-Store,Portland,2025-08-28
8499,Matthew Davis,Retail,Immediate,In-Store,Portland,2022-03-06
8500,Michael Anderson,Retail,Immediate,In-Store,Portland,2023-02-20
8501,Mason Johnson,Retail,Immediate,In-Store,Portland,2024-05-25
8502,AVA NGUYEN ,Retail,Immediate,In-Store,Portland,2024-09-21
8503,OLIVIA NGUYEN ,Retail,Immediate,In-Store,Portland,2025-07-23
8504,Jessica Thomas,Retail,Immediate,In-Store, portland,2025-09-18
8505,Michael Thomas,Retail,Immediate,In-Store,Portland,2023-10-02
8506,Ava Smith,Retail,Immediate,In-Store,Portland,2024-01-24
8507,Andrew Davis,Retail,Immediate,In-Store,Portland,2023-09-27
8508,Jessica Wilson,Retail,Immediate,In-Store,Portland,2024-03-13
8509,Ashley Wilson,Retail,Immediate,In-Store,Corvallis,2024-11-13
8510,Emma Smith,Retail,Immediate,In-Store,Portland,2022-05-20
8511,Grace Moore,Retail,Immediate,In-Store,Corvallis,2024-07-03
8512,Ethan Lee,Retail,Immediate,In-Store,Gresham,2024-10-25
8513,ROBERT WILSON ,Retail,Immediate,In-Store,Beaverton,2023-02-07
8514,Olivia Taylor,Retail,Immediate,In-Store,Salem,2022-10-22
8515,Ella Nguyen,Retail,Immediate,In-Store,Portland,2022-10-30
8516,Sarah Patel,Retail,Immediate,In-Store,Eugene,2024-07-19
8517,Lucas Lee,Retail,Immediate,In-Store,Corvallis,2024-06-25
8518,Hannah Davis,Retail,Immediate,In-Store,Portland,2023-04-07
8519,David Patel,Retail,Immediate,In-Store,Eugene,2023-09-29
8520,Mia Anderson,Retail,Immediate,In-Store, beaverton,2025-10-15
8521,Emily Williams,Retail,Immediate,In-Store,Portland,2024-11-10
8522,James Taylor,Retail,Immediate,In-Store, portland,2023-03-28
8523,Emma Kim,Retail,Immediate,In-Store,Beaverton,2023-09-21
8524,Sarah Taylor,Retail,Immediate,In-Store,Corvallis,2023-03-18
8525,Ava Moore,Retail,Immediate,In-Store,Portland,2023-03-06
8526,Madison Johnson,Retail,Immediate,In-Store,Portland,2022-07-07
8527,Daniel Johnson,Retail,Immediate,In-Store, bend,2025-07-22
8528,Noah Jones,Retail,Immediate,In-Store,Salem,2022-12-12
8529,Grace Carter,Retail,Immediate,In-Store,Seattle,2023-07-06
8530,Matthew Carter,Retail,Immediate,In-Store,Tigard,2022-12-08
8531,Liam Taylor,Retail,Immediate,In-Store,Portland,2023-06-27
8532,Ethan Carter,Retail,Immediate,In-Store,Portland,2024-09-05
8533,Ashley Nelson,Retail,Immediate,In-Store,Portland,2023-01-21
8534,Chloe Williams,Retail,Immediate,In-Store,Eugene,2023-06-13
8535,Olivia Garcia,Retail,Immediate,In-Store,Portland,2023-09-05
8536,DANIEL THOMAS ,Retail,Immediate,In-Store,Salem,2022-02-23
8537,Ava Lee,Retail,Immediate,In-Store,Portland,2025-05-14
8538,Emily Kim,Retail,Immediate,In-Store,Portland,2023-01-15
8539,Hannah Carter,Retail,Immediate,In-Store,Portland,2024-09-12
8540,JAMES ANDERSON ,Retail,Immediate,In-Store,Hillsboro,2024-02-19
8541,Andrew Patel,Retail,Immediate,In-Store,Portland,2024-12-27
8542,Christopher Thomas,Retail,Immediate,In-Store,Eugene,2025-02-09
8543,James Carter,Retail,Immediate,In-Store,Beaverton,2022-12-18
8544,Ashley Williams,Retail,Immediate,In-Store,Portland,2023-10-05
8545,Liam Martin,Retail,Immediate,In-Store,Beaverton,2022-02-07
8546,Lucas Smith,Retail,Immediate,In-Store,Portland,2023-12-11
8547,Sarah Brown,Retail,Immediate,In-Store, portland,2025-11-10
8548,Liam Miller,Retail,Immediate,In-Store,Portland,2023-07-18
8549,Isabella Thomas,Retail,Immediate,In-Store,Portland,2024-06-23
8550,Noah Brown,Retail,Immediate,In-Store,Portland,2024-02-06
8551,Hannah Williams,Retail,Immediate,In-Store,Beaverton,2025-04-08
8552,Liam Martin,Retail,Immediate,In-Store,Portland,2022-12-07
8553,Isabella Jones,Retail,Immediate,In-Store,Portland,2024-07-17
8554,Emma Nelson,Retail,Immediate,In-Store,Portland,2023-10-20
8555,Madison Brown,Retail,Immediate,In-Store,Vancouver,2024-03-30
8556,Madison Williams,Retail,Immediate,In-Store,Seattle,2025-11-10
8557,William Garcia,Retail,Immediate,In-Store,Vancouver,2022-07-31
8558,Noah Garcia,Retail,Immediate,In-Store,Beaverton,2024-05-22
8559,ASHLEY WILSON ,Retail,Immediate,In-Store, salem,2025-09-26
8560,Mia Miller,Retail,Immediate,In-Store,Eugene,2022-11-17
8561,Daniel Brown,Retail,Immediate,In-Store,Salem,2024-06-18
8562,Sarah Lee,Retail,Immediate,In-Store,Hillsboro,2023-11-24
8563,LUCAS CARTER ,Retail,Immediate,In-Store,Bend,2024-03-23
8564,Emily Williams,Retail,Immediate,In-Store,Portland,2024-07-16
8565,Mason Taylor,Retail,Immediate,In-Store,Portland,2023-03-27
8566,Joseph Nguyen,Retail,Immediate,In-Store,Portland,2025-08-20
8567,Joseph Wilson,Retail,Immediate,In-Store,Portland,2022-09-13
8568,AVA MILLER ,Retail,Immediate,In-Store,Portland,2023-10-29
8569,Grace Martin,Retail,Immediate,In-Store,Eugene,2023-02-17
8570,Jessica Carter,Retail,Immediate,In-Store,Portland,2025-09-21
8571,Ella Kim,Retail,Immediate,In-Store,Hillsboro,2022-10-07
8572,Michael Carter,Retail,Immediate,In-Store, eugene,2025-11-15
8573,Daniel Patel,Retail,Immediate,In-Store,Portland,2023-01-11
8574,Mason Nelson,Retail,Immediate,In-Store, portland,2024-05-27
8575,OLIVIA TAYLOR ,Retail,Immediate,In-Store, portland,2023-05-27
8576,Chloe Wilson,Retail,Immediate,In-Store,Portland,2023-11-05
8577,Isabella Moore,Retail,Immediate,In-Store,Portland,2023-09-14
8578,James Taylor,Retail,Immediate,In-Store,Portland,2024-08-24
8579,Liam Garcia,Retail,Immediate,In-Store,Portland,2024-01-06
8580,Jessica Jones,Retail,Immediate,In-Store, portland,2022-03-18
8581,Lucas Johnson,Retail,Immediate,In-Store, portland,2025-06-03
8582,Ashley Davis,Retail,Immediate,In-Store,Portland,2023-05-16
8583,Ethan Wilson,Retail,Immediate,In-Store,Corvallis,2022-10-01
8584,Ella Johnson,Retail,Immediate,In-Store,Corvallis,2022-10-11
8585,Robert Jones,Retail,Immediate,In-Store,Portland,2023-04-09
8586,Andrew Garcia,Retail,Immediate,In-Store,Corvallis,2022-05-03
8587,Ashley Moore,Retail,Immediate,In-Store, corvallis,2022-06-24
8588,CHRISTOPHER JONES ,Retail,Immediate,In-Store,Portland,2022-08-03
8589,James Taylor,Retail,Immediate,In-Store,Bend,2023-11-08
8590,Andrew Smith,Retail,Immediate,In-Store,Gresham,2024-02-19
8591,Matthew Jones,Retail,Immediate,In-Store,Gresham,2022-11-17
8592,Hannah Lee,Retail,Immediate,In-Store,Beaverton,2025-01-21
8593,DANIEL THOMAS ,Retail,Immediate,In-Store,Gresham,2022-01-10
8594,Madison Thomas,Retail,Immediate,In-Store,Portland,2025-11-13
8595,Daniel Kim,Retail,Immediate,In-Store, portland,2025-01-18
8596,Ashley Moore,Retail,Immediate,In-Store,Hillsboro,2024-07-15
8597,Daniel Kim,Retail,Immediate,In-Store,Portland,2023-12-08
8598,Sophia Thomas,Retail,Immediate,In-Store,Bend,2024-05-04
8599,Sophia Johnson,Retail,Immediate,In-Store,Portland,2022-04-09
8600,Ashley Moore,Retail,Immediate,In-Store,Portland,2022-03-04
8601,Mason Taylor,Retail,Immediate,In-Store,Portland,2022-10-05
8602,Mason Jones,Retail,Immediate,In-Store,Seattle,2024-12-21
8603,Ethan Moore,Retail,Immediate,In-Store,Portland,2024-01-30
8604,Mia Nelson,Retail,Immediate,In-Store,Seattle,2025-03-20
8605,Sarah Lee,Retail,Immediate,In-Store,Bend,2025-01-04
8606,EMMA MILLER ,Retail,Immediate,In-Store, portland,2023-05-01
8607,Sophia Carter,Retail,Immediate,In-Store, salem,2023-08-20
8608,Christopher Taylor,Retail,Immediate,In-Store, portland,2023-01-04
8609,EMILY CARTER ,Retail,Immediate,In-Store,Portland,2024-09-07
8610,James Miller,Retail,Immediate,In-Store,Portland,2025-01-24
8611,Lucas Garcia,Retail,Immediate,In-Store,Portland,2022-06-21
8612,Grace Nguyen,Retail,Immediate,In-Store,Portland,2025-10-20
8613,ETHAN KIM ,Retail,Immediate,In-Store,Eugene,2023-07-09
8614,Michael Brown,Retail,Immediate,In-Store,Portland,2024-03-16
8615,Daniel Carter,Retail,Immediate,In-Store,Eugene,2025-09-23
8616,Michael Garcia,Retail,Immediate,In-Store,Portland,2022-04-24
8617,WILLIAM MARTIN ,Retail,Immediate,In-Store, portland,2022-11-20
8618,Chloe Patel,Retail,Immediate,In-Store,Portland,2023-01-02
8619,Chloe Thomas,Retail,Immediate,In-Store,Eugene,2022-03-02
8620,Chloe Wilson,Retail,Immediate,In-Store,Portland,2022-11-26
8621,MASON KIM ,Retail,Immediate,In-Store,Seattle,2023-01-10
8622,Ella Nguyen,Retail,Immediate,In-Store,Corvallis,2024-10-03
8623,Lucas Wilson,Retail,Immediate,In-Store,Portland,2022-12-19
8624,EMILY MARTIN ,Retail,Immediate,In-Store,Portland,2022-12-19
8625,Sophia Miller,Retail,Immediate,In-Store,Hillsboro,2022-12-14
8626,Jessica Miller,Retail,Immediate,In-Store,Portland,2024-10-12
8627,Ella Miller,Retail,Immediate,In-Store,Portland,2025-05-17
8628,Isabella Williams,Retail,Immediate,In-Store,Gresham,2025-05-28
8629,Daniel Nelson,Retail,Immediate,In-Store,Salem,2024-06-03
8630,Chloe Garcia,Retail,Immediate,In-Store,Portland,2025-01-10
8631,Michael Garcia,Retail,Immediate,In-Store,Beaverton,2023-04-13
8632,Lucas Brown,Retail,Immediate,In-Store,Tigard,2025-06-26
8633,Noah Wilson,Retail,Immediate,In-Store, portland,2022-10-25
8634,Ashley Davis,Retail,Immediate,In-Store,Portland,2025-03-12
8635,Sophia Davis,Retail,Immediate,In-Store,Portland,2022-06-08
8636,SARAH WILLIAMS ,Retail,Immediate,In-Store,Portland,2022-07-01
8637,Hannah Miller,Retail,Immediate,In-Store,Hillsboro,2025-12-26
8638,GRACE CARTER ,Retail,Immediate,In-Store,Beaverton,2025-04-04
8639,Christopher Patel,Retail,Immediate,In-Store,Portland,2025-06-28
8640,ETHAN WILLIAMS ,Retail,Immediate,In-Store,Lake Oswego,2024-04-09
8641,Hannah Patel,Retail,Immediate,In-Store, portland,2025-09-19
8642,Andrew Nguyen,Retail,Immediate,In-Store, portland,2024-01-23
8643,Emily Brown,Retail,Immediate,In-Store,Portland,2025-08-06
8644,Hannah Martin,Retail,Immediate,In-Store,Seattle,2023-03-09
8645,Chloe Patel,Retail,Immediate,In-Store, portland,2022-01-14
8646,EMMA NELSON ,Retail,Immediate,In-Store, beaverton,2025-02-10
8647,Emma Johnson,Retail,Immediate,In-Store,Portland,2022-04-06
8648,James Carter,Retail,Immediate,In-Store,Portland,2022-05-27
8649,Mason Taylor,Retail,Immediate,In-Store,Portland,2022-11-18
8650,Olivia Thomas,Retail,Immediate,In-Store,Seattle,2024-10-24
8651,Christopher Brown,Retail,Immediate,In-Store,Beaverton,2023-04-26
8652,JESSICA SMITH ,Retail,Immediate,In-Store,Portland,2023-05-06
8653,Sophia Kim,Retail,Immediate,In-Store, beaverton,2022-01-08
8654,Sophia Johnson,Retail,Immediate,In-Store,Gresham,2024-03-29
8655,Lucas Kim,Retail,Immediate,In-Store,Hillsboro,2025-05-10
8656,Michael Thomas,Retail,Immediate,In-Store,Portland,2024-09-15
8657,Jessica Patel,Retail,Immediate,In-Store,Gresham,2022-05-08
8658,Jessica Smith,Retail,Immediate,In-Store,Portland,2024-04-16
8659,Olivia Garcia,Retail,Immediate,In-Store,Portland,2024-08-07
8660,Andrew Wilson,Retail,Immediate,In-Store,Beaverton,2022-07-05
8661,Ava Jones,Retail,Immediate,In-Store,Portland,2024-09-08
8662,Sophia Kim,Retail,Immediate,In-Store,Portland,2025-10-28
8663,Christopher Davis,Retail,Immediate,In-Store, portland,2022-06-08
8664,Daniel Moore,Retail,Immediate,In-Store,Portland,2024-08-27
8665,Lucas Martin,Retail,Immediate,In-Store, portland,2024-04-09
8666,Isabella Taylor,Retail,Immediate,In-Store,Gresham,2025-08-15
8667,Olivia Williams,Retail,Immediate,In-Store,Portland,2023-10-08
8668,Isabella Taylor,Retail,Immediate,In-Store, portland,2022-09-16
8669,Grace Wilson,Retail,Immediate,In-Store,Portland,2022-10-31
8670,EMILY LEE ,Retail,Immediate,In-Store,Vancouver,2023-06-09
8671,Hannah Wilson,Retail,Immediate,In-Store,Corvallis,2023-11-17
8672,LIAM DAVIS ,Retail,Immediate,In-Store,Portland,2024-12-11
8673,ISABELLA TAYLOR ,Retail,Immediate,In-Store,Beaverton,2023-09-21
8674,Lucas Carter,Retail,Immediate,In-Store,Portland,2024-09-28
8675,William Moore,Retail,Immediate,In-Store,Portland,2023-09-11
8676,Olivia Lee,Retail,Immediate,In-Store,Tigard,2023-10-04
8677,ETHAN NGUYEN ,Retail,Immediate,In-Store,Portland,2025-12-13
8678,Emily Jones,Retail,Immediate,In-Store,Portland,2023-12-30
8679,Mason Garcia,Retail,Immediate,In-Store,Portland,2022-09-30
8680,Jessica Wilson,Retail,Immediate,In-Store,Portland,2023-10-25
8681,HANNAH SMITH ,Retail,Immediate,In-Store, portland,2025-07-24
8682,Joseph Taylor,Retail,Immediate,In-Store,Portland,2023-12-31
8683,Daniel Nelson,Retail,Immediate,In-Store,Beaverton,2023-03-28
8684,Mia Thomas,Retail,Immediate,In-Store,Hillsboro,2023-11-29
8685,Lucas Davis,Retail,Immediate,In-Store,Gresham,2022-10-01
8686,DANIEL MARTIN ,Retail,Immediate,In-Store, portland,2024-11-04
8687,Emily Thomas,Retail,Immediate,In-Store,Portland,2022-02-10
8688,CHRISTOPHER GARCIA ,Retail,Immediate,In-Store,Portland,2023-10-30
8689,Ava Johnson,Retail,Immediate,In-Store,Beaverton,2025-07-29
8690,Ethan Lee,Retail,Immediate,In-Store,Corvallis,2022-05-24
8691,Jessica Taylor,Retail,Immediate,In-Store,Hillsboro,2024-02-03
8692,JESSICA NELSON ,Retail,Immediate,In-Store,Salem,2024-07-05
8693,Michael Carter,Retail,Immediate,In-Store,Portland,2024-11-07
8694,Emily Garcia,Retail,Immediate,In-Store,Portland,2022-11-07
8695,Ethan Garcia,Retail,Immediate,In-Store,Portland,2022-08-21
8696,Daniel Lee,Retail,Immediate,In-Store,Portland,2022-03-23
8697,Grace Taylor,Retail,Immediate,In-Store,Beaverton,2023-10-29
8698,Ethan Johnson,Retail,Immediate,In-Store, tigard,2022-09-01
8699,Ava Wilson,Retail,Immediate,In-Store,Hillsboro,2022-10-05
8700,Emily Nguyen,Retail,Immediate,In-Store, portland,2024-06-27
8701,Isabella Martin,Retail,Immediate,In-Store,Portland,2025-05-27
8702,OLIVIA NELSON ,Retail,Immediate,In-Store,Portland,2024-01-09
8703,Ava Johnson,Retail,Immediate,In-Store,Portland,2025-11-28
8704,Hannah Wilson,Retail,Immediate,In-Store,Beaverton,2024-12-10
8705,Chloe Wilson,Retail,Immediate,In-Store,Portland,2022-08-22
8706,Liam Nguyen,Retail,Immediate,In-Store,Portland,2022-05-04
8707,Madison Nguyen,Retail,Immediate,In-Store,Corvallis,2024-03-29
8708,Robert Williams,Retail,Immediate,In-Store,Lake Oswego,2025-07-30
8709,Sophia Carter,Retail,Immediate,In-Store,Portland,2025-08-13
8710,Chloe Moore,Retail,Immediate,In-Store,Vancouver,2023-08-06
8711,MASON GARCIA ,Retail,Immediate,In-Store,Portland,2022-01-15
8712,Grace Williams,Retail,Immediate,In-Store,Portland,2025-09-27
8713,Noah Davis,Retail,Immediate,In-Store,Beaverton,2025-10-29
8714,James Williams,Retail,Immediate,In-Store,Portland,2022-11-29
8715,Sarah Moore,Retail,Immediate,In-Store,Vancouver,2022-07-03
8716,Grace Brown,Retail,Immediate,In-Store,Portland,2022-06-06
8717,Noah Nguyen,Retail,Immediate,In-Store,Portland,2022-07-05
8718,Noah Taylor,Retail,Immediate,In-Store, portland,2025-11-28
8719,Sophia Martin,Retail,Immediate,In-Store,Hillsboro,2023-12-03
8720,Christopher Jones,Retail,Immediate,In-Store,Portland,2025-07-30
8721,Hannah Davis,Retail,Immediate,In-Store,Portland,2022-02-22
8722,Daniel Garcia,Retail,Immediate,In-Store,Portland,2022-08-25
8723,Michael Nelson,Retail,Immediate,In-Store,Portland,2025-12-13
8724,Andrew Taylor,Retail,Immediate,In-Store,Portland,2024-07-31
8725,James Moore,Retail,Immediate,In-Store,Gresham,2025-01-01
8726,LIAM CARTER ,Retail,Immediate,In-Store,Portland,2022-04-30
8727,William Thomas,Retail,Immediate,In-Store,Portland,2024-11-06
8728,Daniel Johnson,Retail,Immediate,In-Store,Portland,2023-03-20
8729,ROBERT GARCIA ,Retail,Immediate,In-Store,Seattle,2025-05-08
8730,Robert Moore,Retail,Immediate,In-Store, portland,2025-10-25
8731,Mason Taylor,Retail,Immediate,In-Store,Salem,2024-07-11
8732,Isabella Taylor,Retail,Immediate,In-Store,Tigard,2024-04-07
8733,CHRISTOPHER WILLIAMS ,Retail,Immediate,In-Store,Eugene,2024-06-01
8734,Chloe Patel,Retail,Immediate,In-Store,Lake Oswego,2022-04-19
8735,Sarah Anderson,Retail,Immediate,In-Store, portland,2024-10-18
8736,Ava Moore,Retail,Immediate,In-Store,Portland,2024-01-01
8737,Jessica Moore,Retail,Immediate,In-Store,Eugene,2025-09-06
8738,Hannah Anderson,Retail,Immediate,In-Store,Portland,2024-09-18
8739,Sarah Martin,Retail,Immediate,In-Store,Portland,2022-07-22
8740,Emily Nelson,Retail,Immediate,In-Store,Portland,2023-04-29
8741,ROBERT WILLIAMS ,Retail,Immediate,In-Store,Portland,2024-11-13
8742,Ashley Davis,Retail,Immediate,In-Store, portland,2023-01-26
8743,William Brown,Retail,Immediate,In-Store,Gresham,2024-02-19
8744,Lucas Anderson,Retail,Immediate,In-Store,Eugene,2025-11-12
8745,Ava Nelson,Retail,Immediate,In-Store,Tigard,2025-03-25
8746,Emily Nelson,Retail,Immediate,In-Store,Eugene,2023-05-04
8747,Christopher Martin,Retail,Immediate,In-Store,Gresham,2022-09-12
8748,James Kim,Retail,Immediate,In-Store,Eugene,2025-04-02
8749,Hannah Moore,Retail,Immediate,In-Store, gresham,2025-04-27
8750,Joseph Martin,Retail,Immediate,In-Store,Portland,2022-08-10
8751,Ashley Carter,Retail,Immediate,In-Store,Portland,2022-02-19
8752,JOSEPH TAYLOR ,Retail,Immediate,In-Store,Portland,2025-03-21
8753,Ava Johnson,Retail,Immediate,In-Store,Hillsboro,2023-10-20
8754,Joseph Williams,Retail,Immediate,In-Store,Vancouver,2025-10-17
8755,EMMA TAYLOR ,Retail,Immediate,In-Store,Hillsboro,2024-03-27
8756,Christopher Taylor,Retail,Immediate,In-Store,Beaverton,2025-11-25
8757,Liam Lee,Retail,Immediate,In-Store,Portland,2025-03-24
8758,Sophia Nelson,Retail,Immediate,In-Store,Portland,2023-12-07
8759,Christopher Smith,Retail,Immediate,In-Store, portland,2023-03-31
8760,Michael Miller,Retail,Immediate,In-Store, vancouver,2025-07-20
8761,Sophia Taylor,Retail,Immediate,In-Store,Portland,2025-11-14
8762,Mia Moore,Retail,Immediate,In-Store,Portland,2023-11-18
8763,Ashley Kim,Retail,Immediate,In-Store,Hillsboro,2023-07-14
8764,James Lee,Retail,Immediate,In-Store,Portland,2023-12-28
8765,Joseph Smith,Retail,Immediate,In-Store,Portland,2023-09-05
8766,Christopher Martin,Retail,Immediate,In-Store,Portland,2024-03-27
8767,Lucas Johnson,Retail,Immediate,In-Store, portland,2025-12-04
8768,Madison Nelson,Retail,Immediate,In-Store,Salem,2023-12-08
8769,William Brown,Retail,Immediate,In-Store,Portland,2025-05-06
8770,Jessica Lee,Retail,Immediate,In-Store,Gresham,2024-01-13
8771,Chloe Brown,Retail,Immediate,In-Store,Eugene,2025-01-17
8772,Emma Miller,Retail,Immediate,In-Store,Corvallis,2022-10-12
8773,Hannah Jones,Retail,Immediate,In-Store,Vancouver,2025-02-04
8774,WILLIAM WILLIAMS ,Retail,Immediate,In-Store,Portland,2022-05-04
8775,Grace Wilson,Retail,Immediate,In-Store,Salem,2025-09-09
8776,ISABELLA ANDERSON ,Retail,Immediate,In-Store,Portland,2024-12-12
8777,Olivia Smith,Retail,Immediate,In-Store,Seattle,2023-08-04
8778,Jessica Thomas,Retail,Immediate,In-Store,Portland,2023-02-20
8779,Emma Patel,Retail,Immediate,In-Store,Beaverton,2025-09-25
8780,Mia Jones,Retail,Immediate,In-Store,Portland,2022-01-05
8781,ASHLEY WILLIAMS ,Retail,Immediate,In-Store,Gresham,2023-03-30
8782,Grace Garcia,Retail,Immediate,In-Store,Portland,2022-06-17
8783,Ashley Taylor,Retail,Immediate,In-Store,Beaverton,2023-11-14
8784,William Martin,Retail,Immediate,In-Store,Portland,2023-09-26
8785,CHRISTOPHER DAVIS ,Retail,Immediate,In-Store,Bend,2025-02-03
8786,ISABELLA SMITH ,Retail,Immediate,In-Store,Portland,2023-05-15
8787,Mia Carter,Retail,Immediate,In-Store,Corvallis,2022-08-05
8788,Chloe Kim,Retail,Immediate,In-Store,Portland,2024-06-15
8789,David Garcia,Retail,Immediate,In-Store, portland,2025-11-28
8790,SOPHIA TAYLOR ,Retail,Immediate,In-Store,Portland,2023-10-01
8791,Madison Kim,Retail,Immediate,In-Store,Hillsboro,2025-05-12
8792,Madison Smith,Retail,Immediate,In-Store,Beaverton,2024-11-16
8793,HANNAH MILLER ,Retail,Immediate,In-Store,Salem,2022-10-21
8794,Hannah Moore,Retail,Immediate,In-Store,Portland,2024-09-02
8795,Mia Davis,Retail,Immediate,In-Store,Portland,2023-10-13
8796,Olivia Johnson,Retail,Immediate,In-Store,Portland,2024-09-28
8797,Andrew Anderson,Retail,Immediate,In-Store,Salem,2023-03-12
8798,Ethan Moore,Retail,Immediate,In-Store, portland,2024-01-23
8799,NOAH ANDERSON ,Retail,Immediate,In-Store,Portland,2024-11-23
8800,Sarah Carter,Retail,Immediate,In-Store,Portland,2024-09-22
8801,Michael Taylor,Retail,Immediate,In-Store,Portland,2022-02-12
8802,JOSEPH ANDERSON ,Retail,Immediate,In-Store,Portland,2024-02-18
8803,Sophia Martin,Retail,Immediate,In-Store,Salem,2025-08-09
8804,Hannah Martin,Retail,Immediate,In-Store,Hillsboro,2024-01-04
8805,Noah Carter,Retail,Immediate,In-Store, portland,2023-12-24
8806,James Miller,Retail,Immediate,In-Store,Portland,2025-07-21
8807,Sophia Miller,Retail,Immediate,In-Store,Portland,2023-11-22
8808,Sophia Garcia,Retail,Immediate,In-Store,Salem,2025-09-08
8809,Matthew Martin,Retail,Immediate,In-Store,Portland,2023-09-14
8810,Grace Brown,Retail,Immediate,In-Store,Salem,2023-08-16
8811,Robert Martin,Retail,Immediate,In-Store,Corvallis,2023-02-21
8812,Sophia Anderson,Retail,Immediate,In-Store,Beaverton,2025-08-21
8813,Hannah Johnson,Retail,Immediate,In-Store,Portland,2022-10-14
8814,Emma Wilson,Retail,Immediate,In-Store,Portland,2022-04-18
8815,Matthew Martin,Retail,Immediate,In-Store,Portland,2024-06-07
8816,William Williams,Retail,Immediate,In-Store, beaverton,2022-08-21
8817,Ashley Johnson,Retail,Immediate,In-Store,Portland,2024-06-13
8818,ROBERT LEE ,Retail,Immediate,In-Store,Vancouver,2024-04-08
8819,Olivia Kim,Retail,Immediate,In-Store,Portland,2025-05-13
8820,EMMA JOHNSON ,Retail,Immediate,In-Store,Portland,2025-03-28
8821,Ashley Thomas,Retail,Immediate,In-Store, portland,2025-06-18
8822,Noah Miller,Retail,Immediate,In-Store,Seattle,2023-10-01
8823,Matthew Kim,Retail,Immediate,In-Store,Portland,2024-07-27
8824,MASON CARTER ,Retail,Immediate,In-Store,Portland,2024-04-04
8825,Noah Smith,Retail,Immediate,In-Store,Corvallis,2024-03-14
8826,Noah Carter,Retail,Immediate,In-Store,Salem,2023-07-13
8827,David Anderson,Retail,Immediate,In-Store,Vancouver,2023-11-17
8828,Christopher Moore,Retail,Immediate,In-Store,Seattle,2023-11-01
8829,Mason Garcia,Retail,Immediate,In-Store,Portland,2023-04-03
8830,Sophia Miller,Retail,Immediate,In-Store,Hillsboro,2025-02-16
8831,Emma Moore,Retail,Immediate,In-Store,Gresham,2022-03-06
8832,Hannah Smith,Retail,Immediate,In-Store,Portland,2023-03-20
8833,Ashley Davis,Retail,Immediate,In-Store, portland,2024-01-05
8834,Ella Lee,Retail,Immediate,In-Store,Vancouver,2025-03-08
8835,Ethan Lee,Retail,Immediate,In-Store,Portland,2025-10-21
8836,Noah Brown,Retail,Immediate,In-Store,Portland,2022-09-05
8837,Noah Davis,Retail,Immediate,In-Store,Lake Oswego,2022-08-25
8838,Daniel Thomas,Retail,Immediate,In-Store,Eugene,2024-10-02
8839,ASHLEY NELSON ,Retail,Immediate,In-Store,Portland,2024-12-09
8840,Lucas Taylor,Retail,Immediate,In-Store,Salem,2023-12-04
8841,Matthew Kim,Retail,Immediate,In-Store,Gresham,2025-07-16
8842,Matthew Lee,Retail,Immediate,In-Store,Portland,2025-10-09
8843,Robert Wilson,Retail,Immediate,In-Store, hillsboro,2022-04-17
8844,Chloe Brown,Retail,Immediate,In-Store,Corvallis,2022-04-08
8845,MIA NELSON ,Retail,Immediate,In-Store,Gresham,2022-02-12
8846,Jessica Garcia,Retail,Immediate,In-Store,Portland,2025-11-25
8847,Matthew Johnson,Retail,Immediate,In-Store,Seattle,2025-04-28
8848,Ella Smith,Retail,Immediate,In-Store,Portland,2023-09-09
8849,ASHLEY CARTER ,Retail,Immediate,In-Store,Portland,2024-02-02
8850,ISABELLA KIM ,Retail,Immediate,In-Store,Lake Oswego,2022-03-03
8851,Jessica Moore,Retail,Immediate,In-Store,Hillsboro,2025-06-06
8852,Daniel Thomas,Retail,Immediate,In-Store,Eugene,2023-10-23
8853,Emma Patel,Retail,Immediate,In-Store,Portland,2024-03-11
8854,Noah Lee,Retail,Immediate,In-Store,Portland,2022-08-24
8855,MATTHEW SMITH ,Retail,Immediate,In-Store, portland,2023-12-03
8856,Mia Jones,Retail,Immediate,In-Store, portland,2024-06-12
8857,Grace Kim,Retail,Immediate,In-Store,Portland,2024-05-13
8858,Jessica Kim,Retail,Immediate,In-Store,Eugene,2025-10-22
8859,David Nelson,Retail,Immediate,In-Store,Portland,2024-04-08
8860,Emily Taylor,Retail,Immediate,In-Store,Gresham,2024-09-01
8861,James Jones,Retail,Immediate,In-Store,Portland,2024-01-21
8862,Chloe Taylor,Retail,Immediate,In-Store,Portland,2024-07-06
8863,Lucas Jones,Retail,Immediate,In-Store,Portland,2024-03-05
8864,Robert Nguyen,Retail,Immediate,In-Store,Portland,2024-10-22
8865,ISABELLA LEE ,Retail,Immediate,In-Store,Portland,2024-01-04
8866,William Jones,Retail,Immediate,In-Store,Portland,2022-06-30
8867,Noah Wilson,Retail,Immediate,In-Store,Portland,2024-10-28
8868,Isabella Williams,Retail,Immediate,In-Store,Seattle,2022-09-25
8869,Daniel Nelson,Retail,Immediate,In-Store,Hillsboro,2023-03-20
8870,David Johnson,Retail,Immediate,In-Store,Lake Oswego,2025-12-13
8871,James Taylor,Retail,Immediate,In-Store,Portland,2025-05-25
8872,Emma Brown,Retail,Immediate,In-Store,Portland,2022-12-03
8873,ELLA JOHNSON ,Retail,Immediate,In-Store,Portland,2024-02-12
8874,Ashley Nelson,Retail,Immediate,In-Store,Portland,2022-08-30
8875,Michael Patel,Retail,Immediate,In-Store,Eugene,2022-03-08
8876,Ella Brown,Retail,Immediate,In-Store,Portland,2022-10-09
8877,Mia Miller,Retail,Immediate,In-Store,Portland,2024-06-12
8878,EMILY THOMAS ,Retail,Immediate,In-Store, portland,2024-07-31
8879,Emma Nguyen,Retail,Immediate,In-Store,Beaverton,2023-05-04
8880,Ashley Nguyen,Retail,Immediate,In-Store,Portland,2022-09-12
8881,William Johnson,Retail,Immediate,In-Store,Salem,2023-06-04
8882,Olivia Nguyen,Retail,Immediate,In-Store,Salem,2023-09-07
8883,Ella Davis,Retail,Immediate,In-Store,Tigard,2025-04-20
8884,Andrew Moore,Retail,Immediate,In-Store,Portland,2023-04-27
8885,Madison Williams,Retail,Immediate,In-Store, portland,2022-10-17
8886,Noah Miller,Retail,Immediate,In-Store,Portland,2023-07-14
8887,Noah Kim,Retail,Immediate,In-Store,Portland,2023-06-15
8888,Noah Nelson,Retail,Immediate,In-Store, beaverton,2022-11-15
8889,Daniel Kim,Retail,Immediate,In-Store,Portland,2023-01-04
8890,Ava Nelson,Retail,Immediate,In-Store, portland,2022-10-02
8891,Mia Moore,Retail,Immediate,In-Store,Salem,2023-01-22
8892,Lucas Smith,Retail,Immediate,In-Store,Portland,2023-11-10
8893,SARAH MILLER ,Retail,Immediate,In-Store,Corvallis,2023-05-04
8894,David Lee,Retail,Immediate,In-Store,Portland,2022-09-29
8895,Liam Davis,Retail,Immediate,In-Store,Bend,2022-07-09
8896,Jessica Wilson,Retail,Immediate,In-Store,Portland,2022-06-04
8897,Christopher Davis,Retail,Immediate,In-Store,Lake Oswego,2022-08-15
8898,CHLOE MILLER ,Retail,Immediate,In-Store,Portland,2025-09-15
8899,Lucas Brown,Retail,Immediate,In-Store,Portland,2022-11-08
8900,Emily Martin,Retail,Immediate,In-Store,Portland,2023-05-30
8901,Lucas Patel,Retail,Immediate,In-Store,Portland,2024-04-02
8902,Chloe Anderson,Retail,Immediate,In-Store,Portland,2022-09-10
8903,Olivia Taylor,Retail,Immediate,In-Store,Salem,2024-04-15
8904,Andrew Anderson,Retail,Immediate,In-Store,Salem,2022-07-17
8905,Robert Taylor,Retail,Immediate,In-Store,Portland,2025-09-08
8906,JOSEPH KIM ,Retail,Immediate,In-Store, portland,2025-09-16
8907,DAVID MOORE ,Retail,Immediate,In-Store,Bend,2023-06-10
8908,Mia Kim,Retail,Immediate,In-Store,Gresham,2023-06-08
8909,Sarah Brown,Retail,Immediate,In-Store,Portland,2024-05-10
8910,Sophia Moore,Retail,Immediate,In-Store,Portland,2022-02-12
8911,Lucas Thomas,Retail,Immediate,In-Store,Portland,2024-10-26
8912,Matthew Martin,Retail,Immediate,In-Store,Portland,2022-02-05
8913,WILLIAM THOMAS ,Retail,Immediate,In-Store, portland,2022-12-10
8914,Emma Jones,Retail,Immediate,In-Store,Hillsboro,2025-03-08
8915,Liam Taylor,Retail,Immediate,In-Store,Corvallis,2023-10-30
8916,Liam Patel,Retail,Immediate,In-Store,Portland,2023-01-23
8917,Ashley Miller,Retail,Immediate,In-Store,Portland,2025-08-20
8918,Isabella Davis,Retail,Immediate,In-Store,Lake Oswego,2025-10-13
8919,Mason Miller,Retail,Immediate,In-Store,Seattle,2025-05-01
8920,CHLOE BROWN ,Retail,Immediate,In-Store,Hillsboro,2022-12-09
8921,Lucas Martin,Retail,Immediate,In-Store,Portland,2022-11-27
8922,Sarah Brown,Retail,Immediate,In-Store,Gresham,2022-08-12
8923,ETHAN JOHNSON ,Retail,Immediate,In-Store,Portland,2025-07-26
8924,Emma Moore,Retail,Immediate,In-Store,Portland,2025-12-01
8925,Mia Anderson,Retail,Immediate,In-Store, gresham,2024-03-21
8926,Olivia Garcia,Retail,Immediate,In-Store,Portland,2025-02-26
8927,Michael Thomas,Retail,Immediate,In-Store,Portland,2025-04-05
8928,Liam Kim,Retail,Immediate,In-Store,Portland,2024-06-04
8929,Sophia Taylor,Retail,Immediate,In-Store,Portland,2023-01-18
8930,Chloe Taylor,Retail,Immediate,In-Store,Portland,2023-06-25
8931,Ashley Brown,Retail,Immediate,In-Store,Portland,2024-05-28
8932,Chloe Thomas,Retail,Immediate,In-Store,Hillsboro,2025-02-18
8933,Robert Taylor,Retail,Immediate,In-Store,Portland,2023-05-27
8934,Joseph Smith,Retail,Immediate,In-Store,Portland,2025-04-19
8935,Isabella Carter,Retail,Immediate,In-Store,Vancouver,2022-05-04
8936,Sarah Nguyen,Retail,Immediate,In-Store,Portland,2023-12-29
8937,Isabella Williams,Retail,Immediate,In-Store,Portland,2022-01-15
8938,Ella Carter,Retail,Immediate,In-Store,Portland,2023-07-16
8939,James Martin,Retail,Immediate,In-Store,Bend,2025-05-27
8940,Hannah Taylor,Retail,Immediate,In-Store,Gresham,2025-01-22
8941,Mason Smith,Retail,Immediate,In-Store,Portland,2024-12-09
8942,Sophia Kim,Retail,Immediate,In-Store,Portland,2025-01-30
8943,Matthew Garcia,Retail,Immediate,In-Store,Portland,2022-01-06
8944,Mia Johnson,Retail,Immediate,In-Store,Portland,2025-03-13
8945,Emma Wilson,Retail,Immediate,In-Store,Portland,2025-10-10
8946,Matthew Garcia,Retail,Immediate,In-Store, eugene,2024-07-20
8947,Jessica Lee,Retail,Immediate,In-Store,Portland,2025-01-13
8948,NOAH MOORE ,Retail,Immediate,In-Store,Portland,2023-03-01
8949,Emily Nelson,Retail,Immediate,In-Store,Portland,2024-06-27
8950,Mason Brown,Retail,Immediate,In-Store, portland,2025-06-15
8951,Ethan Anderson,Retail,Immediate,In-Store, gresham,2024-01-15
8952,Isabella Lee,Retail,Immediate,In-Store,Portland,2023-06-21
8953,Ava Miller,Retail,Immediate,In-Store,Portland,2025-04-19
8954,Emily Anderson,Retail,Immediate,In-Store,Portland,2024-09-21
8955,Ava Carter,Retail,Immediate,In-Store,Portland,2023-07-14
8956,Lucas Nelson,Retail,Immediate,In-Store,Beaverton,2025-06-20
8957,WILLIAM JONES ,Retail,Immediate,In-Store,Salem,2024-07-03
8958,Matthew Miller,Retail,Immediate,In-Store,Portland,2025-03-01
8959,Madison Taylor,Retail,Immediate,In-Store,Corvallis,2024-01-16
8960,James Taylor,Retail,Immediate,In-Store,Hillsboro,2023-12-09
8961,MASON ANDERSON ,Retail,Immediate,In-Store,Portland,2022-07-19
8962,Noah Carter,Retail,Immediate,In-Store,Gresham,2025-12-06
8963,Sarah Patel,Retail,Immediate,In-Store,Portland,2022-01-26
8964,Mason Smith,Retail,Immediate,In-Store,Portland,2022-12-13
8965,Sophia Carter,Retail,Immediate,In-Store,Beaverton,2022-08-23
8966,Robert Carter,Retail,Immediate,In-Store,Corvallis,2023-08-30
8967,Lucas Miller,Retail,Immediate,In-Store,Portland,2023-10-11
8968,Daniel Taylor,Retail,Immediate,In-Store,Portland,2025-03-04
8969,Grace Smith,Retail,Immediate,In-Store,Beaverton,2024-09-14
8970,Christopher Jones,Retail,Immediate,In-Store,Portland,2023-08-16
8971,Chloe Nguyen,Retail,Immediate,In-Store,Portland,2022-09-20
8972,Michael Moore,Retail,Immediate,In-Store,Gresham,2022-08-16
8973,David Lee,Retail,Immediate,In-Store, salem,2022-10-30
8974,Noah Nelson,Retail,Immediate,In-Store,Portland,2024-09-06
8975,Mason Moore,Retail,Immediate,In-Store,Gresham,2023-04-12
8976,Chloe Thomas,Retail,Immediate,In-Store,Vancouver,2024-06-12
8977,Mason Patel,Retail,Immediate,In-Store,Portland,2023-02-20
8978,Isabella Kim,Retail,Immediate,In-Store,Portland,2022-01-03
8979,Ethan Garcia,Retail,Immediate,In-Store,Portland,2023-11-27
8980,Olivia Martin,Retail,Immediate,In-Store,Portland,2024-08-01
8981,Grace Wilson,Retail,Immediate,In-Store,Portland,2022-11-01
8982,Christopher Williams,Retail,Immediate,In-Store,Portland,2023-05-19
8983,Hannah Garcia,Retail,Immediate,In-Store, portland,2023-06-14
8984,Mia Carter,Retail,Immediate,In-Store,Portland,2023-11-22
8985,Emily Brown,Retail,Immediate,In-Store,Hillsboro,2025-07-04
8986,Ethan Miller,Retail,Immediate,In-Store,Corvallis,2025-04-19
8987,Olivia Taylor,Retail,Immediate,In-Store,Portland,2022-01-12
8988,Lucas Nelson,Retail,Immediate,In-Store,Portland,2023-05-30
8989,Lucas Wilson,Retail,Immediate,In-Store, portland,2022-03-05
8990,HANNAH PATEL ,Retail,Immediate,In-Store, corvallis,2024-08-26
8991,Michael Jones,Retail,Immediate,In-Store,Gresham,2022-09-02
8992,Sarah Taylor,Retail,Immediate,In-Store,Portland,2024-07-21
8993,Joseph Nguyen,Retail,Immediate,In-Store,Portland,2025-10-13
8994,Jessica Garcia,Retail,Immediate,In-Store,Portland,2023-07-31
8995,William Thomas,Retail,Immediate,In-Store,Portland,2024-02-23
8996,Liam Moore,Retail,Immediate,In-Store,Portland,2024-08-23
8997,David Davis,Retail,Immediate,In-Store,Portland,2025-06-28
8998,Ethan Miller,Retail,Immediate,In-Store, portland,2023-11-22
8999,Isabella Jones,Retail,Immediate,In-Store,Hillsboro,2025-02-17
9000,HANNAH NGUYEN ,Retail,Immediate,In-Store,Portland,2024-04-28
9001,Ella Nguyen,Retail,Immediate,In-Store,Portland,2022-11-05
9002,Mason Taylor,Retail,Immediate,In-Store,Portland,2024-07-14
9003,Ashley Smith,Retail,Immediate,In-Store, gresham,2022-10-13
9004,Emma Nguyen,Retail,Immediate,In-Store,Beaverton,2022-11-01
9005,JESSICA KIM ,Retail,Immediate,In-Store,Eugene,2023-03-30
9006,Olivia Taylor,Retail,Immediate,In-Store,Portland,2022-03-03
9007,David Taylor,Retail,Immediate,In-Store,Portland,2022-11-16
9008,Emma Martin,Retail,Immediate,In-Store,Vancouver,2023-12-06
9009,ELLA CARTER ,Retail,Immediate,In-Store,Portland,2023-09-17
9010,Chloe Nguyen,Retail,Immediate,In-Store,Portland,2025-07-10
9011,Sophia Martin,Retail,Immediate,In-Store,Portland,2024-09-16
9012,Ava Garcia,Retail,Immediate,In-Store,Portland,2025-05-21
9013,Isabella Johnson,Retail,Immediate,In-Store,Portland,2023-01-31
9014,Daniel Williams,Retail,Immediate,In-Store, eugene,2025-09-29
9015,Chloe Patel,Retail,Immediate,In-Store,Eugene,2025-08-14
9016,Hannah Williams,Retail,Immediate,In-Store,Portland,2023-05-21
9017,Emma Moore,Retail,Immediate,In-Store,Gresham,2024-02-01
9018,GRACE JONES ,Retail,Immediate,In-Store,Lake Oswego,2025-11-18
9019,ANDREW TAYLOR ,Retail,Immediate,In-Store,Vancouver,2024-04-24
9020,David Taylor,Retail,Immediate,In-Store,Salem,2024-05-21
9021,Liam Nelson,Retail,Immediate,In-Store,Eugene,2025-02-28
9022,Madison Davis,Retail,Immediate,In-Store,Portland,2024-06-06
9023,Lucas Davis,Retail,Immediate,In-Store, beaverton,2024-04-26
9024,Lucas Wilson,Retail,Immediate,In-Store,Portland,2023-12-30
9025,Ashley Brown,Retail,Immediate,In-Store,Portland,2025-11-17
9026,Mia Garcia,Retail,Immediate,In-Store,Portland,2024-06-13
9027,Emma Garcia,Retail,Immediate,In-Store,Hillsboro,2023-02-26
9028,William Williams,Retail,Immediate,In-Store,Portland,2024-12-14
9029,MICHAEL JONES ,Retail,Immediate,In-Store,Eugene,2022-03-02
9030,Olivia Nelson,Retail,Immediate,In-Store,Salem,2023-04-04
9031,Grace Moore,Retail,Immediate,In-Store,Seattle,2022-05-07
9032,Christopher Anderson,Retail,Immediate,In-Store,Salem,2022-02-09
9033,Madison Nelson,Retail,Immediate,In-Store,Portland,2023-05-27
9034,Noah Williams,Retail,Immediate,In-Store, portland,2024-07-25
9035,Emma Carter,Retail,Immediate,In-Store,Portland,2025-12-07
9036,Emma Thomas,Retail,Immediate,In-Store,Portland,2024-05-06
9037,James Nguyen,Retail,Immediate,In-Store,Portland,2023-04-27
9038,Robert Anderson,Retail,Immediate,In-Store,Portland,2022-12-26
9039,Michael Patel,Retail,Immediate,In-Store,Eugene,2023-03-06
9040,Ashley Kim,Retail,Immediate,In-Store,Portland,2025-08-06
9041,HANNAH MARTIN ,Retail,Immediate,In-Store,Portland,2025-09-11
9042,Mia Williams,Retail,Immediate,In-Store,Portland,2023-04-21
9043,Joseph Garcia,Retail,Immediate,In-Store,Eugene,2025-04-04
9044,Chloe Taylor,Retail,Immediate,In-Store,Portland,2024-09-01
9045,LUCAS PATEL ,Retail,Immediate,In-Store,Portland,2022-10-12
9046,Emma Johnson,Retail,Immediate,In-Store,Vancouver,2025-04-08
9047,Noah Thomas,Retail,Immediate,In-Store,Gresham,2024-07-01
9048,Ethan Williams,Retail,Immediate,In-Store,Portland,2024-01-15
9049,LUCAS MILLER ,Retail,Immediate,In-Store,Portland,2025-09-01
9050,JAMES WILLIAMS ,Retail,Immediate,In-Store,Corvallis,2023-01-15
9051,Sarah Patel,Retail,Immediate,In-Store,Portland,2023-04-12
9052,DAVID SMITH ,Retail,Immediate,In-Store,Beaverton,2022-05-13
9053,Madison Thomas,Retail,Immediate,In-Store,Portland,2022-12-09
9054,William Taylor,Retail,Immediate,In-Store,Portland,2024-07-14
9055,Andrew Johnson,Retail,Immediate,In-Store,Vancouver,2022-11-15
9056,MATTHEW CARTER ,Retail,Immediate,In-Store,Portland,2024-06-28
9057,ETHAN MARTIN ,Retail,Immediate,In-Store,Portland,2025-06-18
9058,Sarah Nelson,Retail,Immediate,In-Store, portland,2024-01-01
9059,Sophia Patel,Retail,Immediate,In-Store,Portland,2024-02-28
9060,Madison Nguyen,Retail,Immediate,In-Store,Gresham,2022-12-18
9061,Robert Nelson,Retail,Immediate,In-Store,Tigard,2024-04-02
9062,Joseph Patel,Retail,Immediate,In-Store,Beaverton,2023-07-19
9063,Joseph Patel,Retail,Immediate,In-Store,Portland,2023-05-23
9064,Mia Kim,Retail,Immediate,In-Store,Salem,2024-08-05
9065,Ava Johnson,Retail,Immediate,In-Store, tigard,2022-04-03
9066,Isabella Carter,Retail,Immediate,In-Store,Hillsboro,2024-01-14
9067,Chloe Moore,Retail,Immediate,In-Store,Portland,2023-10-03
9068,ROBERT BROWN ,Retail,Immediate,In-Store,Portland,2023-11-20
9069,Michael Brown,Retail,Immediate,In-Store,Portland,2024-10-07
9070,JOSEPH JOHNSON ,Retail,Immediate,In-Store,Portland,2022-04-28
9071,Hannah Williams,Retail,Immediate,In-Store, portland,2025-10-03
9072,CHLOE NGUYEN ,Retail,Immediate,In-Store,Corvallis,2024-02-15
9073,Noah Carter,Retail,Immediate,In-Store, beaverton,2024-11-22
9074,HANNAH CARTER ,Retail,Immediate,In-Store,Portland,2022-02-02
9075,Mason Anderson,Retail,Immediate,In-Store,Portland,2023-08-30
9076,Michael Lee,Retail,Immediate,In-Store,Eugene,2025-06-26
9077,Grace Martin,Retail,Immediate,In-Store,Gresham,2025-09-08
9078,Robert Taylor,Retail,Immediate,In-Store,Lake Oswego,2023-09-30
9079,Daniel Thomas,Retail,Immediate,In-Store,Portland,2022-04-23
9080,Madison Thomas,Retail,Immediate,In-Store, hillsboro,2022-03-26
9081,Lucas Smith,Retail,Immediate,In-Store,Eugene,2022-02-09
9082,Liam Moore,Retail,Immediate,In-Store,Tigard,2022-01-31
9083,Emily Nguyen,Retail,Immediate,In-Store,Salem,2024-06-20
9084,Mia Taylor,Retail,Immediate,In-Store,Portland,2022-09-12
9085,Michael Jones,Retail,Immediate,In-Store,Portland,2022-06-12
9086,ASHLEY MOORE ,Retail,Immediate,In-Store,Beaverton,2022-01-06
9087,Noah Patel,Retail,Immediate,In-Store,Portland,2022-02-26
9088,Madison Nguyen,Retail,Immediate,In-Store,Salem,2024-04-23
9089,Noah Garcia,Retail,Immediate,In-Store,Tigard,2024-12-25
9090,Michael Nelson,Retail,Immediate,In-Store,Hillsboro,2022-08-22
9091,Andrew Patel,Retail,Immediate,In-Store,Beaverton,2022-01-21
9092,LUCAS WILSON ,Retail,Immediate,In-Store,Portland,2025-07-24
9093,Daniel Thomas,Retail,Immediate,In-Store,Portland,2025-09-30
9094,LUCAS NGUYEN ,Retail,Immediate,In-Store,Bend,2025-02-07
9095,Ethan Miller,Retail,Immediate,In-Store,Vancouver,2022-03-31
9096,Ethan Martin,Retail,Immediate,In-Store,Portland,2022-06-20
9097,MADISON NELSON ,Retail,Immediate,In-Store,Gresham,2022-07-19
9098,Jessica Nelson,Retail,Immediate,In-Store, portland,2022-04-01
9099,Mia Miller,Retail,Immediate,In-Store,Vancouver,2023-10-03
9100,Mason Nguyen,Retail,Immediate,In-Store,Portland,2025-04-29
9101,Ava Moore,Retail,Immediate,In-Store, portland,2025-08-23
9102,Joseph Nguyen,Retail,Immediate,In-Store,Portland,2025-12-30
9103,James Nguyen,Retail,Immediate,In-Store,Portland,2022-10-31
9104,Matthew Johnson,Retail,Immediate,In-Store,Portland,2023-10-20
9105,Mia Patel,Retail,Immediate,In-Store,Eugene,2023-12-23
9106,Madison Jones,Retail,Immediate,In-Store,Portland,2024-02-03
9107,MASON THOMAS ,Retail,Immediate,In-Store,Portland,2023-05-25
9108,Liam Carter,Retail,Immediate,In-Store,Portland,2022-06-12
9109,Emma Patel,Retail,Immediate,In-Store,Portland,2024-07-16
9110,Matthew Lee,Retail,Immediate,In-Store,Portland,2023-05-03
9111,Joseph Carter,Retail,Immediate,In-Store,Portland,2023-09-22
9112,Isabella Moore,Retail,Immediate,In-Store,Lake Oswego,2023-10-31
9113,Liam Nelson,Retail,Immediate,In-Store,Tigard,2023-07-13
9114,Mason Nguyen,Retail,Immediate,In-Store,Portland,2025-10-12
9115,David Williams,Retail,Immediate,In-Store,Portland,2022-11-15
9116,David Anderson,Retail,Immediate,In-Store,Portland,2022-09-09
9117,Ella Miller,Retail,Immediate,In-Store,Portland,2023-11-22
9118,MATTHEW CARTER ,Retail,Immediate,In-Store,Portland,2024-03-06
9119,Robert Davis,Retail,Immediate,In-Store,Hillsboro,2022-04-29
9120,Isabella Anderson,Retail,Immediate,In-Store,Beaverton,2025-08-14
9121,Grace Brown,Retail,Immediate,In-Store,Vancouver,2024-09-22
9122,EMMA LEE ,Retail,Immediate,In-Store,Hillsboro,2025-09-27
9123,William Nelson,Retail,Immediate,In-Store,Portland,2023-12-07
9124,Michael Taylor,Retail,Immediate,In-Store,Portland,2023-10-12
9125,Madison Kim,Retail,Immediate,In-Store,Beaverton,2023-07-28
9126,Mia Davis,Retail,Immediate,In-Store,Bend,2023-09-05
9127,Sarah Garcia,Retail,Immediate,In-Store,Beaverton,2024-12-03
9128,EMILY DAVIS ,Retail,Immediate,In-Store,Eugene,2023-10-25
9129,Ava Kim,Retail,Immediate,In-Store,Lake Oswego,2025-01-16
9130,ISABELLA WILSON ,Retail,Immediate,In-Store,Bend,2023-01-07
9131,Chloe Jones,Retail,Immediate,In-Store,Eugene,2025-01-18
9132,Grace Lee,Retail,Immediate,In-Store,Portland,2025-05-10
9133,Sophia Smith,Retail,Immediate,In-Store,Hillsboro,2023-09-03
9134,William Miller,Retail,Immediate,In-Store,Gresham,2023-05-06
9135,Olivia Thomas,Retail,Immediate,In-Store, portland,2023-06-01
9136,Jessica Garcia,Retail,Immediate,In-Store,Hillsboro,2025-03-25
9137,SARAH JONES ,Retail,Immediate,In-Store,Portland,2022-02-18
9138,Liam Davis,Retail,Immediate,In-Store,Portland,2025-02-15
9139,Christopher Garcia,Retail,Immediate,In-Store,Gresham,2024-10-26
9140,David Carter,Retail,Immediate,In-Store,Portland,2022-06-09
9141,Andrew Wilson,Retail,Immediate,In-Store,Beaverton,2022-04-23
9142,Mason Smith,Retail,Immediate,In-Store,Portland,2023-10-03
9143,ISABELLA JONES ,Retail,Immediate,In-Store,Portland,2023-06-09
9144,OLIVIA MOORE ,Retail,Immediate,In-Store,Eugene,2025-11-11
9145,Sarah Miller,Retail,Immediate,In-Store, portland,2023-02-12
9146,Madison Johnson,Retail,Immediate,In-Store,Portland,2023-08-09
9147,ASHLEY MILLER ,Retail,Immediate,In-Store,Portland,2022-11-15
9148,Liam Martin,Retail,Immediate,In-Store,Eugene,2025-07-20
9149,William Kim,Retail,Immediate,In-Store,Corvallis,2024-04-03
9150,Lucas Garcia,Retail,Immediate,In-Store,Gresham,2023-10-16
9151,William Lee,Retail,Immediate,In-Store,Portland,2025-09-23
9152,Daniel Garcia,Retail,Immediate,In-Store,Corvallis,2025-11-08
9153,Ethan Jones,Retail,Immediate,In-Store,Salem,2022-11-06
9154,Daniel Patel,Retail,Immediate,In-Store,Portland,2025-09-19
9155,William Anderson,Retail,Immediate,In-Store,Lake Oswego,2023-01-13
9156,Madison Brown,Retail,Immediate,In-Store,Portland,2025-05-02
9157,William Lee,Retail,Immediate,In-Store,Portland,2022-06-04
9158,David Davis,Retail,Immediate,In-Store,Portland,2022-01-02
9159,William Lee,Retail,Immediate,In-Store,Portland,2022-02-25
9160,DANIEL BROWN ,Retail,Immediate,In-Store,Gresham,2023-09-08
9161,James Williams,Retail,Immediate,In-Store,Beaverton,2023-03-21
9162,Emily Lee,Retail,Immediate,In-Store,Hillsboro,2022-05-28
9163,Ella Carter,Retail,Immediate,In-Store,Portland,2023-02-07
9164,Ella Smith,Retail,Immediate,In-Store,Portland,2023-03-07
9165,Ella Brown,Retail,Immediate,In-Store,Salem,2024-04-12
9166,ETHAN CARTER ,Retail,Immediate,In-Store,Vancouver,2023-04-13
9167,Jessica Lee,Retail,Immediate,In-Store,Portland,2025-07-03
9168,LUCAS WILLIAMS ,Retail,Immediate,In-Store,Portland,2022-05-02
9169,Ava Davis,Retail,Immediate,In-Store, portland,2025-02-20
9170,Mia Patel,Retail,Immediate,In-Store, portland,2025-02-14
9171,Ethan Carter,Retail,Immediate,In-Store,Portland,2023-05-02
9172,Olivia Miller,Retail,Immediate,In-Store,Seattle,2022-10-01
9173,Ella Moore,Retail,Immediate,In-Store,Portland,2023-01-21
9174,Emma Johnson,Retail,Immediate,In-Store, salem,2023-12-16
9175,Olivia Miller,Retail,Immediate,In-Store,Portland,2024-03-23
9176,Isabella Johnson,Retail,Immediate,In-Store,Bend,2024-09-02
9177,ISABELLA CARTER ,Retail,Immediate,In-Store,Portland,2022-11-17
9178,JAMES JONES ,Retail,Immediate,In-Store,Portland,2023-02-12
9179,Michael Jones,Retail,Immediate,In-Store,Portland,2024-11-17
9180,William Davis,Retail,Immediate,In-Store,Portland,2022-10-20
9181,Andrew Martin,Retail,Immediate,In-Store,Vancouver,2023-12-01
9182,Lucas Jones,Retail,Immediate,In-Store,Salem,2025-08-07
9183,Matthew Lee,Retail,Immediate,In-Store,Portland,2022-10-01
9184,Madison Martin,Retail,Immediate,In-Store,Portland,2022-12-20
9185,Mason Nelson,Retail,Immediate,In-Store,Beaverton,2022-07-13
9186,EMILY SMITH ,Retail,Immediate,In-Store,Portland,2025-11-14
9187,Madison Garcia,Retail,Immediate,In-Store,Portland,2022-03-23
9188,Sarah Thomas,Retail,Immediate,In-Store,Gresham,2023-04-04
9189,NOAH TAYLOR ,Retail,Immediate,In-Store,Portland,2022-08-05
9190,Noah Davis,Retail,Immediate,In-Store,Portland,2023-08-18
9191,Andrew Garcia,Retail,Immediate,In-Store,Portland,2023-05-16
9192,David Taylor,Retail,Immediate,In-Store,Portland,2023-10-04
9193,Christopher Patel,Retail,Immediate,In-Store,Portland,2023-01-22
9194,Chloe Nguyen,Retail,Immediate,In-Store,Portland,2022-09-30
9195,William Jones,Retail,Immediate,In-Store,Portland,2025-05-29
9196,JOSEPH BROWN ,Retail,Immediate,In-Store,Salem,2024-03-26
9197,Hannah Garcia,Retail,Immediate,In-Store,Seattle,2025-10-13
9198,Ethan Martin,Retail,Immediate,In-Store,Portland,2022-07-13
9199,EMMA THOMAS ,Retail,Immediate,In-Store,Portland,2022-06-23
9200,Isabella Nelson,Retail,Immediate,In-Store,Portland,2025-01-28
9201,Chloe Johnson,Retail,Immediate,In-Store,Portland,2024-02-27
9202,Christopher Patel,Retail,Immediate,In-Store,Portland,2025-02-09
9203,ASHLEY PATEL ,Retail,Immediate,In-Store,Portland,2024-01-01
9204,Chloe Williams,Retail,Immediate,In-Store,Hillsboro,2024-03-28
9205,Chloe Moore,Retail,Immediate,In-Store,Vancouver,2024-10-11
9206,Daniel Kim,Retail,Immediate,In-Store,Portland,2025-09-03
9207,Mason Patel,Retail,Immediate,In-Store,Portland,2025-02-02
9208,Christopher Wilson,Retail,Immediate,In-Store,Gresham,2025-01-04
9209,Ella Thomas,Retail,Immediate,In-Store,Portland,2025-12-14
9210,Mason Nguyen,Retail,Immediate,In-Store,Portland,2022-04-17
9211,Grace Davis,Retail,Immediate,In-Store,Lake Oswego,2024-08-07
9212,Matthew Carter,Retail,Immediate,In-Store,Portland,2023-06-24
9213,Ella Thomas,Retail,Immediate,In-Store,Portland,2024-10-08
9214,DAVID SMITH ,Retail,Immediate,In-Store,Hillsboro,2023-03-17
9215,Daniel Davis,Retail,Immediate,In-Store,Beaverton,2022-12-05
9216,Christopher Smith,Retail,Immediate,In-Store,Portland,2022-09-17
9217,Mason Brown,Retail,Immediate,In-Store,Beaverton,2022-02-09
9218,Ethan Brown,Retail,Immediate,In-Store,Vancouver,2024-06-02
9219,Sarah Anderson,Retail,Immediate,In-Store,Gresham,2025-04-01
9220,Christopher Patel,Retail,Immediate,In-Store,Portland,2023-08-09
9221,EMMA DAVIS ,Retail,Immediate,In-Store,Portland,2022-02-24
9222,Madison Taylor,Retail,Immediate,In-Store, beaverton,2023-09-05
9223,David Smith,Retail,Immediate,In-Store,Portland,2024-02-28
9224,Madison Thomas,Retail,Immediate,In-Store,Hillsboro,2025-10-06
9225,Emily Williams,Retail,Immediate,In-Store,Portland,2024-01-07
9226,Isabella Nguyen,Retail,Immediate,In-Store, salem,2022-08-02
9227,Christopher Thomas,Retail,Immediate,In-Store,Hillsboro,2023-01-15
9228,JESSICA NGUYEN ,Retail,Immediate,In-Store,Portland,2024-03-24
9229,Jessica Nguyen,Retail,Immediate,In-Store,Salem,2023-03-26
9230,Chloe Williams,Retail,Immediate,In-Store,Salem,2022-08-29
9231,Hannah Carter,Retail,Immediate,In-Store,Corvallis,2025-05-16
9232,Emily Anderson,Retail,Immediate,In-Store,Hillsboro,2022-07-03
9233,Noah Johnson,Retail,Immediate,In-Store,Portland,2025-05-18
9234,DANIEL WILLIAMS ,Retail,Immediate,In-Store,Corvallis,2022-07-19
9235,Michael Taylor,Retail,Immediate,In-Store,Portland,2025-11-07
9236,Sophia Anderson,Retail,Immediate,In-Store,Tigard,2023-06-08
9237,ETHAN ANDERSON ,Retail,Immediate,In-Store,Portland,2024-05-05
9238,LUCAS GARCIA ,Retail,Immediate,In-Store,Portland,2023-05-22
9239,Isabella Moore,Retail,Immediate,In-Store,Portland,2023-09-21
9240,Ava Davis,Retail,Immediate,In-Store,Lake Oswego,2024-07-19
9241,GRACE DAVIS ,Retail,Immediate,In-Store,Corvallis,2023-09-21
9242,Mason Anderson,Retail,Immediate,In-Store,Portland,2023-10-29
9243,Sarah Johnson,Retail,Immediate,In-Store,Portland,2025-07-01
9244,Matthew Jones,Retail,Immediate,In-Store,Tigard,2023-04-25
9245,Liam Lee,Retail,Immediate,In-Store,Gresham,2025-01-20
9246,Liam Martin,Retail,Immediate,In-Store,Portland,2024-01-13
9247,Liam Miller,Retail,Immediate,In-Store,Portland,2022-12-30
9248,Noah Carter,Retail,Immediate,In-Store,Portland,2023-02-01
9249,James Anderson,Retail,Immediate,In-Store,Vancouver,2023-03-29
9250,Ashley Carter,Retail,Immediate,In-Store,Portland,2025-08-20
9251,Sarah Patel,Retail,Immediate,In-Store,Hillsboro,2024-12-08
9252,Isabella Jones,Retail,Immediate,In-Store,Portland,2023-03-29
9253,ISABELLA PATEL ,Retail,Immediate,In-Store,Salem,2022-02-21
9254,Ashley Garcia,Retail,Immediate,In-Store,Eugene,2025-08-29
9255,ETHAN ANDERSON ,Retail,Immediate,In-Store,Salem,2024-07-31
9256,William Johnson,Retail,Immediate,In-Store,Portland,2024-06-17
9257,Olivia Nelson,Retail,Immediate,In-Store,Vancouver,2025-02-09
9258,MASON DAVIS ,Retail,Immediate,In-Store,Salem,2022-10-10
9259,Daniel Anderson,Retail,Immediate,In-Store, portland,2022-05-01
9260,Michael Nelson,Retail,Immediate,In-Store,Portland,2025-04-08
9261,Emma Garcia,Retail,Immediate,In-Store,Portland,2024-12-22
9262,LUCAS WILLIAMS ,Retail,Immediate,In-Store,Portland,2022-04-06
9263,David Lee,Retail,Immediate,In-Store, portland,2023-10-25
9264,David Nguyen,Retail,Immediate,In-Store,Eugene,2022-04-05
9265,AVA TAYLOR ,Retail,Immediate,In-Store,Portland,2022-10-14
9266,Madison Smith,Retail,Immediate,In-Store,Portland,2025-09-03
9267,Madison Davis,Retail,Immediate,In-Store, hillsboro,2023-09-10
9268,Sarah Kim,Retail,Immediate,In-Store,Portland,2024-07-10
9269,Mia Patel,Retail,Immediate,In-Store,Corvallis,2022-03-03
9270,William Moore,Retail,Immediate,In-Store, portland,2025-04-24
9271,Sarah Garcia,Retail,Immediate,In-Store,Salem,2023-01-13
9272,Lucas Jones,Retail,Immediate,In-Store, eugene,2022-03-31
9273,ANDREW SMITH ,Retail,Immediate,In-Store,Portland,2025-12-16
9274,Chloe Martin,Retail,Immediate,In-Store,Eugene,2025-10-27
9275,Daniel Jones,Retail,Immediate,In-Store,Beaverton,2022-04-21
9276,Sophia Martin,Retail,Immediate,In-Store,Eugene,2024-01-30
9277,Christopher Wilson,Retail,Immediate,In-Store,Bend,2025-06-28
9278,Sophia Nguyen,Retail,Immediate,In-Store,Portland,2024-12-22
9279,Robert Moore,Retail,Immediate,In-Store,Gresham,2025-12-28
9280,Chloe Moore,Retail,Immediate,In-Store,Bend,2025-02-09
9281,Michael Nguyen,Retail,Immediate,In-Store,Hillsboro,2025-01-11
9282,Grace Kim,Retail,Immediate,In-Store,Salem,2022-06-28
9283,Emma Jones,Retail,Immediate,In-Store,Bend,2022-04-14
9284,Isabella Nguyen,Retail,Immediate,In-Store, portland,2023-12-07
9285,ELLA GARCIA ,Retail,Immediate,In-Store,Portland,2023-03-31
9286,Ava Carter,Retail,Immediate,In-Store,Hillsboro,2022-05-18
9287,CHLOE WILLIAMS ,Retail,Immediate,In-Store,Portland,2025-07-21
9288,Daniel Garcia,Retail,Immediate,In-Store,Vancouver,2025-08-04
9289,Olivia Jones,Retail,Immediate,In-Store,Portland,2024-04-04
9290,Chloe Smith,Retail,Immediate,In-Store,Portland,2024-06-12
9291,Madison Miller,Retail,Immediate,In-Store, portland,2025-03-06
9292,Ashley Brown,Retail,Immediate,In-Store,Portland,2023-10-08
9293,Mason Patel,Retail,Immediate,In-Store,Beaverton,2022-06-08
9294,Sarah Lee,Retail,Immediate,In-Store, portland,2023-10-11
9295,Madison Johnson,Retail,Immediate,In-Store,Portland,2025-07-14
9296,Hannah Williams,Retail,Immediate,In-Store,Portland,2023-01-21
9297,Noah Davis,Retail,Immediate,In-Store,Hillsboro,2025-08-08
9298,James Carter,Retail,Immediate,In-Store,Gresham,2023-04-21
9299,Christopher Wilson,Retail,Immediate,In-Store,Hillsboro,2023-01-09
9300,Noah Martin,Retail,Immediate,In-Store, portland,2025-12-10
9301,Olivia Lee,Retail,Immediate,In-Store,Portland,2023-09-01
9302,Noah Moore,Retail,Immediate,In-Store,Gresham,2022-11-15
9303,Lucas Lee,Retail,Immediate,In-Store,Vancouver,2023-03-26
9304,Joseph Miller,Retail,Immediate,In-Store,Portland,2022-10-26
9305,Lucas Carter,Retail,Immediate,In-Store,Lake Oswego,2025-11-17
9306,Robert Williams,Retail,Immediate,In-Store,Portland,2025-09-02
9307,Liam Nguyen,Retail,Immediate,In-Store,Portland,2025-03-23
9308,Michael Smith,Retail,Immediate,In-Store,Portland,2025-10-24
9309,James Moore,Retail,Immediate,In-Store,Hillsboro,2023-02-16
9310,Emma Williams,Retail,Immediate,In-Store,Gresham,2023-06-11
9311,Madison Brown,Retail,Immediate,In-Store,Portland,2023-09-20
9312,EMMA NELSON ,Retail,Immediate,In-Store,Beaverton,2025-10-06
9313,CHLOE PATEL ,Retail,Immediate,In-Store,Beaverton,2023-08-26
9314,Grace Carter,Retail,Immediate,In-Store,Portland,2023-01-23
9315,Matthew Miller,Retail,Immediate,In-Store,Portland,2025-09-01
9316,Emily Garcia,Retail,Immediate,In-Store,Corvallis,2024-07-04
9317,David Martin,Retail,Immediate,In-Store,Salem,2024-06-12
9318,Lucas Nguyen,Retail,Immediate,In-Store, portland,2022-10-30
9319,Michael Nelson,Retail,Immediate,In-Store,Eugene,2025-05-13
9320,Michael Jones,Retail,Immediate,In-Store,Portland,2023-04-13
9321,Olivia Anderson,Retail,Immediate,In-Store,Eugene,2022-06-16
9322,Sophia Nelson,Retail,Immediate,In-Store,Portland,2022-08-19
9323,Ava Brown,Retail,Immediate,In-Store,Gresham,2025-03-16
9324,Ashley Carter,Retail,Immediate,In-Store,Portland,2024-11-22
9325,Ava Taylor,Retail,Immediate,In-Store,Portland,2022-05-24
9326,Mason Thomas,Retail,Immediate,In-Store,Portland,2024-06-30
9327,LIAM WILSON ,Retail,Immediate,In-Store,Portland,2023-11-26
9328,Sarah Thomas,Retail,Immediate,In-Store,Portland,2025-06-30
9329,DANIEL JOHNSON ,Retail,Immediate,In-Store,Tigard,2022-09-21
9330,Christopher Nguyen,Retail,Immediate,In-Store,Portland,2023-09-15
9331,Hannah Carter,Retail,Immediate,In-Store,Portland,2024-08-07
9332,David Johnson,Retail,Immediate,In-Store,Beaverton,2022-03-30
9333,Matthew Moore,Retail,Immediate,In-Store,Portland,2025-06-30
9334,David Thomas,Retail,Immediate,In-Store,Portland,2025-08-14
9335,Liam Patel,Retail,Immediate,In-Store,Portland,2025-10-21
9336,MICHAEL SMITH ,Retail,Immediate,In-Store,Hillsboro,2025-07-18
9337,David Smith,Retail,Immediate,In-Store,Hillsboro,2022-06-02
9338,Emma Williams,Retail,Immediate,In-Store,Portland,2022-02-13
9339,Ashley Taylor,Retail,Immediate,In-Store,Bend,2023-10-23
9340,DAVID GARCIA ,Retail,Immediate,In-Store,Portland,2023-09-29
9341,Noah Brown,Retail,Immediate,In-Store, portland,2025-04-23
9342,Daniel Moore,Retail,Immediate,In-Store,Beaverton,2023-12-23
9343,Andrew Martin,Retail,Immediate,In-Store,Hillsboro,2022-06-23
9344,ETHAN GARCIA ,Retail,Immediate,In-Store,Portland,2025-07-19
9345,Isabella Williams,Retail,Immediate,In-Store,Portland,2022-08-23
9346,Daniel Wilson,Retail,Immediate,In-Store,Seattle,2024-03-27
9347,Mason Martin,Retail,Immediate,In-Store,Portland,2023-04-10
9348,Andrew Carter,Retail,Immediate,In-Store,Hillsboro,2024-05-16
9349,Ethan Nguyen,Retail,Immediate,In-Store,Portland,2022-03-22
9350,Olivia Garcia,Retail,Immediate,In-Store,Vancouver,2022-10-26
9351,Ava Wilson,Retail,Immediate,In-Store,Gresham,2022-10-07
9352,Ava Patel,Retail,Immediate,In-Store, seattle,2022-11-26
9353,Ashley Smith,Retail,Immediate,In-Store,Tigard,2023-01-14
9354,Christopher Garcia,Retail,Immediate,In-Store,Portland,2024-02-28
9355,Daniel Garcia,Retail,Immediate,In-Store,Portland,2024-02-18
9356,Emily Thomas,Retail,Immediate,In-Store,Lake Oswego,2025-06-28
9357,Olivia Johnson,Retail,Immediate,In-Store,Bend,2025-11-11
9358,Ava Nguyen,Retail,Immediate,In-Store,Beaverton,2024-10-06
9359,Chloe Jones,Retail,Immediate,In-Store,Portland,2024-03-21
9360,Jessica Nelson,Retail,Immediate,In-Store,Portland,2024-06-09
9361,Ava Garcia,Retail,Immediate,In-Store,Portland,2023-07-29
9362,ELLA NGUYEN ,Retail,Immediate,In-Store,Beaverton,2025-11-10
9363,Ashley Garcia,Retail,Immediate,In-Store, portland,2025-07-07
9364,James Smith,Retail,Immediate,In-Store,Hillsboro,2022-09-14
9365,Michael Martin,Retail,Immediate,In-Store,Portland,2023-12-04
9366,Daniel Jones,Retail,Immediate,In-Store,Corvallis,2025-08-30
9367,DAVID MARTIN ,Retail,Immediate,In-Store,Beaverton,2025-01-12
9368,Ashley Brown,Retail,Immediate,In-Store,Lake Oswego,2024-05-24
9369,Daniel Wilson,Retail,Immediate,In-Store, salem,2024-01-24
9370,Ethan Nguyen,Retail,Immediate,In-Store,Portland,2022-07-14
9371,Grace Thomas,Retail,Immediate,In-Store,Portland,2025-11-06
9372,Hannah Martin,Retail,Immediate,In-Store,Portland,2023-07-10
9373,Emily Williams,Retail,Immediate,In-Store,Portland,2023-11-18
9374,LUCAS MARTIN ,Retail,Immediate,In-Store,Portland,2024-06-21
9375,JAMES BROWN ,Retail,Immediate,In-Store, portland,2023-10-05
9376,Olivia Thomas,Retail,Immediate,In-Store, portland,2024-07-15
9377,WILLIAM CARTER ,Retail,Immediate,In-Store,Portland,2022-12-26
9378,Isabella Thomas,Retail,Immediate,In-Store, portland,2025-01-25
9379,Noah Miller,Retail,Immediate,In-Store,Portland,2024-07-09
9380,Joseph Smith,Retail,Immediate,In-Store,Portland,2025-03-23
9381,Andrew Lee,Retail,Immediate,In-Store,Tigard,2023-05-02
9382,Liam Brown,Retail,Immediate,In-Store,Portland,2022-11-17
9383,Lucas Carter,Retail,Immediate,In-Store,Portland,2025-09-13
9384,Olivia Taylor,Retail,Immediate,In-Store,Portland,2025-04-22
9385,Lucas Carter,Retail,Immediate,In-Store,Portland,2024-05-18
9386,Madison Miller,Retail,Immediate,In-Store,Portland,2023-02-16
9387,Liam Miller,Retail,Immediate,In-Store,Portland,2022-04-29
9388,Christopher Smith,Retail,Immediate,In-Store,Salem,2025-03-16
9389,DANIEL WILSON ,Retail,Immediate,In-Store,Portland,2025-08-12
9390,Ethan Anderson,Retail,Immediate,In-Store,Portland,2023-12-21
9391,Olivia Lee,Retail,Immediate,In-Store,Portland,2023-05-09
9392,Daniel Brown,Retail,Immediate,In-Store,Portland,2023-01-30
9393,Lucas Nguyen,Retail,Immediate,In-Store,Eugene,2022-12-25
9394,CHRISTOPHER PATEL ,Retail,Immediate,In-Store,Hillsboro,2024-02-20
9395,James Kim,Retail,Immediate,In-Store, eugene,2024-03-30
9396,Christopher Davis,Retail,Immediate,In-Store,Portland,2022-01-10
9397,ANDREW MARTIN ,Retail,Immediate,In-Store,Portland,2023-09-11
9398,Matthew Jones,Retail,Immediate,In-Store,Hillsboro,2022-11-04
9399,EMMA CARTER ,Retail,Immediate,In-Store,Lake Oswego,2022-12-28
9400,Emily Garcia,Retail,Immediate,In-Store,Portland,2023-07-07
9401,Joseph Patel,Retail,Immediate,In-Store,Portland,2023-03-10
9402,Emma Johnson,Retail,Immediate,In-Store,Vancouver,2024-03-11
9403,Chloe Thomas,Retail,Immediate,In-Store, salem,2023-04-11
9404,MATTHEW THOMAS ,Retail,Immediate,In-Store,Vancouver,2023-07-20
9405,Christopher Moore,Retail,Immediate,In-Store,Portland,2024-06-10
9406,Sophia Smith,Retail,Immediate,In-Store,Seattle,2024-12-16
9407,Christopher Lee,Retail,Immediate,In-Store, portland,2023-10-13
9408,Emma Patel,Retail,Immediate,In-Store,Portland,2023-03-03
9409,Joseph Davis,Retail,Immediate,In-Store,Portland,2024-06-07
9410,Lucas Garcia,Retail,Immediate,In-Store,Hillsboro,2024-12-26
9411,Mia Brown,Retail,Immediate,In-Store,Portland,2025-01-07
9412,Chloe Miller,Retail,Immediate,In-Store, salem,2024-02-05
9413,Christopher Miller,Retail,Immediate,In-Store,Portland,2024-12-17
9414,Liam Patel,Retail,Immediate,In-Store,Portland,2022-10-18
9415,MIA THOMAS ,Retail,Immediate,In-Store,Gresham,2023-08-19
9416,Emma Brown,Retail,Immediate,In-Store,Portland,2022-06-17
9417,Andrew Martin,Retail,Immediate,In-Store,Portland,2022-01-19
9418,CHLOE BROWN ,Retail,Immediate,In-Store,Tigard,2024-07-12
9419,LUCAS MARTIN ,Retail,Immediate,In-Store, portland,2024-12-16
9420,Michael Garcia,Retail,Immediate,In-Store,Portland,2024-11-26
9421,Daniel Anderson,Retail,Immediate,In-Store,Eugene,2024-03-17
9422,Mason Brown,Retail,Immediate,In-Store,Portland,2023-03-04
9423,David Smith,Retail,Immediate,In-Store,Portland,2023-11-05
9424,Isabella Wilson,Retail,Immediate,In-Store,Portland,2025-01-14
9425,David Jones,Retail,Immediate,In-Store, corvallis,2024-11-07
9426,Michael Brown,Retail,Immediate,In-Store,Portland,2023-07-11
9427,CHRISTOPHER KIM ,Retail,Immediate,In-Store,Portland,2025-02-21
9428,Emma Thomas,Retail,Immediate,In-Store,Portland,2023-02-09
9429,Mia Brown,Retail,Immediate,In-Store,Portland,2022-02-20
9430,Olivia Davis,Retail,Immediate,In-Store,Portland,2024-12-06
9431,David Martin,Retail,Immediate,In-Store,Hillsboro,2025-07-28
9432,Ava Nelson,Retail,Immediate,In-Store,Lake Oswego,2025-02-09
9433,OLIVIA WILLIAMS ,Retail,Immediate,In-Store,Gresham,2025-05-31
9434,HANNAH DAVIS ,Retail,Immediate,In-Store,Hillsboro,2024-12-25
9435,Mia Garcia,Retail,Immediate,In-Store,Gresham,2025-01-21
9436,William Jones,Retail,Immediate,In-Store,Eugene,2023-07-01
9437,Sarah Davis,Retail,Immediate,In-Store,Hillsboro,2024-06-30
9438,David Taylor,Retail,Immediate,In-Store,Portland,2022-10-15
9439,Ethan Patel,Retail,Immediate,In-Store,Portland,2022-12-28
9440,Andrew Williams,Retail,Immediate,In-Store,Beaverton,2023-08-19
9441,David Thomas,Retail,Immediate,In-Store,Seattle,2023-05-20
9442,Jessica Anderson,Retail,Immediate,In-Store,Seattle,2024-12-14
9443,EMMA MILLER ,Retail,Immediate,In-Store,Salem,2022-09-19
9444,Liam Davis,Retail,Immediate,In-Store,Tigard,2024-06-25
9445,Matthew Taylor,Retail,Immediate,In-Store,Portland,2025-04-16
9446,OLIVIA KIM ,Retail,Immediate,In-Store,Portland,2024-01-21
9447,HANNAH NELSON ,Retail,Immediate,In-Store,Eugene,2022-06-15
9448,Noah Jones,Retail,Immediate,In-Store,Portland,2022-09-24
9449,Hannah Nguyen,Retail,Immediate,In-Store,Salem,2023-11-30
9450,Ava Martin,Retail,Immediate,In-Store,Portland,2025-10-05
9451,MASON KIM ,Retail,Immediate,In-Store,Beaverton,2023-09-11
9452,Hannah Jones,Retail,Immediate,In-Store,Portland,2023-01-15
9453,Lucas Anderson,Retail,Immediate,In-Store, lake oswego,2025-09-15
9454,Hannah Lee,Retail,Immediate,In-Store,Portland,2022-12-05
9455,Ashley Miller,Retail,Immediate,In-Store, hillsboro,2022-10-10
9456,ETHAN BROWN ,Retail,Immediate,In-Store,Corvallis,2025-12-31
9457,Joseph Wilson,Retail,Immediate,In-Store,Vancouver,2022-03-19
9458,Ella Jones,Retail,Immediate,In-Store,Portland,2025-04-06
9459,Sophia Garcia,Retail,Immediate,In-Store,Portland,2025-11-17
9460,Liam Wilson,Retail,Immediate,In-Store,Portland,2024-08-19
9461,Sophia Smith,Retail,Immediate,In-Store, beaverton,2023-04-17
9462,Ashley Anderson,Retail,Immediate,In-Store,Bend,2024-12-31
9463,Ethan Garcia,Retail,Immediate,In-Store,Portland,2024-09-24
9464,Christopher Miller,Retail,Immediate,In-Store,Portland,2024-12-02
9465,Olivia Carter,Retail,Immediate,In-Store,Portland,2022-10-08
9466,Sophia Davis,Retail,Immediate,In-Store,Portland,2023-01-08
9467,Daniel Nelson,Retail,Immediate,In-Store,Salem,2024-02-21
9468,Christopher Jones,Retail,Immediate,In-Store,Salem,2025-05-11
9469,James Patel,Retail,Immediate,In-Store,Portland,2025-12-27
9470,Sarah Anderson,Retail,Immediate,In-Store,Hillsboro,2023-11-25
9471,Emma Anderson,Retail,Immediate,In-Store, portland,2023-08-20
9472,Noah Carter,Retail,Immediate,In-Store,Vancouver,2025-02-18
9473,OLIVIA MARTIN ,Retail,Immediate,In-Store,Portland,2025-05-07
9474,Matthew Taylor,Retail,Immediate,In-Store,Portland,2025-12-06
9475,Andrew Anderson,Retail,Immediate,In-Store,Eugene,2025-09-03
9476,William Nelson,Retail,Immediate,In-Store,Beaverton,2024-11-05
9477,Sarah Thomas,Retail,Immediate,In-Store,Portland,2025-01-10
9478,Emma Patel,Retail,Immediate,In-Store,Portland,2022-07-03
9479,Lucas Wilson,Retail,Immediate,In-Store,Portland,2024-10-25
9480,Ashley Williams,Retail,Immediate,In-Store, portland,2025-07-04
9481,Christopher Williams,Retail,Immediate,In-Store,Portland,2025-06-21
9482,Ethan Wilson,Retail,Immediate,In-Store,Portland,2024-12-31
9483,David Miller,Retail,Immediate,In-Store,Vancouver,2023-01-15
9484,Mason Lee,Retail,Immediate,In-Store, bend,2022-08-25
9485,Jessica Kim,Retail,Immediate,In-Store,Portland,2022-12-18
9486,Emily Anderson,Retail,Immediate,In-Store,Portland,2022-10-27
9487,James Jones,Retail,Immediate,In-Store,Portland,2024-06-02
9488,Sophia Thomas,Retail,Immediate,In-Store,Beaverton,2025-09-14
9489,NOAH THOMAS ,Retail,Immediate,In-Store,Gresham,2023-07-14
9490,Mia Davis,Retail,Immediate,In-Store,Portland,2024-05-23
9491,Andrew Smith,Retail,Immediate,In-Store,Portland,2022-01-12
9492,Ashley Lee,Retail,Immediate,In-Store,Salem,2023-03-10
9493,Daniel Taylor,Retail,Immediate,In-Store,Portland,2022-06-04
9494,Ava Carter,Retail,Immediate,In-Store,Portland,2023-05-10
9495,Jessica Anderson,Retail,Immediate,In-Store,Salem,2022-04-21
9496,Michael Wilson,Retail,Immediate,In-Store,Portland,2025-09-14
9497,Emma Wilson,Retail,Immediate,In-Store,Portland,2024-11-08
9498,Robert Carter,Retail,Immediate,In-Store,Seattle,2023-09-27
9499,Olivia Nguyen,Retail,Immediate,In-Store,Eugene,2025-10-06
9500,Hannah Davis,Retail,Immediate,In-Store,Salem,2022-07-24
9501,Olivia Lee,Retail,Immediate,In-Store,Portland,2024-02-27
9502,Olivia Kim,Retail,Immediate,In-Store,Bend,2022-04-16
9503,Andrew Patel,Retail,Immediate,In-Store,Beaverton,2024-07-26
9504,Ashley Patel,Retail,Immediate,In-Store,Portland,2024-06-30
9505,Joseph Nguyen,Retail,Immediate,In-Store,Portland,2022-10-24
9506,Michael Williams,Retail,Immediate,In-Store,Portland,2025-11-04
9507,David Martin,Retail,Immediate,In-Store,Portland,2025-06-26
9508,Michael Davis,Retail,Immediate,In-Store,Salem,2022-07-27
9509,Andrew Moore,Retail,Immediate,In-Store,Eugene,2024-11-10
9510,LUCAS DAVIS ,Retail,Immediate,In-Store,Portland,2024-09-04
9511,Andrew Miller,Retail,Immediate,In-Store,Beaverton,2023-09-11
9512,Mia Miller,Retail,Immediate,In-Store, portland,2022-08-31
9513,Emma Anderson,Retail,Immediate,In-Store,Portland,2022-02-05
9514,Mason Taylor,Retail,Immediate,In-Store,Portland,2024-04-14
9515,Noah Wilson,Retail,Immediate,In-Store,Salem,2025-08-15
9516,Emma Miller,Retail,Immediate,In-Store,Portland,2022-04-28
9517,Hannah Wilson,Retail,Immediate,In-Store,Corvallis,2024-09-21
9518,Robert Anderson,Retail,Immediate,In-Store,Portland,2024-09-09
9519,Emily Nguyen,Retail,Immediate,In-Store,Beaverton,2025-09-09
9520,Noah Patel,Retail,Immediate,In-Store,Gresham,2025-08-26
9521,Mia Brown,Retail,Immediate,In-Store,Lake Oswego,2024-01-03
9522,LIAM PATEL ,Retail,Immediate,In-Store,Vancouver,2022-04-29
9523,Mia Jones,Retail,Immediate,In-Store,Gresham,2024-02-07
9524,Daniel Thomas,Retail,Immediate,In-Store,Salem,2023-04-14
9525,Liam Moore,Retail,Immediate,In-Store,Portland,2025-01-13
9526,Jessica Nguyen,Retail,Immediate,In-Store,Seattle,2024-03-15
9527,Hannah Johnson,Retail,Immediate,In-Store, vancouver,2023-10-27
9528,David Nguyen,Retail,Immediate,In-Store,Portland,2024-09-03
9529,Isabella Martin,Retail,Immediate,In-Store,Hillsboro,2024-09-28
9530,Ava Miller,Retail,Immediate,In-Store,Portland,2025-08-25
9531,Chloe Miller,Retail,Immediate,In-Store,Portland,2025-09-30
9532,Lucas Nelson,Retail,Immediate,In-Store,Portland,2022-11-13
9533,JOSEPH KIM ,Retail,Immediate,In-Store,Portland,2024-12-06
9534,Mia Williams,Retail,Immediate,In-Store,Lake Oswego,2022-12-20
9535,Olivia Kim,Retail,Immediate,In-Store,Portland,2023-01-25
9536,Mason Thomas,Retail,Immediate,In-Store, beaverton,2022-03-17
9537,Emily Patel,Retail,Immediate,In-Store,Portland,2023-07-20
9538,MIA MOORE ,Retail,Immediate,In-Store,Bend,2023-01-30
9539,Sarah Lee,Retail,Immediate,In-Store,Corvallis,2025-07-01
9540,Jessica Miller,Retail,Immediate,In-Store,Portland,2024-03-25
9541,Madison Johnson,Retail,Immediate,In-Store,Portland,2025-08-13
9542,GRACE BROWN ,Retail,Immediate,In-Store,Hillsboro,2025-03-29
9543,Lucas Carter,Retail,Immediate,In-Store,Portland,2022-05-07
9544,Sarah Jones,Retail,Immediate,In-Store,Tigard,2025-08-06
9545,Ethan Thomas,Retail,Immediate,In-Store,Vancouver,2023-11-26
9546,Jessica Taylor,Retail,Immediate,In-Store,Bend,2022-12-02
9547,MATTHEW JONES ,Retail,Immediate,In-Store,Portland,2022-02-09
9548,James Jones,Retail,Immediate,In-Store,Eugene,2024-08-26
9549,Olivia Brown,Retail,Immediate,In-Store,Salem,2023-02-26
9550,Chloe Taylor,Retail,Immediate,In-Store,Portland,2025-08-02
9551,Joseph Kim,Retail,Immediate,In-Store,Hillsboro,2025-12-25
9552,Jessica Patel,Retail,Immediate,In-Store, salem,2023-08-10
9553,Olivia Anderson,Retail,Immediate,In-Store,Hillsboro,2022-01-15
9554,MADISON WILLIAMS ,Retail,Immediate,In-Store,Tigard,2025-04-05
9555,Matthew Brown,Retail,Immediate,In-Store,Beaverton,2023-06-21
9556,Ashley Taylor,Retail,Immediate,In-Store,Hillsboro,2023-09-02
9557,Mason Davis,Retail,Immediate,In-Store,Bend,2025-01-11
9558,Olivia Anderson,Retail,Immediate,In-Store,Portland,2025-09-29
9559,CHLOE MOORE ,Retail,Immediate,In-Store,Portland,2023-02-17
9560,Joseph Smith,Retail,Immediate,In-Store,Gresham,2022-09-19
9561,Ethan Brown,Retail,Immediate,In-Store,Portland,2023-02-09
9562,Noah Smith,Retail,Immediate,In-Store,Portland,2024-04-23
9563,Joseph Anderson,Retail,Immediate,In-Store,Tigard,2025-03-05
9564,Jessica Nguyen,Retail,Immediate,In-Store,Vancouver,2023-12-02
9565,Ella Lee,Retail,Immediate,In-Store,Beaverton,2024-12-18
9566,Liam Kim,Retail,Immediate,In-Store,Beaverton,2022-09-11
9567,Jessica Anderson,Retail,Immediate,In-Store,Hillsboro,2022-02-17
9568,Joseph Patel,Retail,Immediate,In-Store,Hillsboro,2025-09-25
9569,Jessica Davis,Retail,Immediate,In-Store,Eugene,2024-06-20
9570,Mason Nguyen,Retail,Immediate,In-Store,Portland,2023-06-04
9571,Emily Patel,Retail,Immediate,In-Store,Bend,2023-08-03
9572,Ashley Brown,Retail,Immediate,In-Store,Vancouver,2023-08-17
9573,Joseph Taylor,Retail,Immediate,In-Store, portland,2025-12-04
9574,Ashley Lee,Retail,Immediate,In-Store, gresham,2025-12-12
9575,Mason Nelson,Retail,Immediate,In-Store,Portland,2025-02-27
9576,Emily Garcia,Retail,Immediate,In-Store, portland,2025-11-14
9577,Ethan Williams,Retail,Immediate,In-Store, portland,2024-09-25
9578,Ella Nguyen,Retail,Immediate,In-Store,Portland,2024-08-25
9579,Emily Moore,Retail,Immediate,In-Store,Gresham,2023-08-06
9580,Andrew Smith,Retail,Immediate,In-Store,Bend,2025-11-02
9581,Ethan Williams,Retail,Immediate,In-Store,Portland,2024-05-07
9582,Sarah Nguyen,Retail,Immediate,In-Store,Seattle,2022-10-25
9583,Olivia Taylor,Retail,Immediate,In-Store,Portland,2023-03-04
9584,Robert Wilson,Retail,Immediate,In-Store,Portland,2024-06-15
9585,Noah Smith,Retail,Immediate,In-Store,Eugene,2023-05-15
9586,Ava Anderson,Retail,Immediate,In-Store,Beaverton,2025-06-23
9587,Mia Thomas,Retail,Immediate,In-Store,Portland,2023-10-14
9588,CHRISTOPHER TAYLOR ,Retail,Immediate,In-Store, portland,2025-06-04
9589,MASON PATEL ,Retail,Immediate,In-Store,Gresham,2025-06-10
9590,Sarah Carter,Retail,Immediate,In-Store,Portland,2025-10-07
9591,Matthew Moore,Retail,Immediate,In-Store,Hillsboro,2023-03-02
9592,Mason Jones,Retail,Immediate,In-Store,Portland,2022-05-27
9593,Ella Johnson,Retail,Immediate,In-Store,Portland,2023-04-05
9594,ROBERT DAVIS ,Retail,Immediate,In-Store,Portland,2024-11-15
9595,Michael Anderson,Retail,Immediate,In-Store,Portland,2023-03-23
9596,Emma Kim,Retail,Immediate,In-Store,Portland,2024-04-01
9597,Liam Taylor,Retail,Immediate,In-Store,Salem,2024-12-10
9598,Madison Nelson,Retail,Immediate,In-Store,Portland,2025-03-17
9599,David Kim,Retail,Immediate,In-Store,Portland,2022-02-26
9600,ETHAN KIM ,Retail,Immediate,In-Store,Beaverton,2025-08-20
9601,William Jones,Retail,Immediate,In-Store,Seattle,2022-07-13
9602,Ava Taylor,Retail,Immediate,In-Store,Portland,2024-07-04
9603,Chloe Carter,Retail,Immediate,In-Store,Portland,2024-11-18
9604,JOSEPH ANDERSON ,Retail,Immediate,In-Store,Hillsboro,2023-04-27
9605,Emily Smith,Retail,Immediate,In-Store,Salem,2025-12-31
9606,Olivia Moore,Retail,Immediate,In-Store,Hillsboro,2022-10-19
9607,Ella Wilson,Retail,Immediate,In-Store,Portland,2022-01-16
9608,Emma Nguyen,Retail,Immediate,In-Store,Portland,2022-12-18
9609,Ethan Thomas,Retail,Immediate,In-Store,Portland,2024-01-06
9610,Mia Jones,Retail,Immediate,In-Store,Salem,2022-01-10
9611,Joseph Thomas,Retail,Immediate,In-Store,Portland,2022-08-20
9612,Grace Williams,Retail,Immediate,In-Store,Hillsboro,2025-03-17
9613,Ella Nguyen,Retail,Immediate,In-Store,Beaverton,2024-12-28
9614,Noah Davis,Retail,Immediate,In-Store,Corvallis,2025-06-04
9615,Chloe Thomas,Retail,Immediate,In-Store,Portland,2025-04-13
9616,Hannah Williams,Retail,Immediate,In-Store,Portland,2023-05-26
9617,Matthew Taylor,Retail,Immediate,In-Store,Seattle,2022-04-30
9618,Liam Brown,Retail,Immediate,In-Store, portland,2024-05-29
9619,Chloe Patel,Retail,Immediate,In-Store, portland,2025-10-31
9620,Sarah Garcia,Retail,Immediate,In-Store,Eugene,2024-04-24
9621,Ella Kim,Retail,Immediate,In-Store, portland,2024-08-07
9622,Emma Martin,Retail,Immediate,In-Store,Salem,2022-02-02
9623,David Carter,Retail,Immediate,In-Store, vancouver,2023-09-28
9624,David Lee,Retail,Immediate,In-Store,Portland,2022-12-23
9625,Liam Johnson,Retail,Immediate,In-Store,Portland,2024-09-02
9626,Matthew Miller,Retail,Immediate,In-Store,Portland,2024-01-28
9627,ELLA ANDERSON ,Retail,Immediate,In-Store,Eugene,2022-09-26
9628,Isabella Taylor,Retail,Immediate,In-Store, seattle,2022-04-22
9629,Ella Patel,Retail,Immediate,In-Store,Vancouver,2025-11-05
9630,Robert Wilson,Retail,Immediate,In-Store,Portland,2025-01-20
9631,Andrew Thomas,Retail,Immediate,In-Store,Portland,2024-08-12
9632,Mason Wilson,Retail,Immediate,In-Store,Portland,2022-04-22
9633,Mason Williams,Retail,Immediate,In-Store,Portland,2022-06-12
9634,William Thomas,Retail,Immediate,In-Store,Portland,2024-08-29
9635,Chloe Patel,Retail,Immediate,In-Store,Salem,2024-08-20
9636,Liam Miller,Retail,Immediate,In-Store,Portland,2023-02-08
9637,LIAM NELSON ,Retail,Immediate,In-Store,Eugene,2022-08-13
9638,Robert Nelson,Retail,Immediate,In-Store,Portland,2022-02-17
9639,Liam Wilson,Retail,Immediate,In-Store,Portland,2023-10-01
9640,Liam Wilson,Retail,Immediate,In-Store, hillsboro,2024-09-13
9641,Ella Taylor,Retail,Immediate,In-Store, gresham,2023-03-15
9642,Emma Miller,Retail,Immediate,In-Store,Portland,2022-04-26
9643,Madison Johnson,Retail,Immediate,In-Store,Gresham,2025-01-17
9644,MATTHEW NELSON ,Retail,Immediate,In-Store,Portland,2023-03-21
9645,Sophia Lee,Retail,Immediate,In-Store,Eugene,2023-03-01
9646,Daniel Johnson,Retail,Immediate,In-Store,Portland,2023-02-16
9647,Mason Brown,Retail,Immediate,In-Store,Hillsboro,2023-06-03
9648,Madison Carter,Retail,Immediate,In-Store,Portland,2024-08-28
9649,Olivia Davis,Retail,Immediate,In-Store,Gresham,2025-11-25
9650,Jessica Brown,Retail,Immediate,In-Store, eugene,2024-02-01
9651,Olivia Williams,Retail,Immediate,In-Store,Beaverton,2025-02-24
9652,Emily Jones,Retail,Immediate,In-Store,Eugene,2022-05-19
9653,James Miller,Retail,Immediate,In-Store,Eugene,2025-07-21
9654,DANIEL CARTER ,Retail,Immediate,In-Store,Portland,2023-11-29
9655,Ashley Garcia,Retail,Immediate,In-Store,Portland,2022-09-05
9656,Madison Davis,Retail,Immediate,In-Store,Beaverton,2024-05-01
9657,ASHLEY WILLIAMS ,Retail,Immediate,In-Store,Portland,2025-11-11
9658,Noah Wilson,Retail,Immediate,In-Store,Gresham,2022-05-16
9659,Christopher Martin,Retail,Immediate,In-Store,Gresham,2024-11-23
9660,Daniel Lee,Retail,Immediate,In-Store,Hillsboro,2024-12-26
9661,Lucas Thomas,Retail,Immediate,In-Store,Portland,2025-12-24
9662,Joseph Anderson,Retail,Immediate,In-Store,Eugene,2024-09-09
9663,JAMES ANDERSON ,Retail,Immediate,In-Store,Hillsboro,2024-03-07
9664,Joseph Brown,Retail,Immediate,In-Store, portland,2022-06-08
9665,Mason Johnson,Retail,Immediate,In-Store,Portland,2022-04-08
9666,Sophia Kim,Retail,Immediate,In-Store,Eugene,2024-09-28
9667,Isabella Miller,Retail,Immediate,In-Store,Portland,2023-09-01
9668,Lucas Kim,Retail,Immediate,In-Store,Portland,2023-03-29
9669,AVA WILSON ,Retail,Immediate,In-Store,Portland,2025-02-07
9670,Ethan Moore,Retail,Immediate,In-Store,Bend,2024-05-08
9671,CHLOE WILLIAMS ,Retail,Immediate,In-Store,Portland,2024-06-15
9672,Sophia Martin,Retail,Immediate,In-Store,Hillsboro,2024-12-24
9673,Isabella Davis,Retail,Immediate,In-Store,Bend,2023-01-24
9674,Ashley Taylor,Retail,Immediate,In-Store,Portland,2025-03-25
9675,Matthew Garcia,Retail,Immediate,In-Store,Portland,2023-02-15
9676,Emily Jones,Retail,Immediate,In-Store,Portland,2022-10-14
9677,Joseph Kim,Retail,Immediate,In-Store,Portland,2023-01-31
9678,Lucas Davis,Retail,Immediate,In-Store,Portland,2025-03-17
9679,Jessica Patel,Retail,Immediate,In-Store,Portland,2024-11-25
9680,Madison Martin,Retail,Immediate,In-Store,Portland,2023-01-23
9681,ASHLEY TAYLOR ,Retail,Immediate,In-Store,Portland,2022-05-12
9682,Ashley Moore,Retail,Immediate,In-Store,Salem,2023-03-17
9683,Sophia Nelson,Retail,Immediate,In-Store,Portland,2023-07-09
9684,Hannah Carter,Retail,Immediate,In-Store,Portland,2025-10-14
9685,MICHAEL WILSON ,Retail,Immediate,In-Store,Corvallis,2022-07-03
9686,Robert Nelson,Retail,Immediate,In-Store,Portland,2025-06-14
9687,James Martin,Retail,Immediate,In-Store,Portland,2025-01-25
9688,James Smith,Retail,Immediate,In-Store,Portland,2024-02-15
9689,Jessica Lee,Retail,Immediate,In-Store,Hillsboro,2023-06-13
9690,MIA LEE ,Retail,Immediate,In-Store,Beaverton,2024-08-18
9691,James Smith,Retail,Immediate,In-Store,Seattle,2022-02-02
9692,Matthew Brown,Retail,Immediate,In-Store,Portland,2025-12-22
9693,David Kim,Retail,Immediate,In-Store,Portland,2022-12-02
9694,Ella Jones,Retail,Immediate,In-Store,Hillsboro,2024-09-05
9695,Sarah Williams,Retail,Immediate,In-Store,Beaverton,2025-02-25
9696,Chloe Garcia,Retail,Immediate,In-Store,Eugene,2025-08-11
9697,Ava Miller,Retail,Immediate,In-Store, hillsboro,2022-06-25
9698,Hannah Moore,Retail,Immediate,In-Store,Hillsboro,2023-12-09
9699,James Patel,Retail,Immediate,In-Store,Portland,2022-02-11
9700,MASON JOHNSON ,Retail,Immediate,In-Store,Portland,2023-08-29
9701,Chloe Miller,Retail,Immediate,In-Store,Portland,2023-06-02
9702,Mia Garcia,Retail,Immediate,In-Store,Portland,2022-05-03
9703,Mason Patel,Retail,Immediate,In-Store,Portland,2025-04-28
9704,ETHAN DAVIS ,Retail,Immediate,In-Store,Portland,2022-07-25
9705,ELLA DAVIS ,Retail,Immediate,In-Store,Portland,2023-03-31
9706,Liam Wilson,Retail,Immediate,In-Store,Portland,2024-11-28
9707,Andrew Wilson,Retail,Immediate,In-Store, portland,2025-09-21
9708,Ashley Jones,Retail,Immediate,In-Store,Portland,2024-07-28
9709,Matthew Anderson,Retail,Immediate,In-Store,Gresham,2025-10-26
9710,MASON NELSON ,Retail,Immediate,In-Store,Vancouver,2023-05-14
9711,Madison Kim,Retail,Immediate,In-Store,Portland,2024-03-28
9712,Daniel Martin,Retail,Immediate,In-Store,Gresham,2024-03-15
9713,Isabella Taylor,Retail,Immediate,In-Store, hillsboro,2023-10-18
9714,Emily Brown,Retail,Immediate,In-Store,Beaverton,2024-01-31
9715,Olivia Johnson,Retail,Immediate,In-Store,Portland,2024-02-21
9716,James Nguyen,Retail,Immediate,In-Store,Salem,2024-01-07
9717,Andrew Kim,Retail,Immediate,In-Store,Portland,2023-05-28
9718,William Williams,Retail,Immediate,In-Store,Portland,2023-05-01
9719,Liam Martin,Retail,Immediate,In-Store,Portland,2025-03-11
9720,MADISON PATEL ,Retail,Immediate,In-Store,Portland,2024-02-16
9721,Mason Williams,Retail,Immediate,In-Store,Gresham,2023-11-14
9722,Matthew Davis,Retail,Immediate,In-Store,Portland,2024-09-03
9723,Matthew Anderson,Retail,Immediate,In-Store,Bend,2024-10-15
9724,David Moore,Retail,Immediate,In-Store,Salem,2023-07-22
9725,James Patel,Retail,Immediate,In-Store,Eugene,2025-01-15
9726,Jessica Wilson,Retail,Immediate,In-Store,Portland,2025-12-23
9727,Michael Thomas,Retail,Immediate,In-Store, portland,2022-09-13
9728,Christopher Lee,Retail,Immediate,In-Store,Salem,2022-08-01
9729,David Carter,Retail,Immediate,In-Store,Eugene,2025-09-08
9730,Lucas Thomas,Retail,Immediate,In-Store,Corvallis,2024-09-15
9731,CHLOE JONES ,Retail,Immediate,In-Store,Tigard,2022-11-22
9732,Madison Wilson,Retail,Immediate,In-Store,Portland,2022-12-04
9733,Daniel Lee,Retail,Immediate,In-Store,Corvallis,2024-09-26
9734,Sarah Wilson,Retail,Immediate,In-Store,Beaverton,2022-10-07
9735,Andrew Martin,Retail,Immediate,In-Store,Portland,2025-05-20
9736,Grace Thomas,Retail,Immediate,In-Store,Beaverton,2025-04-17
9737,JAMES DAVIS ,Retail,Immediate,In-Store,Corvallis,2025-10-06
9738,Christopher Anderson,Retail,Immediate,In-Store,Gresham,2022-12-16
9739,Grace Williams,Retail,Immediate,In-Store, portland,2022-06-20
9740,ANDREW MARTIN ,Retail,Immediate,In-Store,Beaverton,2022-05-13
9741,Ethan Johnson,Retail,Immediate,In-Store,Gresham,2024-04-15
9742,Emily Brown,Retail,Immediate,In-Store,Portland,2023-12-26
9743,Matthew Smith,Retail,Immediate,In-Store,Salem,2023-09-01
9744,Noah Kim,Retail,Immediate,In-Store,Portland,2023-05-14
9745,Madison Anderson,Retail,Immediate,In-Store,Portland,2023-03-08
9746,Emma Nelson,Retail,Immediate,In-Store,Portland,2022-06-11
9747,Mason Anderson,Retail,Immediate,In-Store,Portland,2022-03-03
9748,Joseph Martin,Retail,Immediate,In-Store,Salem,2023-02-05
9749,Isabella Anderson,Retail,Immediate,In-Store,Eugene,2025-06-23
9750,Emily Moore,Retail,Immediate,In-Store,Portland,2022-12-05
9751,Emily Moore,Retail,Immediate,In-Store,Hillsboro,2024-06-17
9752,Michael Davis,Retail,Immediate,In-Store,Portland,2023-07-13
9753,Joseph Carter,Retail,Immediate,In-Store,Portland,2022-01-01
9754,Noah Kim,Retail,Immediate,In-Store,Salem,2023-02-05
9755,ELLA JOHNSON ,Retail,Immediate,In-Store, portland,2024-09-05
9756,Lucas Martin,Retail,Immediate,In-Store,Eugene,2023-02-11
9757,Hannah Jones,Retail,Immediate,In-Store,Beaverton,2023-12-05
9758,Michael Smith,Retail,Immediate,In-Store, portland,2024-04-21
9759,William Carter,Retail,Immediate,In-Store,Seattle,2023-08-27
9760,Joseph Brown,Retail,Immediate,In-Store,Portland,2024-09-22
9761,Mason Davis,Retail,Immediate,In-Store,Portland,2025-06-22
9762,Noah Davis,Retail,Immediate,In-Store,Portland,2025-09-03
9763,Hannah Jones,Retail,Immediate,In-Store,Portland,2025-04-29
9764,Mason Nelson,Retail,Immediate,In-Store,Hillsboro,2024-10-15
9765,Liam Nelson,Retail,Immediate,In-Store,Bend,2022-05-07
9766,SOPHIA TAYLOR ,Retail,Immediate,In-Store,Portland,2022-12-24
9767,Sarah Johnson,Retail,Immediate,In-Store,Portland,2023-03-05
9768,Noah Smith,Retail,Immediate,In-Store,Portland,2024-10-23
9769,Emma Nguyen,Retail,Immediate,In-Store,Gresham,2024-09-01
9770,MIA THOMAS ,Retail,Immediate,In-Store,Portland,2024-03-11
9771,Jessica Moore,Retail,Immediate,In-Store,Gresham,2024-09-02
9772,Ella Miller,Retail,Immediate,In-Store,Bend,2023-09-04
9773,Mason Nelson,Retail,Immediate,In-Store, hillsboro,2025-05-29
9774,Isabella Wilson,Retail,Immediate,In-Store,Lake Oswego,2022-02-08
9775,Ava Davis,Retail,Immediate,In-Store,Seattle,2025-04-25
9776,ASHLEY NELSON ,Retail,Immediate,In-Store,Gresham,2024-05-20
9777,Daniel Jones,Retail,Immediate,In-Store,Beaverton,2024-02-26
9778,Lucas Nguyen,Retail,Immediate,In-Store,Portland,2022-08-05
9779,Olivia Taylor,Retail,Immediate,In-Store,Portland,2025-12-25
9780,Olivia Williams,Retail,Immediate,In-Store,Gresham,2023-03-16
9781,Emily Carter,Retail,Immediate,In-Store,Beaverton,2022-12-30
9782,Matthew Carter,Retail,Immediate,In-Store,Portland,2023-10-22
9783,Sarah Kim,Retail,Immediate,In-Store,Hillsboro,2023-11-12
9784,Liam Davis,Retail,Immediate,In-Store,Portland,2023-01-21
9785,Noah Williams,Retail,Immediate,In-Store,Portland,2025-12-10
9786,Robert Thomas,Retail,Immediate,In-Store,Salem,2023-02-19
9787,Daniel Wilson,Retail,Immediate,In-Store,Portland,2025-04-10
9788,MICHAEL WILLIAMS ,Retail,Immediate,In-Store,Portland,2024-11-23
9789,James Wilson,Retail,Immediate,In-Store,Hillsboro,2025-03-11
9790,Emily Nguyen,Retail,Immediate,In-Store,Salem,2025-10-23
9791,Sarah Jones,Retail,Immediate,In-Store,Seattle,2025-09-25
9792,Sarah Miller,Retail,Immediate,In-Store,Salem,2025-05-18
9793,Lucas Garcia,Retail,Immediate,In-Store,Portland,2023-12-15
9794,James Miller,Retail,Immediate,In-Store,Corvallis,2025-06-30
9795,Noah Carter,Retail,Immediate,In-Store,Bend,2025-02-05
9796,Ava Jones,Retail,Immediate,In-Store,Tigard,2022-01-09
9797,Olivia Davis,Retail,Immediate,In-Store,Portland,2024-12-23
9798,Daniel Miller,Retail,Immediate,In-Store, portland,2024-07-27
9799,Emily Lee,Retail,Immediate,In-Store,Portland,2022-04-02
9800,Isabella Moore,Retail,Immediate,In-Store,Bend,2025-03-09
9801,Michael Martin,Retail,Immediate,In-Store,Beaverton,2022-01-25
9802,ANDREW MARTIN ,Retail,Immediate,In-Store,Beaverton,2024-02-06
9803,Ella Martin,Retail,Immediate,In-Store,Portland,2022-12-01
9804,James Nelson,Retail,Immediate,In-Store,Beaverton,2024-09-10
9805,Isabella Miller,Retail,Immediate,In-Store,Portland,2025-09-24
9806,Ethan Brown,Retail,Immediate,In-Store,Portland,2022-05-05
9807,Lucas Wilson,Retail,Immediate,In-Store,Portland,2025-06-06
9808,Daniel Anderson,Retail,Immediate,In-Store,Beaverton,2023-11-03
9809,WILLIAM TAYLOR ,Retail,Immediate,In-Store,Portland,2025-05-25
9810,Robert Patel,Retail,Immediate,In-Store, salem,2022-03-08
9811,Christopher Garcia,Retail,Immediate,In-Store,Gresham,2024-11-12
9812,Sarah Miller,Retail,Immediate,In-Store,Portland,2022-08-28
9813,Lucas Martin,Retail,Immediate,In-Store,Gresham,2024-09-17
9814,Andrew Miller,Retail,Immediate,In-Store,Gresham,2025-07-01
9815,Noah Anderson,Retail,Immediate,In-Store,Portland,2023-05-02
9816,William Wilson,Retail,Immediate,In-Store,Gresham,2025-08-17
9817,Joseph Smith,Retail,Immediate,In-Store,Portland,2025-07-01
9818,Grace Kim,Retail,Immediate,In-Store,Portland,2024-10-27
9819,Liam Wilson,Retail,Immediate,In-Store, hillsboro,2024-03-31
9820,OLIVIA CARTER ,Retail,Immediate,In-Store,Portland,2022-08-09
9821,William Anderson,Retail,Immediate,In-Store,Portland,2022-04-26
9822,Chloe Kim,Retail,Immediate,In-Store,Portland,2024-12-15
9823,Mason Nelson,Retail,Immediate,In-Store,Lake Oswego,2023-09-25
9824,CHRISTOPHER DAVIS ,Retail,Immediate,In-Store,Corvallis,2023-06-12
9825,SOPHIA TAYLOR ,Retail,Immediate,In-Store, beaverton,2025-12-17
9826,David Miller,Retail,Immediate,In-Store,Eugene,2025-01-03
9827,Emma Martin,Retail,Immediate,In-Store,Portland,2023-03-28
9828,ETHAN PATEL ,Retail,Immediate,In-Store, gresham,2025-01-26
9829,Joseph Brown,Retail,Immediate,In-Store,Portland,2025-05-10
9830,Hannah Johnson,Retail,Immediate,In-Store,Portland,2024-04-07
9831,Michael Smith,Retail,Immediate,In-Store,Portland,2024-09-15
9832,Ethan Johnson,Retail,Immediate,In-Store,Portland,2023-05-22
9833,Chloe Johnson,Retail,Immediate,In-Store,Portland,2024-07-07
9834,Daniel Lee,Retail,Immediate,In-Store, portland,2023-04-26
9835,Chloe Smith,Retail,Immediate,In-Store,Portland,2022-09-17
9836,SOPHIA DAVIS ,Retail,Immediate,In-Store,Portland,2022-09-16
9837,Joseph Lee,Retail,Immediate,In-Store,Portland,2024-12-15
9838,NOAH SMITH ,Retail,Immediate,In-Store,Hillsboro,2024-04-04
9839,Noah Anderson,Retail,Immediate,In-Store, portland,2025-08-10
9840,Hannah Patel,Retail,Immediate,In-Store,Gresham,2025-11-21
9841,Sophia Kim,Retail,Immediate,In-Store, portland,2023-01-18
9842,Christopher Brown,Retail,Immediate,In-Store,Gresham,2025-02-26
9843,Noah Garcia,Retail,Immediate,In-Store,Portland,2022-10-07
9844,Hannah Nelson,Retail,Immediate,In-Store,Portland,2025-08-20
9845,SOPHIA ANDERSON ,Retail,Immediate,In-Store,Portland,2025-11-01
9846,William Moore,Retail,Immediate,In-Store,Salem,2022-08-03
9847,Andrew Williams,Retail,Immediate,In-Store,Seattle,2023-03-28
9848,Emma Johnson,Retail,Immediate,In-Store,Portland,2022-05-28
9849,Jessica Nelson,Retail,Immediate,In-Store,Portland,2025-03-12
9850,Michael Garcia,Retail,Immediate,In-Store,Portland,2025-12-01
9851,Ashley Kim,Retail,Immediate,In-Store,Vancouver,2024-11-28
9852,Chloe Miller,Retail,Immediate,In-Store,Gresham,2022-02-09
9853,Noah Wilson,Retail,Immediate,In-Store,Beaverton,2025-01-25
9854,Sophia Smith,Retail,Immediate,In-Store,Hillsboro,2023-08-16
9855,Madison Miller,Retail,Immediate,In-Store,Portland,2024-06-12
9856,Robert Johnson,Retail,Immediate,In-Store,Portland,2024-11-16
9857,Daniel Davis,Retail,Immediate,In-Store,Portland,2022-09-11
9858,Andrew Johnson,Retail,Immediate,In-Store,Portland,2024-08-09
9859,Ella Anderson,Retail,Immediate,In-Store,Portland,2024-01-18
9860,WILLIAM LEE ,Retail,Immediate,In-Store,Portland,2023-07-19
9861,James Thomas,Retail,Immediate,In-Store,Portland,2024-03-10
9862,William Thomas,Retail,Immediate,In-Store,Portland,2022-06-26
9863,Emma Smith,Retail,Immediate,In-Store,Portland,2022-10-10
9864,Ashley Martin,Retail,Immediate,In-Store, portland,2023-03-11
9865,Jessica Thomas,Retail,Immediate,In-Store,Hillsboro,2022-04-17
9866,Grace Taylor,Retail,Immediate,In-Store,Eugene,2024-11-28
9867,Sophia Thomas,Retail,Immediate,In-Store,Portland,2025-12-23
9868,Ashley Lee,Retail,Immediate,In-Store,Portland,2024-06-07
9869,SARAH MARTIN ,Retail,Immediate,In-Store,Tigard,2024-12-04
9870,Noah Nguyen,Retail,Immediate,In-Store,Portland,2025-08-30
9871,Olivia Patel,Retail,Immediate,In-Store,Beaverton,2022-11-14
9872,ISABELLA WILSON ,Retail,Immediate,In-Store,Portland,2024-11-28
9873,James Williams,Retail,Immediate,In-Store,Portland,2025-09-13
9874,William Miller,Retail,Immediate,In-Store,Portland,2025-12-06
9875,Emma Taylor,Retail,Immediate,In-Store,Gresham,2022-10-12
9876,Madison Jones,Retail,Immediate,In-Store,Portland,2023-08-19
9877,Daniel Carter,Retail,Immediate,In-Store,Hillsboro,2023-03-11
9878,Michael Jones,Retail,Immediate,In-Store,Hillsboro,2022-12-20
9879,Jessica Patel,Retail,Immediate,In-Store,Portland,2022-10-15
9880,HANNAH TAYLOR ,Retail,Immediate,In-Store,Portland,2023-04-25
9881,Olivia Nguyen,Retail,Immediate,In-Store,Portland,2025-04-02
9882,Emma Davis,Retail,Immediate,In-Store,Portland,2022-12-27
9883,Matthew Brown,Retail,Immediate,In-Store,Beaverton,2023-10-08
9884,Daniel Thomas,Retail,Immediate,In-Store,Hillsboro,2025-07-13
9885,Robert Johnson,Retail,Immediate,In-Store, salem,2023-11-04
9886,Daniel Anderson,Retail,Immediate,In-Store,Hillsboro,2024-03-04
9887,Isabella Brown,Retail,Immediate,In-Store,Portland,2023-11-10
9888,Ella Moore,Retail,Immediate,In-Store,Portland,2025-09-21
9889,James Carter,Retail,Immediate,In-Store,Portland,2022-10-30
9890,Andrew Thomas,Retail,Immediate,In-Store,Portland,2023-06-09
9891,Grace Brown,Retail,Immediate,In-Store,Corvallis,2025-10-16
9892,Ava Jones,Retail,Immediate,In-Store,Portland,2023-01-13
9893,Chloe Anderson,Retail,Immediate,In-Store,Portland,2024-10-01
9894,Ella Kim,Retail,Immediate,In-Store,Beaverton,2022-04-12
9895,Noah Nelson,Retail,Immediate,In-Store,Corvallis,2025-11-17
9896,Mason Taylor,Retail,Immediate,In-Store,Portland,2024-09-14
9897,Madison Anderson,Retail,Immediate,In-Store,Beaverton,2024-07-29
9898,SARAH WILSON ,Retail,Immediate,In-Store,Beaverton,2023-04-04
9899,Sophia Garcia,Retail,Immediate,In-Store,Eugene,2025-10-12
9900,Sarah Davis,Retail,Immediate,In-Store,Beaverton,2024-06-19
9901,Sophia Kim,Retail,Immediate,In-Store,Portland,2024-01-17
9902,Emily Lee,Retail,Immediate,In-Store,Gresham,2024-05-14
9903,Emma Thomas,Retail,Immediate,In-Store,Corvallis,2025-08-10
9904,Robert Kim,Retail,Immediate,In-Store,Bend,2024-02-27
9905,Emma Thomas,Retail,Immediate,In-Store,Lake Oswego,2025-08-28
9906,Ella Moore,Retail,Immediate,In-Store,Portland,2025-08-04
9907,William Johnson,Retail,Immediate,In-Store,Gresham,2023-11-22
9908,Matthew Taylor,Retail,Immediate,In-Store,Salem,2025-09-01
9909,Mason Johnson,Retail,Immediate,In-Store,Portland,2022-10-25
9910,Grace Lee,Retail,Immediate,In-Store,Portland,2025-12-02
9911,AVA WILLIAMS ,Retail,Immediate,In-Store,Portland,2025-06-22
9912,Joseph Thomas,Retail,Immediate,In-Store,Vancouver,2023-11-27
9913,Chloe Wilson,Retail,Immediate,In-Store,Corvallis,2024-03-24
9914,SARAH TAYLOR ,Retail,Immediate,In-Store,Portland,2025-06-29
9915,Sophia Davis,Retail,Immediate,In-Store,Corvallis,2025-02-09
9916,Ashley Williams,Retail,Immediate,In-Store, portland,2022-10-31
9917,Isabella Wilson,Retail,Immediate,In-Store, gresham,2025-07-11
9918,Madison Jones,Retail,Immediate,In-Store,Vancouver,2023-06-16
9919,Hannah Taylor,Retail,Immediate,In-Store,Eugene,2025-07-31
9920,Ava Williams,Retail,Immediate,In-Store, tigard,2022-02-22
9921,Ashley Garcia,Retail,Immediate,In-Store,Portland,2025-12-06
9922,Robert Nguyen,Retail,Immediate,In-Store, portland,2024-03-20
9923,Michael Brown,Retail,Immediate,In-Store,Portland,2025-12-23
9924,Chloe Johnson,Retail,Immediate,In-Store,Vancouver,2025-01-05
9925,Jessica Carter,Retail,Immediate,In-Store,Corvallis,2024-04-22
9926,Olivia Anderson,Retail,Immediate,In-Store,Portland,2023-09-19
9927,Ethan Davis,Retail,Immediate,In-Store,Portland,2024-11-04
9928,William Taylor,Retail,Immediate,In-Store,Portland,2024-01-30
9929,MICHAEL WILSON ,Retail,Immediate,In-Store,Bend,2023-04-01
9930,Ava Miller,Retail,Immediate,In-Store,Portland,2023-05-22
9931,Mia Williams,Retail,Immediate,In-Store,Lake Oswego,2023-07-13
9932,Mia Patel,Retail,Immediate,In-Store,Portland,2023-04-18
9933,Sarah Williams,Retail,Immediate,In-Store, portland,2022-07-21
9934,Madison Jones,Retail,Immediate,In-Store,Portland,2022-06-03
9935,SARAH LEE ,Retail,Immediate,In-Store,Portland,2025-03-15
9936,Noah Wilson,Retail,Immediate,In-Store,Portland,2023-06-30
9937,Christopher Williams,Retail,Immediate,In-Store,Gresham,2025-02-17
9938,James Wilson,Retail,Immediate,In-Store,Beaverton,2025-11-15
9939,Ashley Anderson,Retail,Immediate,In-Store,Portland,2025-07-31
9940,William Lee,Retail,Immediate,In-Store,Portland,2023-09-03
9941,Ashley Smith,Retail,Immediate,In-Store,Portland,2024-02-13
9942,Emma Thomas,Retail,Immediate,In-Store,Beaverton,2023-05-13
9943,WILLIAM KIM ,Retail,Immediate,In-Store,Portland,2025-12-30
9944,William Patel,Retail,Immediate,In-Store, portland,2025-06-27
9945,DANIEL WILSON ,Retail,Immediate,In-Store,Hillsboro,2022-06-14
9946,Mia Nguyen,Retail,Immediate,In-Store,Hillsboro,2024-07-08
9947,Jessica Taylor,Retail,Immediate,In-Store,Salem,2022-09-10
9948,EMMA PATEL ,Retail,Immediate,In-Store,Portland,2023-01-12
9949,Grace Davis,Retail,Immediate,In-Store,Portland,2024-07-17
9950,Ashley Moore,Retail,Immediate,In-Store,Portland,2022-03-15
9951,DAVID JONES ,Retail,Immediate,In-Store,Tigard,2024-11-27
9952,Robert Taylor,Retail,Immediate,In-Store,Portland,2024-01-22
9953,Robert Nguyen,Retail,Immediate,In-Store,Hillsboro,2023-11-14
9954,Andrew Brown,Retail,Immediate,In-Store,Portland,2023-03-15
9955,Noah Davis,Retail,Immediate,In-Store,Portland,2022-08-02
9956,Daniel Lee,Retail,Immediate,In-Store,Portland,2023-02-03
9957,Ashley Smith,Retail,Immediate,In-Store,Portland,2022-06-12
9958,Liam Nelson,Retail,Immediate,In-Store,Hillsboro,2025-05-02
9959,James Miller,Retail,Immediate,In-Store,Portland,2022-07-16
9960,Joseph Patel,Retail,Immediate,In-Store, gresham,2022-03-17
9961,Madison Martin,Retail,Immediate,In-Store,Bend,2022-08-11
9962,Madison Kim,Retail,Immediate,In-Store,Portland,2023-11-18
9963,JESSICA CARTER ,Retail,Immediate,In-Store,Beaverton,2023-09-18
9964,Sarah Davis,Retail,Immediate,In-Store,Portland,2023-08-31
9965,ETHAN JOHNSON ,Retail,Immediate,In-Store,Portland,2024-09-16
9966,Isabella Anderson,Retail,Immediate,In-Store, portland,2024-06-20
9967,Ashley Smith,Retail,Immediate,In-Store,Beaverton,2025-03-15
9968,Grace Nelson,Retail,Immediate,In-Store,Gresham,2024-05-04
9969,Mason Carter,Retail,Immediate,In-Store,Portland,2023-11-01
9970,Ella Nelson,Retail,Immediate,In-Store,Hillsboro,2022-10-27
9971,Ava Johnson,Retail,Immediate,In-Store, portland,2024-06-21
9972,Robert Williams,Retail,Immediate,In-Store,Portland,2025-07-11
9973,Isabella Smith,Retail,Immediate,In-Store,Eugene,2025-09-21
9974,Ava Taylor,Retail,Immediate,In-Store,Portland,2024-09-30
9975,James Nelson,Retail,Immediate,In-Store,Corvallis,2023-05-29
9976,Grace Lee,Retail,Immediate,In-Store,Portland,2024-01-03
9977,Grace Smith,Retail,Immediate,In-Store,Tigard,2022-02-03
9978,Sophia Martin,Retail,Immediate,In-Store,Portland,2024-08-07
9979,Noah Wilson,Retail,Immediate,In-Store,Beaverton,2022-05-02
9980,Daniel Miller,Retail,Immediate,In-Store,Portland,2022-05-25
9981,Madison Smith,Retail,Immediate,In-Store,Portland,2023-09-27
9982,HANNAH KIM ,Retail,Immediate,In-Store,Portland,2023-04-24
9983,Madison Thomas,Retail,Immediate,In-Store,Portland,2024-06-09
9984,James Carter,Retail,Immediate,In-Store,Portland,2024-07-03
9985,Daniel Davis,Retail,Immediate,In-Store,Beaverton,2023-10-01
9986,Joseph Smith,Retail,Immediate,In-Store,Portland,2024-11-14
9987,Sophia Smith,Retail,Immediate,In-Store,Portland,2024-10-11
9988,Ethan Wilson,Retail,Immediate,In-Store,Portland,2023-10-11
9989,Christopher Nelson,Retail,Immediate,In-Store,Portland,2024-10-01
9990,Mia Garcia,Retail,Immediate,In-Store,Portland,2024-05-11
9991,Madison Johnson,Retail,Immediate,In-Store,Portland,2024-03-30
9992,ETHAN MOORE ,Retail,Immediate,In-Store,Hillsboro,2023-11-19
9993,James Kim,Retail,Immediate,In-Store,Portland,2023-05-11
9994,Ashley Kim,Retail,Immediate,In-Store,Portland,2025-03-03
9995,Andrew Carter,Retail,Immediate,In-Store,Portland,2024-02-25
9996,Michael Kim,Retail,Immediate,In-Store,Portland,2024-12-11
9997,Christopher Wilson,Retail,Immediate,In-Store,Gresham,2024-06-07
9998,ROBERT CARTER ,Retail,Immediate,In-Store,Beaverton,2025-07-13
9999,Emma Smith,Retail,Immediate,In-Store, corvallis,2022-07-14
10000,Robert Martin,Retail,Immediate,In-Store,Portland,2025-02-24
10001,ASHLEY JONES ,Retail,Immediate,In-Store,Portland,2024-03-29
10002,Madison Lee,Retail,Immediate,In-Store,Hillsboro,2024-11-26
10003,Matthew Williams,Retail,Immediate,In-Store,Lake Oswego,2025-12-17
10004,Christopher Garcia,Retail,Immediate,In-Store,Portland,2025-10-12
10005,Chloe Miller,Retail,Immediate,In-Store,Tigard,2023-08-17
10006,Madison Jones,Retail,Immediate,In-Store,Gresham,2022-02-04
10007,Isabella Nguyen,Retail,Immediate,In-Store,Gresham,2023-05-21
10008,Isabella Smith,Retail,Immediate,In-Store,Portland,2024-12-17
10009,MATTHEW CARTER ,Retail,Immediate,In-Store,Portland,2022-06-21
10010,ETHAN DAVIS ,Retail,Immediate,In-Store,Portland,2022-02-26
10011,David Davis,Retail,Immediate,In-Store, eugene,2022-08-18
10012,Emma Johnson,Retail,Immediate,In-Store,Gresham,2022-09-25
10013,Michael Moore,Retail,Immediate,In-Store,Portland,2022-03-01
10014,Chloe Davis,Retail,Immediate,In-Store, portland,2025-12-07
10015,Noah Martin,Retail,Immediate,In-Store,Portland,2023-03-29
10016,Sarah Kim,Retail,Immediate,In-Store,Portland,2024-05-05
10017,Mason Carter,Retail,Immediate,In-Store,Portland,2024-05-07
10018,Jessica Miller,Retail,Immediate,In-Store, portland,2022-11-14
10019,ISABELLA NGUYEN ,Retail,Immediate,In-Store,Portland,2025-12-02
10020,Mia Nelson,Retail,Immediate,In-Store,Portland,2025-02-10
10021,David Davis,Retail,Immediate,In-Store,Corvallis,2024-02-17
10022,Lucas Anderson,Retail,Immediate,In-Store,Salem,2025-06-05
10023,Emma Thomas,Retail,Immediate,In-Store,Eugene,2025-05-26
10024,Olivia Martin,Retail,Immediate,In-Store,Beaverton,2023-01-28
10025,OLIVIA TAYLOR ,Retail,Immediate,In-Store,Beaverton,2025-10-29
10026,Jessica Miller,Retail,Immediate,In-Store,Seattle,2024-04-16
10027,HANNAH MILLER ,Retail,Immediate,In-Store,Hillsboro,2024-03-26
10028,Andrew Miller,Retail,Immediate,In-Store, portland,2023-03-03
10029,Joseph Taylor,Retail,Immediate,In-Store,Hillsboro,2025-06-03
10030,Lucas Kim,Retail,Immediate,In-Store,Portland,2022-05-28
10031,Ella Martin,Retail,Immediate,In-Store,Portland,2023-06-06
10032,Liam Carter,Retail,Immediate,In-Store,Hillsboro,2022-10-07
10033,Mia Wilson,Retail,Immediate,In-Store,Portland,2024-06-29
10034,Madison Davis,Retail,Immediate,In-Store,Vancouver,2024-11-20
10035,Emma Smith,Retail,Immediate,In-Store,Portland,2024-11-01
10036,Liam Davis,Retail,Immediate,In-Store,Eugene,2024-10-20
10037,Mia Johnson,Retail,Immediate,In-Store,Portland,2023-04-19
10038,Sarah Smith,Retail,Immediate,In-Store,Portland,2022-06-15
10039,GRACE LEE ,Retail,Immediate,In-Store,Portland,2023-10-28
10040,Emma Nguyen,Retail,Immediate,In-Store,Salem,2023-12-10
10041,EMILY PATEL ,Retail,Immediate,In-Store,Portland,2025-08-09
10042,Mason Garcia,Retail,Immediate,In-Store,Seattle,2022-12-11
10043,William Nelson,Retail,Immediate,In-Store, beaverton,2025-12-26
10044,ROBERT NELSON ,Retail,Immediate,In-Store,Portland,2024-11-13
10045,Sarah Patel,Retail,Immediate,In-Store,Eugene,2025-06-29
10046,SOPHIA PATEL ,Retail,Immediate,In-Store,Portland,2023-09-14
10047,Madison Patel,Retail,Immediate,In-Store,Portland,2023-07-24
10048,Mason Taylor,Retail,Immediate,In-Store,Gresham,2024-08-22
10049,Olivia Moore,Retail,Immediate,In-Store,Eugene,2022-12-03
10050,Ethan Carter,Retail,Immediate,In-Store,Portland,2023-11-07
10051,Grace Smith,Retail,Immediate,In-Store,Portland,2025-06-16
10052,Emma Lee,Retail,Immediate,In-Store,Lake Oswego,2025-02-17
10053,Liam Nguyen,Retail,Immediate,In-Store,Beaverton,2022-02-13
10054,Joseph Nguyen,Retail,Immediate,In-Store,Beaverton,2024-04-11
10055,James Davis,Retail,Immediate,In-Store,Eugene,2022-06-25
10056,Ella Anderson,Retail,Immediate,In-Store,Tigard,2023-03-25
10057,Jessica Williams,Retail,Immediate,In-Store,Portland,2025-04-15
10058,LUCAS KIM ,Retail,Immediate,In-Store,Vancouver,2022-07-27
10059,Emily Nguyen,Retail,Immediate,In-Store,Bend,2023-03-29
10060,MIA NGUYEN ,Retail,Immediate,In-Store, beaverton,2022-04-25
10061,Ashley Carter,Retail,Immediate,In-Store,Gresham,2025-08-25
10062,ANDREW WILSON ,Retail,Immediate,In-Store,Portland,2024-06-01
10063,Robert Garcia,Retail,Immediate,In-Store,Vancouver,2025-03-30
10064,Mia Davis,Retail,Immediate,In-Store,Portland,2024-04-16
10065,Matthew Davis,Retail,Immediate,In-Store,Lake Oswego,2022-09-11
10066,Jessica Nguyen,Retail,Immediate,In-Store,Portland,2024-08-20
10067,DAVID DAVIS ,Retail,Immediate,In-Store,Gresham,2022-07-23
10068,Joseph Jones,Retail,Immediate,In-Store,Portland,2022-06-29
10069,Mia Nelson,Retail,Immediate,In-Store, eugene,2024-04-29
10070,Ella Williams,Retail,Immediate,In-Store,Portland,2023-03-21
10071,Chloe Taylor,Retail,Immediate,In-Store,Gresham,2025-03-30
10072,Mia Thomas,Retail,Immediate,In-Store,Portland,2023-01-15
10073,Isabella Nelson,Retail,Immediate,In-Store,Portland,2022-03-16
10074,Chloe Taylor,Retail,Immediate,In-Store, portland,2024-07-23
10075,Daniel Smith,Retail,Immediate,In-Store,Portland,2022-08-11
10076,Noah Patel,Retail,Immediate,In-Store,Lake Oswego,2025-03-02
10077,William Lee,Retail,Immediate,In-Store,Vancouver,2022-12-04
10078,Michael Brown,Retail,Immediate,In-Store,Gresham,2024-03-17
10079,Robert Moore,Retail,Immediate,In-Store,Portland,2024-08-05
10080,Michael Lee,Retail,Immediate,In-Store,Portland,2024-10-08
10081,Joseph Williams,Retail,Immediate,In-Store, portland,2023-08-11
10082,HANNAH CARTER ,Retail,Immediate,In-Store,Portland,2024-09-28
10083,William Wilson,Retail,Immediate,In-Store,Portland,2024-03-22
10084,Ashley Patel,Retail,Immediate,In-Store,Eugene,2024-09-15
10085,David Nelson,Retail,Immediate,In-Store,Hillsboro,2024-05-09
10086,MICHAEL GARCIA ,Retail,Immediate,In-Store,Beaverton,2023-07-23
10087,Ashley Moore,Retail,Immediate,In-Store,Beaverton,2023-12-06
10088,Christopher Thomas,Retail,Immediate,In-Store,Gresham,2024-06-25
10089,Ashley Martin,Retail,Immediate,In-Store,Portland,2024-11-21
10090,Ethan Martin,Retail,Immediate,In-Store, portland,2025-08-22
10091,Sophia Taylor,Retail,Immediate,In-Store,Portland,2023-11-15
10092,Mia Johnson,Retail,Immediate,In-Store,Portland,2025-06-09
10093,James Martin,Retail,Immediate,In-Store,Portland,2023-07-24
10094,Hannah Moore,Retail,Immediate,In-Store,Corvallis,2022-03-21
10095,Grace Smith,Retail,Immediate,In-Store,Tigard,2025-11-25
10096,Robert Johnson,Retail,Immediate,In-Store,Portland,2023-07-12
10097,Christopher Brown,Retail,Immediate,In-Store,Vancouver,2022-04-14
10098,James Patel,Retail,Immediate,In-Store, beaverton,2023-01-12
10099,Chloe Smith,Retail,Immediate,In-Store,Portland,2024-11-09
10100,Ashley Williams,Retail,Immediate,In-Store,Tigard,2023-12-27
10101,Ethan Nguyen,Retail,Immediate,In-Store,Portland,2023-06-02
10102,Chloe Nguyen,Retail,Immediate,In-Store,Eugene,2025-07-14
10103,Sophia Anderson,Retail,Immediate,In-Store,Portland,2025-12-31
10104,Emma Nelson,Retail,Immediate,In-Store,Beaverton,2024-08-05
10105,LIAM GARCIA ,Retail,Immediate,In-Store, eugene,2025-09-01
10106,Lucas Garcia,Retail,Immediate,In-Store,Vancouver,2023-12-27
10107,Sophia Taylor,Retail,Immediate,In-Store,Hillsboro,2022-03-07
10108,Sophia Anderson,Retail,Immediate,In-Store,Portland,2025-09-19
10109,Jessica Jones,Retail,Immediate,In-Store, portland,2022-04-04
10110,Jessica Nguyen,Retail,Immediate,In-Store, portland,2024-07-17
10111,Madison Jones,Retail,Immediate,In-Store,Portland,2024-03-02
10112,Ashley Garcia,Retail,Immediate,In-Store, portland,2025-06-04
10113,Chloe Brown,Retail,Immediate,In-Store,Portland,2025-10-07
10114,William Smith,Retail,Immediate,In-Store,Beaverton,2024-04-30
10115,Jessica Nguyen,Retail,Immediate,In-Store, portland,2023-12-21
10116,Daniel Martin,Retail,Immediate,In-Store,Portland,2023-11-09
10117,Chloe Jones,Retail,Immediate,In-Store,Portland,2023-09-08
10118,Ashley Nelson,Retail,Immediate,In-Store,Portland,2025-06-19
10119,Robert Taylor,Retail,Immediate,In-Store,Gresham,2022-08-15
10120,Hannah Thomas,Retail,Immediate,In-Store,Portland,2024-06-14
10121,Robert Smith,Retail,Immediate,In-Store,Portland,2022-08-28
10122,Emily Wilson,Retail,Immediate,In-Store,Portland,2023-10-11
10123,Olivia Nguyen,Retail,Immediate,In-Store,Beaverton,2024-12-07
10124,Mia Moore,Retail,Immediate,In-Store,Beaverton,2023-12-03
10125,DANIEL DAVIS ,Retail,Immediate,In-Store,Portland,2024-06-02
10126,LUCAS LEE ,Retail,Immediate,In-Store, portland,2024-03-25
10127,ISABELLA WILSON ,Retail,Immediate,In-Store,Portland,2025-06-14
10128,Sarah Johnson,Retail,Immediate,In-Store,Seattle,2025-02-05
10129,Emily Garcia,Retail,Immediate,In-Store,Portland,2023-08-17
10130,Michael Wilson,Retail,Immediate,In-Store,Portland,2022-09-09
10131,Grace Moore,Retail,Immediate,In-Store,Portland,2024-11-18
10132,Isabella Nguyen,Retail,Immediate,In-Store,Vancouver,2024-10-26
10133,Michael Davis,Retail,Immediate,In-Store, portland,2024-05-15
10134,Christopher Miller,Retail,Immediate,In-Store,Salem,2023-07-07
10135,Mason Patel,Retail,Immediate,In-Store,Portland,2025-07-15
10136,Matthew Johnson,Retail,Immediate,In-Store,Portland,2022-12-19
10137,Matthew Garcia,Retail,Immediate,In-Store,Portland,2023-06-28
10138,Mia Moore,Retail,Immediate,In-Store, portland,2022-06-16
10139,Joseph Kim,Retail,Immediate,In-Store,Salem,2022-09-10
10140,Lucas Miller,Retail,Immediate,In-Store, portland,2025-06-07
10141,Jessica Wilson,Retail,Immediate,In-Store,Portland,2022-12-28
10142,Liam Kim,Retail,Immediate,In-Store,Portland,2023-10-22
10143,Joseph Johnson,Retail,Immediate,In-Store,Portland,2022-12-06
10144,Matthew Nelson,Retail,Immediate,In-Store,Hillsboro,2022-08-03
10145,ASHLEY MOORE ,Retail,Immediate,In-Store,Portland,2024-03-30
10146,Liam Wilson,Retail,Immediate,In-Store,Portland,2025-12-27
10147,LUCAS ANDERSON ,Retail,Immediate,In-Store,Portland,2024-12-22
10148,Andrew Nguyen,Retail,Immediate,In-Store,Portland,2024-05-19
10149,Daniel Thomas,Retail,Immediate,In-Store,Portland,2022-06-05
10150,Olivia Jones,Retail,Immediate,In-Store,Bend,2025-12-05
10151,Andrew Moore,Retail,Immediate,In-Store,Portland,2023-06-03
10152,Chloe Johnson,Retail,Immediate,In-Store,Portland,2025-01-15
10153,William Thomas,Retail,Immediate,In-Store,Portland,2023-05-19
10154,DAVID BROWN ,Retail,Immediate,In-Store,Hillsboro,2025-08-14
10155,Mia Nguyen,Retail,Immediate,In-Store,Gresham,2022-01-19
10156,Noah Martin,Retail,Immediate,In-Store,Beaverton,2024-06-24
10157,Ethan Smith,Retail,Immediate,In-Store,Bend,2024-01-14
10158,ELLA BROWN ,Retail,Immediate,In-Store,Portland,2024-09-09
10159,Hannah Williams,Retail,Immediate,In-Store,Portland,2025-08-20
10160,Madison Carter,Retail,Immediate,In-Store,Hillsboro,2025-07-04
10161,ETHAN WILLIAMS ,Retail,Immediate,In-Store,Gresham,2025-04-10
10162,William Taylor,Retail,Immediate,In-Store,Salem,2025-10-30
10163,MICHAEL WILLIAMS ,Retail,Immediate,In-Store,Eugene,2025-09-24
10164,Daniel Moore,Retail,Immediate,In-Store,Portland,2023-02-19
10165,Christopher Taylor,Retail,Immediate,In-Store,Portland,2023-01-06
10166,Michael Martin,Retail,Immediate,In-Store,Seattle,2024-04-21
10167,Ethan Davis,Retail,Immediate,In-Store,Tigard,2023-07-22
10168,Emma Patel,Retail,Immediate,In-Store,Hillsboro,2023-02-05
10169,Sarah Patel,Retail,Immediate,In-Store,Portland,2024-09-26
10170,Mason Brown,Retail,Immediate,In-Store,Beaverton,2023-04-26
10171,Ethan Carter,Retail,Immediate,In-Store,Bend,2023-05-26
10172,Emily Patel,Retail,Immediate,In-Store,Beaverton,2022-05-01
10173,Michael Garcia,Retail,Immediate,In-Store,Beaverton,2022-01-26
10174,Ashley Kim,Retail,Immediate,In-Store,Portland,2023-05-10
10175,James Anderson,Retail,Immediate,In-Store,Portland,2022-07-31
10176,Joseph Moore,Retail,Immediate,In-Store,Portland,2024-07-25
10177,DAVID NGUYEN ,Retail,Immediate,In-Store,Vancouver,2024-01-03
10178,Andrew Wilson,Retail,Immediate,In-Store,Portland,2024-02-02
10179,Isabella Lee,Retail,Immediate,In-Store,Portland,2025-09-19
10180,Sarah Brown,Retail,Immediate,In-Store,Beaverton,2025-01-11
10181,Emily Carter,Retail,Immediate,In-Store,Gresham,2025-08-01
10182,Joseph Williams,Retail,Immediate,In-Store,Seattle,2025-07-10
10183,Hannah Patel,Retail,Immediate,In-Store,Portland,2023-12-23
10184,Grace Moore,Retail,Immediate,In-Store,Seattle,2025-01-14
10185,Michael Brown,Retail,Immediate,In-Store, lake oswego,2023-07-03
10186,Daniel Davis,Retail,Immediate,In-Store,Portland,2024-07-18
10187,DAVID NELSON ,Retail,Immediate,In-Store,Gresham,2024-10-06
10188,Andrew Williams,Retail,Immediate,In-Store,Portland,2024-10-31
10189,Sophia Garcia,Retail,Immediate,In-Store,Portland,2024-09-30
10190,ETHAN ANDERSON ,Retail,Immediate,In-Store,Beaverton,2022-05-29
10191,Michael Williams,Retail,Immediate,In-Store,Bend,2022-11-23
10192,Mason Patel,Retail,Immediate,In-Store,Portland,2023-08-12
10193,CHLOE DAVIS ,Retail,Immediate,In-Store,Corvallis,2024-07-13
10194,HANNAH CARTER ,Retail,Immediate,In-Store,Beaverton,2023-02-05
10195,Emma Miller,Retail,Immediate,In-Store,Portland,2022-07-27
10196,William Davis,Retail,Immediate,In-Store,Hillsboro,2023-04-03
10197,ROBERT TAYLOR ,Retail,Immediate,In-Store,Tigard,2025-05-04
10198,Joseph Jones,Retail,Immediate,In-Store,Beaverton,2024-03-04
10199,Lucas Johnson,Retail,Immediate,In-Store,Lake Oswego,2024-03-20
10200,Emma Taylor,Retail,Immediate,In-Store, portland,2022-04-13
10201,Emma Moore,Retail,Immediate,In-Store,Portland,2023-12-14
10202,James Nguyen,Retail,Immediate,In-Store,Beaverton,2023-04-04
10203,Sarah Anderson,Retail,Immediate,In-Store,Portland,2023-09-09
10204,Christopher Wilson,Retail,Immediate,In-Store,Portland,2025-03-24
10205,Andrew Johnson,Retail,Immediate,In-Store,Bend,2025-04-10
10206,Olivia Taylor,Retail,Immediate,In-Store, gresham,2024-08-12
10207,Ava Smith,Retail,Immediate,In-Store,Portland,2022-10-08
10208,Mia Johnson,Retail,Immediate,In-Store,Portland,2023-01-22
10209,ANDREW MOORE ,Retail,Immediate,In-Store, portland,2024-03-29
10210,Mia Brown,Retail,Immediate,In-Store,Portland,2022-06-20
10211,James Davis,Retail,Immediate,In-Store,Portland,2024-02-25
10212,Robert Williams,Retail,Immediate,In-Store,Portland,2024-10-23
10213,Noah Jones,Retail,Immediate,In-Store,Hillsboro,2022-12-28
10214,MICHAEL KIM ,Retail,Immediate,In-Store,Portland,2025-08-22
10215,David Nelson,Retail,Immediate,In-Store,Portland,2024-06-16
10216,Robert Kim,Retail,Immediate,In-Store,Salem,2025-05-02
10217,Jessica Miller,Retail,Immediate,In-Store,Gresham,2023-01-29
10218,Emily Thomas,Retail,Immediate,In-Store,Portland,2024-02-08
10219,LIAM CARTER ,Retail,Immediate,In-Store,Seattle,2023-05-03
10220,Ava Kim,Retail,Immediate,In-Store,Portland,2024-07-01
10221,MATTHEW NGUYEN ,Retail,Immediate,In-Store,Eugene,2023-08-05
10222,Emily Williams,Retail,Immediate,In-Store, portland,2024-08-15
10223,Hannah Johnson,Retail,Immediate,In-Store,Portland,2022-02-18
10224,Andrew Nguyen,Retail,Immediate,In-Store,Portland,2022-06-18
10225,Sophia Lee,Retail,Immediate,In-Store,Portland,2022-12-30
10226,Mason Taylor,Retail,Immediate,In-Store,Portland,2022-07-08
10227,Mia Nguyen,Retail,Immediate,In-Store,Portland,2022-03-13
10228,ROBERT PATEL ,Retail,Immediate,In-Store,Portland,2023-04-08
10229,Mia Jones,Retail,Immediate,In-Store,Portland,2023-09-14
10230,Robert Johnson,Retail,Immediate,In-Store,Portland,2025-10-06
10231,Ava Thomas,Retail,Immediate,In-Store,Beaverton,2025-10-04
10232,ASHLEY WILLIAMS ,Retail,Immediate,In-Store,Portland,2025-01-20
10233,Jessica Wilson,Retail,Immediate,In-Store,Portland,2022-12-04
10234,SOPHIA DAVIS ,Retail,Immediate,In-Store,Portland,2025-07-27
10235,Noah Patel,Retail,Immediate,In-Store,Portland,2023-07-30
10236,Ethan Smith,Retail,Immediate,In-Store,Hillsboro,2023-11-12
10237,Hannah Carter,Retail,Immediate,In-Store,Vancouver,2022-08-23
10238,Isabella Martin,Retail,Immediate,In-Store,Portland,2025-12-04
10239,Christopher Davis,Retail,Immediate,In-Store,Portland,2025-11-23
10240,Sophia Jones,Retail,Immediate,In-Store,Portland,2023-01-18
10241,Daniel Garcia,Retail,Immediate,In-Store,Salem,2025-03-02
10242,Noah Kim,Retail,Immediate,In-Store,Beaverton,2023-06-11
10243,Ethan Nelson,Retail,Immediate,In-Store,Seattle,2023-04-15
10244,Isabella Williams,Retail,Immediate,In-Store,Portland,2023-11-29
10245,Ella Kim,Retail,Immediate,In-Store,Portland,2025-11-04
10246,Hannah Anderson,Retail,Immediate,In-Store,Portland,2024-03-21
10247,Hannah Garcia,Retail,Immediate,In-Store,Portland,2022-02-15
10248,Grace Wilson,Retail,Immediate,In-Store,Seattle,2025-06-07
10249,ELLA JONES ,Retail,Immediate,In-Store,Salem,2025-11-24
10250,Joseph Garcia,Retail,Immediate,In-Store,Portland,2025-04-15
10251,Jessica Smith,Retail,Immediate,In-Store,Hillsboro,2023-03-11
10252,Madison Davis,Retail,Immediate,In-Store,Seattle,2023-05-27
10253,Sarah Williams,Retail,Immediate,In-Store,Salem,2023-07-07
10254,David Thomas,Retail,Immediate,In-Store,Portland,2022-04-09
10255,Ethan Thomas,Retail,Immediate,In-Store,Portland,2024-04-02
10256,Joseph Anderson,Retail,Immediate,In-Store,Bend,2024-06-22
10257,Daniel Patel,Retail,Immediate,In-Store,Portland,2023-08-29
10258,Mason Taylor,Retail,Immediate,In-Store,Corvallis,2022-08-14
10259,Andrew Brown,Retail,Immediate,In-Store,Eugene,2025-05-01
10260,Matthew Garcia,Retail,Immediate,In-Store,Salem,2025-01-02
10261,ELLA NGUYEN ,Retail,Immediate,In-Store,Beaverton,2025-10-25
10262,Olivia Brown,Retail,Immediate,In-Store, portland,2025-06-02
10263,Christopher Jones,Retail,Immediate,In-Store,Portland,2024-05-28
10264,Ava Martin,Retail,Immediate,In-Store,Salem,2025-03-19
10265,Joseph Wilson,Retail,Immediate,In-Store,Portland,2025-08-15
10266,Matthew Garcia,Retail,Immediate,In-Store,Eugene,2023-12-07
10267,Joseph Thomas,Retail,Immediate,In-Store,Corvallis,2022-11-18
10268,Madison Nelson,Retail,Immediate,In-Store,Eugene,2025-10-05
10269,Joseph Martin,Retail,Immediate,In-Store, portland,2023-01-08
10270,William Brown,Retail,Immediate,In-Store,Corvallis,2023-10-06
10271,William Miller,Retail,Immediate,In-Store, portland,2024-12-26
10272,William Taylor,Retail,Immediate,In-Store,Portland,2025-06-13
10273,MICHAEL ANDERSON ,Retail,Immediate,In-Store,Bend,2022-12-03
10274,Daniel Moore,Retail,Immediate,In-Store,Hillsboro,2022-03-22
10275,Christopher Carter,Retail,Immediate,In-Store,Hillsboro,2024-11-23
10276,JOSEPH ANDERSON ,Retail,Immediate,In-Store,Hillsboro,2024-01-31
10277,Chloe Williams,Retail,Immediate,In-Store,Corvallis,2025-11-04
10278,Lucas Anderson,Retail,Immediate,In-Store,Portland,2023-04-08
10279,Daniel Lee,Retail,Immediate,In-Store,Portland,2022-10-15
10280,Grace Davis,Retail,Immediate,In-Store,Hillsboro,2025-12-16
10281,Olivia Davis,Retail,Immediate,In-Store,Corvallis,2024-08-07
10282,ETHAN SMITH ,Retail,Immediate,In-Store,Portland,2024-09-01
10283,Hannah Brown,Retail,Immediate,In-Store, portland,2024-03-09
10284,Madison Patel,Retail,Immediate,In-Store,Portland,2025-10-11
10285,Isabella Brown,Retail,Immediate,In-Store,Portland,2025-09-23
10286,Ella Thomas,Retail,Immediate,In-Store,Portland,2025-04-13
10287,Emily Johnson,Retail,Immediate,In-Store,Beaverton,2022-03-02
10288,Olivia Thomas,Retail,Immediate,In-Store,Tigard,2024-05-29
10289,Hannah Patel,Retail,Immediate,In-Store, eugene,2022-01-05
10290,Robert Miller,Retail,Immediate,In-Store,Gresham,2025-05-17
10291,Matthew Martin,Retail,Immediate,In-Store, bend,2025-01-15
10292,Ashley Johnson,Retail,Immediate,In-Store,Portland,2023-11-02
10293,Sophia Moore,Retail,Immediate,In-Store,Portland,2023-02-23
10294,Emma Martin,Retail,Immediate,In-Store,Portland,2024-11-29
10295,James Nguyen,Retail,Immediate,In-Store,Beaverton,2025-01-28
10296,Emma Garcia,Retail,Immediate,In-Store,Tigard,2025-06-09
10297,Chloe Williams,Retail,Immediate,In-Store,Portland,2025-11-09
10298,Emily Jones,Retail,Immediate,In-Store,Portland,2025-02-28
10299,Mia Carter,Retail,Immediate,In-Store,Gresham,2025-07-25
10300,Grace Taylor,Retail,Immediate,In-Store,Portland,2025-04-16
10301,Noah Moore,Retail,Immediate,In-Store,Portland,2022-01-14
10302,Mia Martin,Retail,Immediate,In-Store,Salem,2022-12-27
10303,Ashley Smith,Retail,Immediate,In-Store,Portland,2024-12-24
10304,MASON JONES ,Retail,Immediate,In-Store,Portland,2024-05-31
10305,Emily Thomas,Retail,Immediate,In-Store,Portland,2023-05-18
10306,Mason Anderson,Retail,Immediate,In-Store,Portland,2022-12-25
10307,Emma Williams,Retail,Immediate,In-Store,Portland,2025-01-04
10308,Ella Davis,Retail,Immediate,In-Store,Portland,2022-12-27
10309,James Anderson,Retail,Immediate,In-Store,Seattle,2024-06-04
10310,Mia Miller,Retail,Immediate,In-Store,Portland,2023-02-04
10311,Daniel Taylor,Retail,Immediate,In-Store,Seattle,2022-07-28
10312,Sarah Thomas,Retail,Immediate,In-Store,Gresham,2023-08-14
10313,Chloe Smith,Retail,Immediate,In-Store,Portland,2024-05-09
10314,Olivia Lee,Retail,Immediate,In-Store,Gresham,2023-02-26
10315,Jessica Williams,Retail,Immediate,In-Store,Portland,2024-06-20
10316,Andrew Miller,Retail,Immediate,In-Store,Hillsboro,2023-11-27
10317,Matthew Wilson,Retail,Immediate,In-Store,Portland,2023-04-24
10318,Grace Moore,Retail,Immediate,In-Store,Vancouver,2022-11-08
10319,Madison Thomas,Retail,Immediate,In-Store,Portland,2024-11-26
10320,Mason Thomas,Retail,Immediate,In-Store,Portland,2024-04-10
10321,Ashley Anderson,Retail,Immediate,In-Store,Portland,2024-10-04
10322,CHRISTOPHER NELSON ,Retail,Immediate,In-Store,Portland,2025-11-21
10323,Ethan Kim,Retail,Immediate,In-Store,Gresham,2023-11-18
10324,LUCAS THOMAS ,Retail,Immediate,In-Store,Portland,2022-12-25
10325,Ava Brown,Retail,Immediate,In-Store,Portland,2024-08-22
10326,ELLA MARTIN ,Retail,Immediate,In-Store,Portland,2024-12-18
10327,Mason Nelson,Retail,Immediate,In-Store,Eugene,2023-08-24
10328,NOAH GARCIA ,Retail,Immediate,In-Store,Salem,2024-04-12
10329,Ava Moore,Retail,Immediate,In-Store,Salem,2025-12-03
10330,Joseph Lee,Retail,Immediate,In-Store,Portland,2025-03-26
10331,David Jones,Retail,Immediate,In-Store,Beaverton,2024-03-28
10332,Jessica Johnson,Retail,Immediate,In-Store,Hillsboro,2024-06-10
10333,William Brown,Retail,Immediate,In-Store,Portland,2024-05-21
10334,Chloe Patel,Retail,Immediate,In-Store,Portland,2022-04-19
10335,Joseph Garcia,Retail,Immediate,In-Store,Portland,2024-03-16
10336,LUCAS BROWN ,Retail,Immediate,In-Store,Beaverton,2022-03-20
10337,Ava Carter,Retail,Immediate,In-Store,Portland,2024-12-17
10338,Joseph Jones,Retail,Immediate,In-Store,Beaverton,2025-10-30
10339,Ethan Patel,Retail,Immediate,In-Store,Portland,2025-12-01
10340,Ava Taylor,Retail,Immediate,In-Store,Corvallis,2024-09-26
10341,DAVID NGUYEN ,Retail,Immediate,In-Store,Portland,2025-11-21
10342,David Lee,Retail,Immediate,In-Store,Portland,2024-08-08
10343,Grace Miller,Retail,Immediate,In-Store,Portland,2025-08-20
10344,David Lee,Retail,Immediate,In-Store,Portland,2025-02-25
10345,Christopher Martin,Retail,Immediate,In-Store,Beaverton,2024-03-17
10346,Grace Davis,Retail,Immediate,In-Store,Portland,2023-02-18
10347,Joseph Jones,Retail,Immediate,In-Store,Portland,2022-12-17
10348,Sophia Garcia,Retail,Immediate,In-Store,Eugene,2024-02-28
10349,Christopher Moore,Retail,Immediate,In-Store,Portland,2025-08-19
10350,Ethan Anderson,Retail,Immediate,In-Store,Portland,2025-09-25
10351,James Garcia,Retail,Immediate,In-Store, portland,2024-07-02
10352,Ella Miller,Retail,Immediate,In-Store,Portland,2023-10-06
10353,Mason Davis,Retail,Immediate,In-Store, portland,2023-08-08
10354,Jessica Garcia,Retail,Immediate,In-Store,Beaverton,2023-09-19
10355,Ella Nelson,Retail,Immediate,In-Store,Portland,2022-07-29
10356,Noah Anderson,Retail,Immediate,In-Store,Lake Oswego,2022-03-24
10357,David Smith,Retail,Immediate,In-Store,Gresham,2025-03-05
10358,Andrew Miller,Retail,Immediate,In-Store,Salem,2024-04-07
10359,Isabella Lee,Retail,Immediate,In-Store,Portland,2022-09-08
10360,WILLIAM MILLER ,Retail,Immediate,In-Store,Portland,2022-02-04
10361,LIAM MILLER ,Retail,Immediate,In-Store,Eugene,2024-08-22
10362,Robert Taylor,Retail,Immediate,In-Store,Portland,2025-03-24
10363,Robert Miller,Retail,Immediate,In-Store, portland,2025-03-06
10364,Joseph Miller,Retail,Immediate,In-Store,Hillsboro,2022-09-08
10365,Liam Miller,Retail,Immediate,In-Store,Beaverton,2022-04-11
10366,Liam Williams,Retail,Immediate,In-Store,Salem,2025-06-21
10367,Noah Moore,Retail,Immediate,In-Store,Portland,2024-12-28
10368,Sophia Thomas,Retail,Immediate,In-Store,Portland,2025-07-22
10369,Emma Wilson,Retail,Immediate,In-Store, portland,2025-12-16
10370,MATTHEW THOMAS ,Retail,Immediate,In-Store,Portland,2023-03-10
10371,OLIVIA JOHNSON ,Retail,Immediate,In-Store,Portland,2024-02-01
10372,Ethan Moore,Retail,Immediate,In-Store,Corvallis,2024-06-12
10373,Lucas Moore,Retail,Immediate,In-Store,Portland,2025-11-01
10374,Joseph Carter,Retail,Immediate,In-Store,Portland,2023-10-16
10375,Michael Carter,Retail,Immediate,In-Store,Portland,2023-09-30
10376,Robert Nguyen,Retail,Immediate,In-Store,Portland,2025-11-30
10377,Sophia Johnson,Retail,Immediate,In-Store,Portland,2023-02-27
10378,Ella Patel,Retail,Immediate,In-Store,Portland,2025-12-14
10379,Andrew Thomas,Retail,Immediate,In-Store,Vancouver,2024-12-26
10380,David Wilson,Retail,Immediate,In-Store,Portland,2023-07-17
10381,Ella Moore,Retail,Immediate,In-Store,Portland,2023-06-09
10382,LIAM WILLIAMS ,Retail,Immediate,In-Store,Portland,2025-01-06
10383,Mia Johnson,Retail,Immediate,In-Store,Portland,2025-10-15
10384,Michael Martin,Retail,Immediate,In-Store,Eugene,2023-03-07
10385,Sophia Patel,Retail,Immediate,In-Store,Tigard,2024-09-01
10386,Emma Brown,Retail,Immediate,In-Store,Portland,2024-03-16
10387,Liam Nguyen,Retail,Immediate,In-Store,Portland,2024-10-24
10388,Michael Miller,Retail,Immediate,In-Store,Hillsboro,2023-08-18
10389,Emma Miller,Retail,Immediate,In-Store, eugene,2025-07-29
10390,Michael Anderson,Retail,Immediate,In-Store,Hillsboro,2022-02-04
10391,Hannah Kim,Retail,Immediate,In-Store,Portland,2022-05-15
10392,Matthew Wilson,Retail,Immediate,In-Store,Seattle,2024-05-28
10393,Chloe Kim,Retail,Immediate,In-Store, vancouver,2022-03-26
10394,Ashley Moore,Retail,Immediate,In-Store,Portland,2024-04-05
10395,Sarah Nguyen,Retail,Immediate,In-Store,Portland,2025-07-21
10396,Sarah Martin,Retail,Immediate,In-Store,Beaverton,2025-08-20
10397,ISABELLA JOHNSON ,Retail,Immediate,In-Store,Portland,2023-12-04
10398,Ella Nelson,Retail,Immediate,In-Store,Portland,2022-09-28
10399,Joseph Davis,Retail,Immediate,In-Store,Gresham,2023-09-06
10400,William Anderson,Retail,Immediate,In-Store, gresham,2022-10-26
10401,Matthew Nelson,Retail,Immediate,In-Store,Vancouver,2024-05-01
10402,Ashley Taylor,Retail,Immediate,In-Store,Beaverton,2024-08-07
10403,Ethan Patel,Retail,Immediate,In-Store,Portland,2024-12-16
10404,Isabella Moore,Retail,Immediate,In-Store,Portland,2025-04-15
10405,Sarah Williams,Retail,Immediate,In-Store, portland,2023-11-26
10406,Matthew Smith,Retail,Immediate,In-Store,Gresham,2022-07-12
10407,ISABELLA TAYLOR ,Retail,Immediate,In-Store,Portland,2022-07-21
10408,Lucas Moore,Retail,Immediate,In-Store,Portland,2022-06-20
10409,NOAH GARCIA ,Retail,Immediate,In-Store,Vancouver,2023-12-16
10410,Olivia Johnson,Retail,Immediate,In-Store,Beaverton,2022-03-03
10411,Sarah Miller,Retail,Immediate,In-Store,Lake Oswego,2023-03-25
10412,Chloe Patel,Retail,Immediate,In-Store,Portland,2023-07-29
10413,Michael Nguyen,Retail,Immediate,In-Store,Portland,2025-06-21
10414,Joseph Nelson,Retail,Immediate,In-Store,Portland,2022-03-08
10415,Jessica Thomas,Retail,Immediate,In-Store,Portland,2022-03-07
10416,Ella Brown,Retail,Immediate,In-Store,Portland,2023-04-12
10417,AVA NGUYEN ,Retail,Immediate,In-Store,Beaverton,2023-01-05
10418,Chloe Jones,Retail,Immediate,In-Store,Beaverton,2025-06-10
10419,Christopher Anderson,Retail,Immediate,In-Store,Salem,2024-09-22
10420,Olivia Patel,Retail,Immediate,In-Store,Bend,2025-06-09
10421,Matthew Patel,Retail,Immediate,In-Store,Portland,2022-07-08
10422,DAVID LEE ,Retail,Immediate,In-Store,Portland,2023-08-20
10423,Lucas Kim,Retail,Immediate,In-Store,Portland,2025-11-10
10424,Sarah Garcia,Retail,Immediate,In-Store,Portland,2023-11-16
10425,Jessica Smith,Retail,Immediate,In-Store,Portland,2023-09-15
10426,Mason Patel,Retail,Immediate,In-Store,Hillsboro,2024-09-14
10427,William Davis,Retail,Immediate,In-Store,Salem,2022-01-07
10428,Ethan Smith,Retail,Immediate,In-Store,Seattle,2022-05-30
10429,Olivia Garcia,Retail,Immediate,In-Store,Salem,2025-09-20
10430,Olivia Patel,Retail,Immediate,In-Store,Gresham,2023-09-20
10431,Isabella Martin,Retail,Immediate,In-Store,Gresham,2022-09-10
10432,Jessica Thomas,Retail,Immediate,In-Store,Portland,2024-07-16
10433,Sophia Nguyen,Retail,Immediate,In-Store,Portland,2022-12-06
10434,Lucas Williams,Retail,Immediate,In-Store,Portland,2022-11-01
10435,Emma Kim,Retail,Immediate,In-Store,Portland,2025-06-07
10436,Lucas Nelson,Retail,Immediate,In-Store,Tigard,2025-04-29
10437,MICHAEL SMITH ,Retail,Immediate,In-Store,Portland,2024-05-22
10438,Mia Patel,Retail,Immediate,In-Store,Portland,2022-11-20
10439,Robert Martin,Retail,Immediate,In-Store,Hillsboro,2022-11-11
10440,Jessica Johnson,Retail,Immediate,In-Store,Portland,2022-03-04
10441,Chloe Brown,Retail,Immediate,In-Store,Hillsboro,2022-02-12
10442,Isabella Martin,Retail,Immediate,In-Store,Portland,2024-09-08
10443,David Davis,Retail,Immediate,In-Store,Tigard,2022-05-30
10444,Grace Martin,Retail,Immediate,In-Store,Portland,2024-10-27
10445,Grace Thomas,Retail,Immediate,In-Store,Portland,2022-05-31
10446,Andrew Brown,Retail,Immediate,In-Store, salem,2024-07-31
10447,Jessica Davis,Retail,Immediate,In-Store,Portland,2024-07-27
10448,Emma Nguyen,Retail,Immediate,In-Store,Eugene,2024-01-13
10449,Jessica Lee,Retail,Immediate,In-Store,Beaverton,2022-11-02
10450,CHRISTOPHER GARCIA ,Retail,Immediate,In-Store,Portland,2022-05-20
10451,Madison Williams,Retail,Immediate,In-Store,Salem,2024-01-20
10452,Ethan Garcia,Retail,Immediate,In-Store,Portland,2024-07-17
10453,HANNAH WILSON ,Retail,Immediate,In-Store,Portland,2024-10-21
10454,Christopher Wilson,Retail,Immediate,In-Store,Portland,2025-11-03
10455,Emma Carter,Retail,Immediate,In-Store,Portland,2025-11-05
10456,Joseph Thomas,Retail,Immediate,In-Store,Portland,2024-04-04
10457,ANDREW KIM ,Retail,Immediate,In-Store,Beaverton,2025-01-17
10458,ETHAN JOHNSON ,Retail,Immediate,In-Store,Portland,2022-01-07
10459,Robert Miller,Retail,Immediate,In-Store,Salem,2023-06-30
10460,Ashley Garcia,Retail,Immediate,In-Store,Portland,2025-02-11
10461,Olivia Lee,Retail,Immediate,In-Store,Portland,2025-05-31
10462,Noah Thomas,Retail,Immediate,In-Store,Portland,2025-10-27
10463,Robert Anderson,Retail,Immediate,In-Store,Gresham,2022-11-19
10464,Olivia Smith,Retail,Immediate,In-Store,Lake Oswego,2023-01-04
10465,Jessica Nguyen,Retail,Immediate,In-Store, portland,2025-05-10
10466,ASHLEY MILLER ,Retail,Immediate,In-Store,Gresham,2023-01-16
10467,SARAH LEE ,Retail,Immediate,In-Store,Eugene,2024-01-12
10468,Hannah Martin,Retail,Immediate,In-Store,Eugene,2022-02-03
10469,Robert Martin,Retail,Immediate,In-Store,Beaverton,2024-06-07
10470,David Moore,Retail,Immediate,In-Store,Beaverton,2023-05-13
10471,Noah Williams,Retail,Immediate,In-Store,Portland,2025-05-18
10472,Mia Williams,Retail,Immediate,In-Store,Portland,2025-08-07
10473,William Garcia,Retail,Immediate,In-Store,Portland,2024-08-16
10474,Matthew Miller,Retail,Immediate,In-Store,Bend,2022-06-28
10475,Ava Kim,Retail,Immediate,In-Store,Portland,2024-02-27
10476,Mason Garcia,Retail,Immediate,In-Store,Portland,2022-04-09
10477,JESSICA WILLIAMS ,Retail,Immediate,In-Store,Salem,2022-01-11
10478,Ella Wilson,Retail,Immediate,In-Store,Portland,2024-07-19
10479,Hannah Miller,Retail,Immediate,In-Store,Portland,2023-10-17
10480,Madison Jones,Retail,Immediate,In-Store,Portland,2023-10-15
10481,Olivia Kim,Retail,Immediate,In-Store,Portland,2023-07-03
10482,Sophia Kim,Retail,Immediate,In-Store,Eugene,2023-05-12
10483,Emma Patel,Retail,Immediate,In-Store,Portland,2025-05-10
10484,Robert Brown,Retail,Immediate,In-Store,Portland,2024-04-20
10485,Andrew Jones,Retail,Immediate,In-Store,Corvallis,2023-10-23
10486,Michael Davis,Retail,Immediate,In-Store,Portland,2023-06-01
10487,DAVID ANDERSON ,Retail,Immediate,In-Store,Portland,2025-07-15
10488,Hannah Nelson,Retail,Immediate,In-Store,Portland,2023-07-24
10489,Liam Carter,Retail,Immediate,In-Store,Portland,2023-03-06
10490,Chloe Brown,Retail,Immediate,In-Store,Portland,2025-10-04
10491,Michael Taylor,Retail,Immediate,In-Store, beaverton,2022-08-15
10492,Ethan Thomas,Retail,Immediate,In-Store,Portland,2025-03-18
10493,Ethan Martin,Retail,Immediate,In-Store,Corvallis,2025-01-29
10494,Ava Wilson,Retail,Immediate,In-Store,Portland,2023-07-22
10495,ELLA GARCIA ,Retail,Immediate,In-Store,Bend,2025-10-08
10496,Ava Moore,Retail,Immediate,In-Store,Beaverton,2025-08-24
10497,Ava Anderson,Retail,Immediate,In-Store,Portland,2023-12-03
10498,Hannah Carter,Retail,Immediate,In-Store,Vancouver,2022-05-20
10499,Michael Nelson,Retail,Immediate,In-Store,Seattle,2022-06-14
10500,Emily Miller,Retail,Immediate,In-Store,Hillsboro,2023-04-13
10501,David Anderson,Retail,Immediate,In-Store,Gresham,2022-09-07
10502,Ella Carter,Retail,Immediate,In-Store,Portland,2022-09-06
10503,Michael Johnson,Retail,Immediate,In-Store,Portland,2022-12-09
10504,Robert Nelson,Retail,Immediate,In-Store,Portland,2023-03-17
10505,Mia Miller,Retail,Immediate,In-Store,Portland,2025-06-09
10506,Noah Smith,Retail,Immediate,In-Store,Corvallis,2022-10-13
10507,JAMES SMITH ,Retail,Immediate,In-Store,Portland,2025-06-04
10508,EMILY MILLER ,Retail,Immediate,In-Store,Portland,2025-09-12
10509,EMILY KIM ,Retail,Immediate,In-Store,Beaverton,2024-10-03
10510,Sarah Garcia,Retail,Immediate,In-Store,Portland,2023-08-14
10511,Jessica Davis,Retail,Immediate,In-Store,Seattle,2025-09-07
10512,Ava Moore,Retail,Immediate,In-Store,Tigard,2023-11-30
10513,Sarah Wilson,Retail,Immediate,In-Store,Portland,2022-05-09
10514,Noah Kim,Retail,Immediate,In-Store,Portland,2024-09-10
10515,GRACE JOHNSON ,Retail,Immediate,In-Store,Portland,2023-11-02
10516,James Taylor,Retail,Immediate,In-Store,Beaverton,2022-12-30
10517,ASHLEY CARTER ,Retail,Immediate,In-Store,Hillsboro,2025-05-09
10518,Madison Davis,Retail,Immediate,In-Store, gresham,2025-09-27
10519,Andrew Nelson,Retail,Immediate,In-Store,Portland,2025-05-10
10520,Ashley Martin,Retail,Immediate,In-Store,Portland,2022-05-16
10521,David Wilson,Retail,Immediate,In-Store,Portland,2024-07-08
10522,Emma Moore,Retail,Immediate,In-Store,Portland,2022-05-15
10523,Michael Miller,Retail,Immediate,In-Store,Gresham,2022-10-27
10524,Matthew Anderson,Retail,Immediate,In-Store,Portland,2023-07-07
10525,James Martin,Retail,Immediate,In-Store,Hillsboro,2023-03-19
10526,Joseph Patel,Retail,Immediate,In-Store,Beaverton,2025-03-18
10527,SOPHIA THOMAS ,Retail,Immediate,In-Store,Hillsboro,2023-11-19
10528,Mia Nguyen,Retail,Immediate,In-Store,Portland,2025-05-01
10529,NOAH DAVIS ,Retail,Immediate,In-Store,Portland,2022-12-23
10530,Robert Johnson,Retail,Immediate,In-Store, portland,2024-03-18
10531,Christopher Nguyen,Retail,Immediate,In-Store,Portland,2022-07-05
10532,Grace Williams,Retail,Immediate,In-Store,Portland,2025-02-14
10533,Emily Wilson,Retail,Immediate,In-Store,Beaverton,2025-04-17
10534,Christopher Johnson,Retail,Immediate,In-Store,Portland,2025-05-22
10535,Jessica Patel,Retail,Immediate,In-Store,Portland,2022-09-09
10536,Ella Miller,Retail,Immediate,In-Store,Portland,2023-08-09
10537,Ethan Moore,Retail,Immediate,In-Store,Portland,2023-12-01
10538,Isabella Johnson,Retail,Immediate,In-Store,Seattle,2025-02-27
10539,Ethan Garcia,Retail,Immediate,In-Store,Bend,2024-08-18
10540,Robert Taylor,Retail,Immediate,In-Store,Portland,2022-09-30
10541,Noah Thomas,Retail,Immediate,In-Store,Hillsboro,2022-08-26
10542,Hannah Wilson,Retail,Immediate,In-Store,Portland,2022-08-09
10543,Michael Thomas,Retail,Immediate,In-Store,Beaverton,2023-07-28
10544,Noah Brown,Retail,Immediate,In-Store,Portland,2024-05-26
10545,Sarah Williams,Retail,Immediate,In-Store,Salem,2025-03-20
10546,Emily Martin,Retail,Immediate,In-Store,Portland,2024-09-01
10547,Ashley Moore,Retail,Immediate,In-Store,Portland,2022-11-27
10548,Jessica Smith,Retail,Immediate,In-Store,Vancouver,2023-06-12
10549,Emma Patel,Retail,Immediate,In-Store,Portland,2022-01-05
10550,Emily Garcia,Retail,Immediate,In-Store,Portland,2023-08-01
10551,Ethan Davis,Retail,Immediate,In-Store, gresham,2025-03-29
10552,Sophia Patel,Retail,Immediate,In-Store, portland,2023-08-06
10553,Hannah Wilson,Retail,Immediate,In-Store,Portland,2025-07-24
10554,Ella Nguyen,Retail,Immediate,In-Store,Lake Oswego,2023-09-15
10555,Hannah Smith,Retail,Immediate,In-Store,Portland,2022-08-28
10556,David Martin,Retail,Immediate,In-Store,Vancouver,2022-09-19
10557,James Davis,Retail,Immediate,In-Store,Portland,2023-04-22
10558,Ella Wilson,Retail,Immediate,In-Store,Salem,2025-07-15
10559,Olivia Jones,Retail,Immediate,In-Store,Beaverton,2024-01-28
10560,Matthew Taylor,Retail,Immediate,In-Store, hillsboro,2025-10-30
10561,DAVID MARTIN ,Retail,Immediate,In-Store,Eugene,2022-02-03
10562,David Anderson,Retail,Immediate,In-Store,Portland,2022-06-30
10563,Ashley Moore,Retail,Immediate,In-Store,Portland,2024-08-07
10564,Jessica Taylor,Retail,Immediate,In-Store,Portland,2023-03-30
10565,Grace Thomas,Retail,Immediate,In-Store,Eugene,2024-04-01
10566,Sophia Lee,Retail,Immediate,In-Store,Eugene,2022-02-17
10567,Emily Garcia,Retail,Immediate,In-Store,Seattle,2022-07-23
10568,William Patel,Retail,Immediate,In-Store, seattle,2022-01-09
10569,Ella Wilson,Retail,Immediate,In-Store,Portland,2024-05-21
10570,Sophia Nguyen,Retail,Immediate,In-Store,Portland,2024-05-06
10571,Mason Smith,Retail,Immediate,In-Store,Beaverton,2025-04-01
10572,Mia Davis,Retail,Immediate,In-Store,Hillsboro,2024-06-10
10573,Ava Jones,Retail,Immediate,In-Store,Portland,2022-08-19
10574,Joseph Martin,Retail,Immediate,In-Store,Eugene,2023-03-31
10575,Hannah Thomas,Retail,Immediate,In-Store,Portland,2024-05-13
10576,HANNAH WILSON ,Retail,Immediate,In-Store,Seattle,2022-04-19
10577,Emily Wilson,Retail,Immediate,In-Store,Portland,2023-07-11
10578,William Davis,Retail,Immediate,In-Store,Portland,2023-02-22
10579,MASON JOHNSON ,Retail,Immediate,In-Store,Beaverton,2023-10-27
10580,Chloe Wilson,Retail,Immediate,In-Store,Seattle,2024-11-29
10581,Joseph Smith,Retail,Immediate,In-Store,Portland,2022-06-29
10582,Daniel Carter,Retail,Immediate,In-Store,Hillsboro,2024-08-09
10583,Madison Patel,Retail,Immediate,In-Store,Portland,2023-07-25
10584,Daniel Carter,Retail,Immediate,In-Store,Portland,2022-02-07
10585,Noah Moore,Retail,Immediate,In-Store,Hillsboro,2025-03-30
10586,EMILY JONES ,Retail,Immediate,In-Store,Portland,2024-12-06
10587,James Nelson,Retail,Immediate,In-Store,Eugene,2025-11-17
10588,Andrew Wilson,Retail,Immediate,In-Store,Seattle,2025-01-30
10589,William Carter,Retail,Immediate,In-Store,Portland,2022-03-03
10590,Liam Patel,Retail,Immediate,In-Store,Portland,2022-08-29
10591,Robert Kim,Retail,Immediate,In-Store,Portland,2022-09-29
10592,Emily Anderson,Retail,Immediate,In-Store,Portland,2023-07-21
10593,LUCAS WILLIAMS ,Retail,Immediate,In-Store,Portland,2025-11-03
10594,Ashley Nelson,Retail,Immediate,In-Store,Eugene,2022-11-18
10595,Chloe Lee,Retail,Immediate,In-Store,Eugene,2022-03-29
10596,Olivia Thomas,Retail,Immediate,In-Store,Portland,2025-07-17
10597,Liam Garcia,Retail,Immediate,In-Store,Salem,2022-12-20
10598,Robert Moore,Retail,Immediate,In-Store,Portland,2022-03-19
10599,James Brown,Retail,Immediate,In-Store,Portland,2025-07-23
10600,Ava Kim,Retail,Immediate,In-Store, hillsboro,2023-04-29
10601,Robert Johnson,Retail,Immediate,In-Store, tigard,2024-03-03
10602,Noah Nelson,Retail,Immediate,In-Store,Portland,2022-06-11
10603,Joseph Nguyen,Retail,Immediate,In-Store,Salem,2022-08-13
10604,Ava Brown,Retail,Immediate,In-Store,Portland,2022-06-13
10605,Sarah Miller,Retail,Immediate,In-Store, portland,2025-11-13
10606,Emma Lee,Retail,Immediate,In-Store,Portland,2023-09-07
10607,Madison Miller,Retail,Immediate,In-Store,Bend,2024-04-29
10608,Chloe Lee,Retail,Immediate,In-Store,Portland,2024-08-12
10609,Jessica Nguyen,Retail,Immediate,In-Store,Portland,2022-01-01
10610,Sophia Carter,Retail,Immediate,In-Store,Portland,2022-01-02
10611,Chloe Thomas,Retail,Immediate,In-Store,Seattle,2022-02-04
10612,Chloe Patel,Retail,Immediate,In-Store,Hillsboro,2024-06-13
10613,DAVID MOORE ,Retail,Immediate,In-Store,Seattle,2025-07-03
10614,Joseph Jones,Retail,Immediate,In-Store,Lake Oswego,2024-02-08
10615,Chloe Martin,Retail,Immediate,In-Store,Portland,2022-10-27
10616,Mason Miller,Retail,Immediate,In-Store,Portland,2023-12-24
10617,Chloe Smith,Retail,Immediate,In-Store,Portland,2025-07-01
10618,JESSICA THOMAS ,Retail,Immediate,In-Store,Portland,2022-08-01
10619,Ashley Nelson,Retail,Immediate,In-Store,Hillsboro,2024-11-10
10620,Liam Garcia,Retail,Immediate,In-Store,Portland,2022-09-22
10621,Chloe Miller,Retail,Immediate,In-Store,Portland,2023-04-21
10622,Hannah Carter,Retail,Immediate,In-Store, vancouver,2025-12-13
10623,Ethan Patel,Retail,Immediate,In-Store,Beaverton,2023-03-21
10624,Ashley Moore,Retail,Immediate,In-Store,Portland,2025-05-15
10625,Michael Miller,Retail,Immediate,In-Store,Portland,2023-06-20
10626,Ava Carter,Retail,Immediate,In-Store,Gresham,2022-12-26
10627,David Anderson,Retail,Immediate,In-Store,Portland,2023-03-17
10628,William Anderson,Retail,Immediate,In-Store,Portland,2024-03-07
10629,Mia Patel,Retail,Immediate,In-Store,Bend,2025-08-13
10630,Robert Wilson,Retail,Immediate,In-Store,Eugene,2023-06-30
10631,Noah Nguyen,Retail,Immediate,In-Store,Portland,2024-01-18
10632,Ashley Brown,Retail,Immediate,In-Store,Portland,2025-07-05
10633,Chloe Kim,Retail,Immediate,In-Store, corvallis,2024-08-30
10634,MICHAEL THOMAS ,Retail,Immediate,In-Store,Portland,2023-12-28
10635,Emma Brown,Retail,Immediate,In-Store,Bend,2022-06-13
10636,Robert Garcia,Retail,Immediate,In-Store,Portland,2022-04-08
10637,Olivia Wilson,Retail,Immediate,In-Store,Portland,2025-03-25
10638,Andrew Smith,Retail,Immediate,In-Store,Gresham,2024-08-28
10639,MICHAEL MARTIN ,Retail,Immediate,In-Store,Beaverton,2024-06-01
10640,David Jones,Retail,Immediate,In-Store,Portland,2025-07-31
10641,James Wilson,Retail,Immediate,In-Store,Beaverton,2023-02-19
10642,DANIEL GARCIA ,Retail,Immediate,In-Store,Portland,2022-04-09
10643,ETHAN KIM ,Retail,Immediate,In-Store,Vancouver,2024-12-20
10644,Daniel Patel,Retail,Immediate,In-Store,Portland,2025-10-30
10645,Jessica Martin,Retail,Immediate,In-Store,Salem,2024-05-05
10646,Emily Anderson,Retail,Immediate,In-Store,Corvallis,2024-03-15
10647,Hannah Taylor,Retail,Immediate,In-Store,Salem,2023-03-27
10648,ROBERT BROWN ,Retail,Immediate,In-Store,Lake Oswego,2024-04-22
10649,Emily Brown,Retail,Immediate,In-Store,Beaverton,2024-09-27
10650,Noah Johnson,Retail,Immediate,In-Store,Gresham,2023-02-09
10651,Andrew Thomas,Retail,Immediate,In-Store,Portland,2023-07-11
10652,JOSEPH KIM ,Retail,Immediate,In-Store,Vancouver,2022-02-04
10653,William Kim,Retail,Immediate,In-Store,Seattle,2025-04-02
10654,Daniel Johnson,Retail,Immediate,In-Store,Corvallis,2024-01-25
10655,James Lee,Retail,Immediate,In-Store,Beaverton,2025-05-15
10656,Liam Carter,Retail,Immediate,In-Store,Portland,2025-08-22
10657,EMILY MOORE ,Retail,Immediate,In-Store, gresham,2025-05-12
10658,Grace Moore,Retail,Immediate,In-Store, hillsboro,2023-08-09
10659,ETHAN JOHNSON ,Retail,Immediate,In-Store,Portland,2022-03-11
10660,NOAH BROWN ,Retail,Immediate,In-Store,Portland,2025-09-08
10661,Grace Smith,Retail,Immediate,In-Store,Portland,2023-07-31
10662,Grace Johnson,Retail,Immediate,In-Store,Seattle,2022-10-12
10663,James Lee,Retail,Immediate,In-Store,Eugene,2022-05-02
10664,Chloe Williams,Retail,Immediate,In-Store, salem,2023-07-26
10665,Emily Taylor,Retail,Immediate,In-Store,Portland,2025-02-07
10666,David Miller,Retail,Immediate,In-Store,Portland,2023-03-16
10667,Madison Miller,Retail,Immediate,In-Store,Portland,2025-05-06
10668,Grace Martin,Retail,Immediate,In-Store,Portland,2022-03-13
10669,Mason Moore,Retail,Immediate,In-Store,Portland,2025-09-25
10670,Ashley Johnson,Retail,Immediate,In-Store,Salem,2023-07-08
10671,CHLOE TAYLOR ,Retail,Immediate,In-Store,Portland,2024-08-05
10672,Andrew Nguyen,Retail,Immediate,In-Store,Portland,2025-04-17
10673,Ella Brown,Retail,Immediate,In-Store,Seattle,2025-05-23
10674,CHLOE PATEL ,Retail,Immediate,In-Store,Lake Oswego,2024-03-20
10675,Michael Kim,Retail,Immediate,In-Store,Portland,2025-08-20
10676,Isabella Davis,Retail,Immediate,In-Store,Portland,2022-11-15
10677,Daniel Martin,Retail,Immediate,In-Store,Portland,2023-10-03
10678,Mason Williams,Retail,Immediate,In-Store,Portland,2025-09-16
10679,EMILY KIM ,Retail,Immediate,In-Store,Beaverton,2024-09-12
10680,Andrew Lee,Retail,Immediate,In-Store,Salem,2022-12-08
10681,Ethan Thomas,Retail,Immediate,In-Store,Portland,2022-12-19
10682,Mason Anderson,Retail,Immediate,In-Store,Portland,2024-08-28
10683,Chloe Wilson,Retail,Immediate,In-Store,Corvallis,2022-05-14
10684,Noah Smith,Retail,Immediate,In-Store,Gresham,2024-07-11
10685,Christopher Martin,Retail,Immediate,In-Store, eugene,2025-08-14
10686,Emily Smith,Retail,Immediate,In-Store, portland,2024-04-12
10687,Madison Miller,Retail,Immediate,In-Store,Portland,2022-08-07
10688,Christopher Carter,Retail,Immediate,In-Store,Beaverton,2023-07-01
10689,James Martin,Retail,Immediate,In-Store, portland,2023-12-18
10690,Lucas Kim,Retail,Immediate,In-Store,Portland,2023-11-13
10691,Sarah Nguyen,Retail,Immediate,In-Store,Corvallis,2022-12-14
10692,MATTHEW JOHNSON ,Retail,Immediate,In-Store,Gresham,2023-01-28
10693,Emma Martin,Retail,Immediate,In-Store,Portland,2025-04-07
10694,James Patel,Retail,Immediate,In-Store,Tigard,2024-12-28
10695,Daniel Jones,Retail,Immediate,In-Store, tigard,2022-12-21
10696,ETHAN WILSON ,Retail,Immediate,In-Store,Eugene,2023-08-13
10697,Grace Smith,Retail,Immediate,In-Store,Portland,2023-03-31
10698,Daniel Davis,Retail,Immediate,In-Store,Beaverton,2023-10-07
10699,Emma Brown,Retail,Immediate,In-Store,Portland,2024-12-12
10700,LUCAS KIM ,Retail,Immediate,In-Store,Portland,2022-05-06
10701,Ashley Johnson,Retail,Immediate,In-Store,Portland,2022-01-24
10702,Andrew Miller,Retail,Immediate,In-Store,Bend,2022-09-06
10703,Sarah Taylor,Retail,Immediate,In-Store,Hillsboro,2023-02-04
10704,Jessica Lee,Retail,Immediate,In-Store,Portland,2023-03-30
10705,Christopher Anderson,Retail,Immediate,In-Store,Portland,2023-03-17
10706,Chloe Davis,Retail,Immediate,In-Store,Portland,2025-09-04
10707,Hannah Nguyen,Retail,Immediate,In-Store,Portland,2025-07-31
10708,Andrew Jones,Retail,Immediate,In-Store,Seattle,2024-12-14
10709,Isabella Anderson,Retail,Immediate,In-Store,Seattle,2024-12-02
10710,Sophia Martin,Retail,Immediate,In-Store,Gresham,2023-11-30
10711,Sarah Wilson,Retail,Immediate,In-Store,Gresham,2025-10-02
10712,Mia Johnson,Retail,Immediate,In-Store,Beaverton,2023-05-04
10713,Robert Martin,Retail,Immediate,In-Store,Portland,2024-02-02
10714,Mia Moore,Retail,Immediate,In-Store,Portland,2025-10-22
10715,Sophia Thomas,Retail,Immediate,In-Store,Portland,2024-08-06
10716,Liam Miller,Retail,Immediate,In-Store,Portland,2022-01-15
10717,Sophia Moore,Retail,Immediate,In-Store,Portland,2025-09-11
10718,Hannah Thomas,Retail,Immediate,In-Store, bend,2022-05-22
10719,Noah Kim,Retail,Immediate,In-Store, portland,2023-04-25
10720,Sarah Patel,Retail,Immediate,In-Store,Portland,2024-05-04
10721,Matthew Martin,Retail,Immediate,In-Store,Portland,2024-02-04
10722,James Thomas,Retail,Immediate,In-Store,Corvallis,2024-08-22
10723,Ella Carter,Retail,Immediate,In-Store,Seattle,2024-06-15
10724,Madison Kim,Retail,Immediate,In-Store, tigard,2023-09-20
10725,Chloe Davis,Retail,Immediate,In-Store,Portland,2025-08-07
10726,William Brown,Retail,Immediate,In-Store,Portland,2024-03-12
10727,Hannah Lee,Retail,Immediate,In-Store,Corvallis,2025-09-25
10728,Madison Patel,Retail,Immediate,In-Store, eugene,2023-08-23
10729,Olivia Nelson,Retail,Immediate,In-Store,Hillsboro,2023-10-23
10730,Joseph Smith,Retail,Immediate,In-Store,Salem,2024-04-30
10731,Hannah Johnson,Retail,Immediate,In-Store,Beaverton,2022-09-06
10732,JOSEPH THOMAS ,Retail,Immediate,In-Store,Salem,2022-02-09
10733,Grace Jones,Retail,Immediate,In-Store, eugene,2023-01-06
10734,Emily Brown,Retail,Immediate,In-Store,Portland,2024-04-28
10735,EMMA PATEL ,Retail,Immediate,In-Store,Bend,2025-03-22
10736,Ashley Smith,Retail,Immediate,In-Store,Gresham,2023-06-04
10737,Chloe Nelson,Retail,Immediate,In-Store,Portland,2025-10-26
10738,Sophia Brown,Retail,Immediate,In-Store,Portland,2025-07-08
10739,Ava Miller,Retail,Immediate,In-Store,Portland,2023-04-07
10740,Sarah Carter,Retail,Immediate,In-Store,Portland,2024-04-09
10741,Madison Nelson,Retail,Immediate,In-Store,Portland,2025-12-25
10742,Noah Garcia,Retail,Immediate,In-Store, portland,2023-04-08
10743,Madison Lee,Retail,Immediate,In-Store,Portland,2022-08-26
10744,Ava Garcia,Retail,Immediate,In-Store,Portland,2023-02-11
10745,Grace Johnson,Retail,Immediate,In-Store,Salem,2024-02-13
10746,Joseph Carter,Retail,Immediate,In-Store,Gresham,2023-12-24
10747,Hannah Jones,Retail,Immediate,In-Store,Portland,2022-01-12
10748,Emily Garcia,Retail,Immediate,In-Store,Portland,2024-09-13
10749,MIA KIM ,Retail,Immediate,In-Store,Portland,2023-04-14
10750,Isabella Kim,Retail,Immediate,In-Store,Corvallis,2023-09-20
10751,Mason Garcia,Retail,Immediate,In-Store,Beaverton,2022-07-22
10752,Emma Wilson,Retail,Immediate,In-Store,Beaverton,2022-08-10
10753,ETHAN MILLER ,Retail,Immediate,In-Store,Portland,2025-03-25
10754,JOSEPH CARTER ,Retail,Immediate,In-Store, portland,2024-01-04
10755,David Kim,Retail,Immediate,In-Store,Portland,2025-04-25
10756,William Anderson,Retail,Immediate,In-Store,Portland,2023-07-06
10757,Michael Taylor,Retail,Immediate,In-Store,Salem,2022-10-10
10758,Madison Jones,Retail,Immediate,In-Store,Corvallis,2024-07-10
10759,Mason Nelson,Retail,Immediate,In-Store,Seattle,2025-05-24
10760,Liam Lee,Retail,Immediate,In-Store,Portland,2025-08-13
10761,Ava Williams,Retail,Immediate,In-Store,Portland,2023-09-16
10762,Matthew Thomas,Retail,Immediate,In-Store,Portland,2023-09-11
10763,Hannah Carter,Retail,Immediate,In-Store,Hillsboro,2025-12-28
10764,Sophia Jones,Retail,Immediate,In-Store,Portland,2022-06-25
10765,Emily Garcia,Retail,Immediate,In-Store,Beaverton,2022-08-01
10766,James Nguyen,Retail,Immediate,In-Store, hillsboro,2022-08-06
10767,Madison Williams,Retail,Immediate,In-Store, portland,2023-09-29
10768,David Moore,Retail,Immediate,In-Store,Portland,2022-06-28
10769,ANDREW JONES ,Retail,Immediate,In-Store,Portland,2024-08-21
10770,Matthew Brown,Retail,Immediate,In-Store,Portland,2024-04-14
10771,CHRISTOPHER JOHNSON ,Retail,Immediate,In-Store,Portland,2024-12-07
10772,Chloe Patel,Retail,Immediate,In-Store,Portland,2024-10-10
10773,James Thomas,Retail,Immediate,In-Store,Lake Oswego,2022-07-14
10774,WILLIAM TAYLOR ,Retail,Immediate,In-Store,Salem,2023-12-16
10775,Chloe Miller,Retail,Immediate,In-Store, portland,2023-04-13
10776,Robert Martin,Retail,Immediate,In-Store,Vancouver,2025-05-07
10777,Jessica Patel,Retail,Immediate,In-Store,Beaverton,2025-10-22
10778,Ava Patel,Retail,Immediate,In-Store,Portland,2024-05-27
10779,Ashley Davis,Retail,Immediate,In-Store,Bend,2022-09-19
10780,Isabella Jones,Retail,Immediate,In-Store,Gresham,2022-08-19
10781,MICHAEL BROWN ,Retail,Immediate,In-Store,Portland,2022-10-21
10782,Joseph Nguyen,Retail,Immediate,In-Store,Portland,2023-06-23
10783,Lucas Carter,Retail,Immediate,In-Store,Corvallis,2025-02-26
10784,Noah Martin,Retail,Immediate,In-Store,Beaverton,2023-02-25
10785,Madison Thomas,Retail,Immediate,In-Store,Portland,2022-06-10
10786,Michael Patel,Retail,Immediate,In-Store,Portland,2022-06-25
10787,David Wilson,Retail,Immediate,In-Store,Vancouver,2024-05-27
10788,Andrew Miller,Retail,Immediate,In-Store,Seattle,2022-12-30
10789,Emily Miller,Retail,Immediate,In-Store,Tigard,2023-11-12
10790,William Wilson,Retail,Immediate,In-Store,Beaverton,2025-02-15
10791,Mia Wilson,Retail,Immediate,In-Store,Portland,2023-01-22
10792,David Carter,Retail,Immediate,In-Store,Beaverton,2023-04-26
10793,Mia Carter,Retail,Immediate,In-Store,Beaverton,2025-06-20
10794,Sarah Anderson,Retail,Immediate,In-Store,Portland,2025-06-12
10795,WILLIAM JOHNSON ,Retail,Immediate,In-Store,Eugene,2023-10-25
10796,Grace Carter,Retail,Immediate,In-Store,Tigard,2022-05-29
10797,MIA JONES ,Retail,Immediate,In-Store,Portland,2022-01-28
10798,Jessica Jones,Retail,Immediate,In-Store,Beaverton,2022-07-29
10799,Mia Lee,Retail,Immediate,In-Store,Vancouver,2025-07-04
10800,Grace Davis,Retail,Immediate,In-Store,Portland,2025-04-21
10801,Christopher Nelson,Retail,Immediate,In-Store,Portland,2024-03-20
10802,William Kim,Retail,Immediate,In-Store,Portland,2023-05-27
10803,Noah Carter,Retail,Immediate,In-Store,Portland,2025-06-28
10804,Hannah Moore,Retail,Immediate,In-Store,Vancouver,2025-09-05
10805,Mia Carter,Retail,Immediate,In-Store,Hillsboro,2022-08-27
10806,NOAH WILSON ,Retail,Immediate,In-Store,Portland,2022-07-07
10807,William Brown,Retail,Immediate,In-Store, portland,2024-05-05
10808,Sophia Martin,Retail,Immediate,In-Store,Portland,2022-10-21
10809,James Williams,Retail,Immediate,In-Store,Portland,2025-01-25
10810,Mason Garcia,Retail,Immediate,In-Store,Portland,2025-09-05
10811,EMILY LEE ,Retail,Immediate,In-Store,Eugene,2023-12-11
10812,Ella Martin,Retail,Immediate,In-Store,Portland,2025-08-08
10813,JOSEPH BROWN ,Retail,Immediate,In-Store,Portland,2025-05-22
10814,James Jones,Retail,Immediate,In-Store,Portland,2025-09-06
10815,Mason Jones,Retail,Immediate,In-Store,Portland,2024-12-14
10816,Olivia Smith,Retail,Immediate,In-Store,Salem,2022-09-20
10817,Robert Wilson,Retail,Immediate,In-Store,Vancouver,2023-11-04
10818,Michael Jones,Retail,Immediate,In-Store, portland,2025-12-18
10819,HANNAH MILLER ,Retail,Immediate,In-Store,Portland,2024-09-10
10820,Noah Wilson,Retail,Immediate,In-Store,Portland,2024-05-18
10821,Emma Thomas,Retail,Immediate,In-Store,Portland,2023-05-22
10822,Emily Miller,Retail,Immediate,In-Store, portland,2023-01-03
10823,SARAH GARCIA ,Retail,Immediate,In-Store,Beaverton,2024-05-05
10824,Jessica Carter,Retail,Immediate,In-Store,Beaverton,2023-10-08
10825,Liam Thomas,Retail,Immediate,In-Store,Salem,2022-05-24
10826,Jessica Taylor,Retail,Immediate,In-Store,Vancouver,2025-02-11
10827,Ella Thomas,Retail,Immediate,In-Store,Bend,2022-12-03
10828,Michael Martin,Retail,Immediate,In-Store,Gresham,2024-04-29
10829,Emma Lee,Retail,Immediate,In-Store,Eugene,2023-06-03
10830,ASHLEY SMITH ,Retail,Immediate,In-Store,Portland,2023-09-20
10831,Robert Johnson,Retail,Immediate,In-Store, gresham,2023-01-08
10832,Jessica Nguyen,Retail,Immediate,In-Store,Seattle,2023-04-23
10833,Noah Wilson,Retail,Immediate,In-Store,Lake Oswego,2024-09-12
10834,Christopher Taylor,Retail,Immediate,In-Store,Hillsboro,2024-03-21
10835,Chloe Carter,Retail,Immediate,In-Store,Salem,2025-01-20
10836,Olivia Taylor,Retail,Immediate,In-Store,Portland,2025-05-27
10837,Hannah Johnson,Retail,Immediate,In-Store,Portland,2024-10-20
10838,Andrew Brown,Retail,Immediate,In-Store,Portland,2022-05-17
10839,Emma Lee,Retail,Immediate,In-Store,Portland,2022-10-26
10840,Ava Williams,Retail,Immediate,In-Store,Portland,2024-04-24
10841,Grace Nelson,Retail,Immediate,In-Store,Salem,2024-03-03
10842,Ava Smith,Retail,Immediate,In-Store,Portland,2025-05-02
10843,James Williams,Retail,Immediate,In-Store,Portland,2022-01-05
10844,Matthew Taylor,Retail,Immediate,In-Store,Portland,2023-08-27
10845,Mason Garcia,Retail,Immediate,In-Store,Portland,2024-01-25
10846,James Kim,Retail,Immediate,In-Store,Portland,2025-04-28
10847,Emily Nelson,Retail,Immediate,In-Store,Hillsboro,2024-04-09
10848,Ava Thomas,Retail,Immediate,In-Store,Lake Oswego,2025-01-15
10849,Emily Johnson,Retail,Immediate,In-Store,Vancouver,2023-08-22
10850,Mason Moore,Retail,Immediate,In-Store, tigard,2022-12-23
10851,Mason Thomas,Retail,Immediate,In-Store,Beaverton,2024-01-20
10852,ELLA WILSON ,Retail,Immediate,In-Store,Portland,2022-09-16
10853,Jessica Smith,Retail,Immediate,In-Store,Hillsboro,2023-02-16
10854,Ethan Martin,Retail,Immediate,In-Store,Lake Oswego,2023-03-11
10855,Robert Kim,Retail,Immediate,In-Store,Portland,2023-11-15
10856,Isabella Taylor,Retail,Immediate,In-Store,Portland,2025-10-16
10857,Emma Carter,Retail,Immediate,In-Store,Portland,2024-08-17
10858,Grace Martin,Retail,Immediate,In-Store,Portland,2024-05-07
10859,SARAH NELSON ,Retail,Immediate,In-Store,Portland,2025-08-18
10860,Matthew Garcia,Retail,Immediate,In-Store, lake oswego,2023-11-12
10861,William Moore,Retail,Immediate,In-Store,Portland,2023-08-04
10862,Isabella Martin,Retail,Immediate,In-Store,Beaverton,2025-03-04
10863,Madison Carter,Retail,Immediate,In-Store,Portland,2025-10-05
10864,Ashley Anderson,Retail,Immediate,In-Store,Tigard,2024-04-10
10865,David Nelson,Retail,Immediate,In-Store,Lake Oswego,2025-10-17
10866,ELLA CARTER ,Retail,Immediate,In-Store,Portland,2022-02-15
10867,Isabella Lee,Retail,Immediate,In-Store,Portland,2025-05-09
10868,Ava Thomas,Retail,Immediate,In-Store,Portland,2025-01-13
10869,David Patel,Retail,Immediate,In-Store,Corvallis,2025-05-30
10870,Ava Johnson,Retail,Immediate,In-Store,Portland,2023-04-14
10871,Isabella Williams,Retail,Immediate,In-Store,Beaverton,2022-05-07
10872,Emily Lee,Retail,Immediate,In-Store,Portland,2022-04-10
10873,LIAM MOORE ,Retail,Immediate,In-Store,Portland,2022-06-16
10874,Joseph Kim,Retail,Immediate,In-Store,Portland,2022-12-16
10875,Christopher Carter,Retail,Immediate,In-Store, portland,2024-06-26
10876,Robert Anderson,Retail,Immediate,In-Store,Eugene,2023-11-22
10877,Christopher Smith,Retail,Immediate,In-Store,Portland,2023-09-29
10878,Mia Lee,Retail,Immediate,In-Store,Portland,2023-06-06
10879,Grace Lee,Retail,Immediate,In-Store,Salem,2022-05-10
10880,Emily Kim,Retail,Immediate,In-Store,Salem,2024-02-11
10881,Liam Wilson,Retail,Immediate,In-Store,Portland,2022-12-14
10882,JAMES DAVIS ,Retail,Immediate,In-Store,Portland,2025-07-06
10883,Emma Davis,Retail,Immediate,In-Store,Portland,2024-10-16
10884,Ella Carter,Retail,Immediate,In-Store,Gresham,2022-03-18
10885,ASHLEY WILSON ,Retail,Immediate,In-Store,Beaverton,2023-08-14
10886,Emma Wilson,Retail,Immediate,In-Store,Portland,2022-12-26
10887,Olivia Miller,Retail,Immediate,In-Store,Portland,2024-09-09
10888,Isabella Garcia,Retail,Immediate,In-Store,Portland,2024-02-02
10889,Emily Nguyen,Retail,Immediate,In-Store,Salem,2022-12-24
10890,Sophia Moore,Retail,Immediate,In-Store, portland,2022-12-19
10891,Ella Williams,Retail,Immediate,In-Store,Portland,2024-08-01
10892,Mia Kim,Retail,Immediate,In-Store,Salem,2025-01-26
10893,Olivia Carter,Retail,Immediate,In-Store,Eugene,2022-12-08
10894,EMILY WILLIAMS ,Retail,Immediate,In-Store, portland,2025-06-18
10895,Lucas Miller,Retail,Immediate,In-Store, beaverton,2025-03-16
10896,Christopher Smith,Retail,Immediate,In-Store,Portland,2024-03-10
10897,Grace Brown,Retail,Immediate,In-Store,Eugene,2024-11-19
10898,Lucas Johnson,Retail,Immediate,In-Store,Lake Oswego,2024-07-12
10899,Daniel Carter,Retail,Immediate,In-Store,Vancouver,2023-05-01
10900,Mia Wilson,Retail,Immediate,In-Store,Hillsboro,2022-11-27
10901,Sophia Johnson,Retail,Immediate,In-Store, portland,2025-06-19
10902,MADISON JOHNSON ,Retail,Immediate,In-Store,Beaverton,2025-03-10
10903,GRACE MILLER ,Retail,Immediate,In-Store,Portland,2025-09-10
10904,EMILY LEE ,Retail,Immediate,In-Store,Portland,2023-07-21
10905,Andrew Davis,Retail,Immediate,In-Store, portland,2022-02-05
10906,Ashley Brown,Retail,Immediate,In-Store,Portland,2022-09-05
10907,Christopher Nelson,Retail,Immediate,In-Store,Portland,2025-06-08
10908,Hannah Kim,Retail,Immediate,In-Store, vancouver,2022-10-21
10909,Ashley Miller,Retail,Immediate,In-Store,Portland,2024-11-24
10910,Noah Smith,Retail,Immediate,In-Store,Gresham,2022-12-16
10911,Madison Wilson,Retail,Immediate,In-Store,Seattle,2023-11-06
10912,Noah Lee,Retail,Immediate,In-Store,Portland,2022-05-31
10913,MICHAEL ANDERSON ,Retail,Immediate,In-Store,Corvallis,2025-07-03
10914,OLIVIA MOORE ,Retail,Immediate,In-Store,Salem,2025-07-22
10915,OLIVIA NELSON ,Retail,Immediate,In-Store,Bend,2022-12-12
10916,MADISON MARTIN ,Retail,Immediate,In-Store,Portland,2023-06-27
10917,Ethan Johnson,Retail,Immediate,In-Store,Portland,2024-01-18
10918,ASHLEY MARTIN ,Retail,Immediate,In-Store,Portland,2022-08-30
10919,Daniel Patel,Retail,Immediate,In-Store,Portland,2022-08-16
10920,Sophia Nelson,Retail,Immediate,In-Store,Portland,2022-05-11
10921,EMILY KIM ,Retail,Immediate,In-Store,Vancouver,2025-01-14
10922,Joseph Lee,Retail,Immediate,In-Store,Tigard,2024-11-05
10923,Ethan Jones,Retail,Immediate,In-Store, portland,2024-12-24
10924,David Miller,Retail,Immediate,In-Store,Portland,2022-04-16
10925,Mason Martin,Retail,Immediate,In-Store,Salem,2024-08-08
10926,Ethan Moore,Retail,Immediate,In-Store,Gresham,2023-12-13
10927,William Anderson,Retail,Immediate,In-Store,Beaverton,2023-04-18
10928,Chloe Smith,Retail,Immediate,In-Store,Bend,2024-10-06
10929,Matthew Davis,Retail,Immediate,In-Store,Hillsboro,2022-05-10
10930,DANIEL BROWN ,Retail,Immediate,In-Store,Beaverton,2024-12-30
10931,Matthew Carter,Retail,Immediate,In-Store,Gresham,2022-08-31
10932,Sophia Davis,Retail,Immediate,In-Store,Beaverton,2023-08-12
10933,Daniel Lee,Retail,Immediate,In-Store,Portland,2024-03-18
10934,MATTHEW JOHNSON ,Retail,Immediate,In-Store,Gresham,2023-02-24
10935,Sophia Jones,Retail,Immediate,In-Store,Eugene,2025-09-16
10936,Noah Thomas,Retail,Immediate,In-Store,Portland,2023-10-10
10937,Liam Williams,Retail,Immediate,In-Store,Eugene,2024-03-13
10938,Sophia Thomas,Retail,Immediate,In-Store,Portland,2023-04-07
10939,Lucas Smith,Retail,Immediate,In-Store, portland,2025-03-13
10940,Robert Martin,Retail,Immediate,In-Store,Portland,2025-09-27
10941,Isabella Miller,Retail,Immediate,In-Store,Portland,2025-07-23
10942,Joseph Smith,Retail,Immediate,In-Store,Portland,2022-04-18
10943,Ava Carter,Retail,Immediate,In-Store,Hillsboro,2022-11-05
10944,Jessica Nguyen,Retail,Immediate,In-Store,Eugene,2024-03-27
10945,James Moore,Retail,Immediate,In-Store, corvallis,2022-01-14
10946,William Taylor,Retail,Immediate,In-Store,Portland,2024-09-17
10947,James Smith,Retail,Immediate,In-Store,Bend,2025-03-30
10948,Isabella Taylor,Retail,Immediate,In-Store,Portland,2022-11-25
10949,Noah Moore,Retail,Immediate,In-Store,Seattle,2022-02-02
10950,Emma Garcia,Retail,Immediate,In-Store,Portland,2025-06-12
10951,ANDREW GARCIA ,Retail,Immediate,In-Store,Portland,2022-04-04
10952,Noah Lee,Retail,Immediate,In-Store,Portland,2022-05-29
10953,Ethan Martin,Retail,Immediate,In-Store,Portland,2022-11-09
10954,Ethan Taylor,Retail,Immediate,In-Store,Beaverton,2024-10-29
10955,Joseph Wilson,Retail,Immediate,In-Store,Portland,2025-03-26
10956,Ava Johnson,Retail,Immediate,In-Store,Portland,2025-01-02
10957,Hannah Jones,Retail,Immediate,In-Store,Portland,2022-04-23
10958,Ava Anderson,Retail,Immediate,In-Store,Portland,2023-03-30
10959,William Wilson,Retail,Immediate,In-Store,Hillsboro,2024-08-16
10960,Ella Williams,Retail,Immediate,In-Store,Portland,2022-01-28
10961,EMILY DAVIS ,Retail,Immediate,In-Store,Salem,2025-12-17
10962,MIA MILLER ,Retail,Immediate,In-Store,Tigard,2023-11-01
10963,Ashley Lee,Retail,Immediate,In-Store,Lake Oswego,2023-07-10
10964,Michael Lee,Retail,Immediate,In-Store,Portland,2025-08-22
10965,Madison Wilson,Retail,Immediate,In-Store,Portland,2025-11-22
10966,Robert Miller,Retail,Immediate,In-Store,Portland,2022-09-04
10967,Ella Brown,Retail,Immediate,In-Store,Portland,2022-05-04
10968,Isabella Wilson,Retail,Immediate,In-Store,Portland,2023-01-28
10969,Ethan Martin,Retail,Immediate,In-Store,Vancouver,2023-06-11
10970,Madison Lee,Retail,Immediate,In-Store, portland,2024-03-08
10971,GRACE SMITH ,Retail,Immediate,In-Store,Beaverton,2022-05-28
10972,Joseph Moore,Retail,Immediate,In-Store,Portland,2023-11-03
10973,MICHAEL MOORE ,Retail,Immediate,In-Store,Portland,2024-02-21
10974,Ethan Martin,Retail,Immediate,In-Store,Portland,2024-10-01
10975,Joseph Smith,Retail,Immediate,In-Store,Portland,2025-11-29
10976,Andrew Carter,Retail,Immediate,In-Store,Gresham,2022-10-02
10977,Madison Kim,Retail,Immediate,In-Store,Vancouver,2023-05-12
10978,DAVID NELSON ,Retail,Immediate,In-Store,Gresham,2023-06-28
10979,Noah Nelson,Retail,Immediate,In-Store,Portland,2023-12-22
10980,Ava Carter,Retail,Immediate,In-Store,Portland,2025-07-16
10981,Emma Jones,Retail,Immediate,In-Store,Salem,2023-06-21
10982,Isabella Lee,Retail,Immediate,In-Store,Beaverton,2023-04-04
10983,Robert Williams,Retail,Immediate,In-Store,Portland,2022-12-13
10984,David Carter,Retail,Immediate,In-Store,Portland,2025-06-28
10985,Ella Taylor,Retail,Immediate,In-Store,Vancouver,2022-06-14
10986,Mia Thomas,Retail,Immediate,In-Store,Eugene,2022-08-24
10987,Hannah Martin,Retail,Immediate,In-Store,Gresham,2025-01-28
10988,Isabella Garcia,Retail,Immediate,In-Store,Lake Oswego,2025-05-16
10989,Hannah Miller,Retail,Immediate,In-Store,Portland,2022-10-23
10990,Mia Taylor,Retail,Immediate,In-Store,Seattle,2023-06-24
10991,Mason Moore,Retail,Immediate,In-Store,Hillsboro,2023-03-18
10992,Ella Smith,Retail,Immediate,In-Store,Portland,2024-09-12
10993,Grace Williams,Retail,Immediate,In-Store,Portland,2022-08-09
10994,ETHAN SMITH ,Retail,Immediate,In-Store,Portland,2025-10-21
10995,William Brown,Retail,Immediate,In-Store,Portland,2022-05-29
10996,Madison Nelson,Retail,Immediate,In-Store,Portland,2023-09-17
10997,CHLOE BROWN ,Retail,Immediate,In-Store, portland,2024-09-03
10998,Michael Garcia,Retail,Immediate,In-Store,Portland,2024-03-12
10999,Mason Taylor,Retail,Immediate,In-Store,Portland,2024-11-25
11000,Hannah Johnson,Retail,Immediate,In-Store,Portland,2023-09-05
11001,Madison Carter,Retail,Immediate,In-Store,Portland,2022-05-13
11002,Michael Moore,Retail,Immediate,In-Store, hillsboro,2022-10-31
11003,David Johnson,Retail,Immediate,In-Store,Portland,2023-11-03
11004,Chloe Kim,Retail,Immediate,In-Store,Portland,2022-06-13
11005,Jessica Smith,Retail,Immediate,In-Store,Hillsboro,2022-06-30
11006,Mason Moore,Retail,Immediate,In-Store,Gresham,2025-12-26
11007,Hannah Nguyen,Retail,Immediate,In-Store,Seattle,2025-07-02
11008,CHRISTOPHER MILLER ,Retail,Immediate,In-Store, portland,2024-03-18
11009,Ava Jones,Retail,Immediate,In-Store,Corvallis,2024-11-07
11010,Olivia Anderson,Retail,Immediate,In-Store,Tigard,2023-09-06
11011,David Thomas,Retail,Immediate,In-Store,Portland,2024-05-12
11012,Christopher Smith,Retail,Immediate,In-Store,Portland,2023-05-28
11013,William Jones,Retail,Immediate,In-Store,Lake Oswego,2022-03-30
11014,DANIEL CARTER ,Retail,Immediate,In-Store,Seattle,2024-06-25
11015,Ella Thomas,Retail,Immediate,In-Store,Lake Oswego,2025-04-28
11016,James Brown,Retail,Immediate,In-Store, portland,2022-03-03
11017,Grace Taylor,Retail,Immediate,In-Store,Gresham,2023-12-02
11018,Andrew Thomas,Retail,Immediate,In-Store,Portland,2022-02-10
11019,Christopher Davis,Retail,Immediate,In-Store,Portland,2024-12-29
11020,Ava Davis,Retail,Immediate,In-Store,Beaverton,2022-09-16
11021,Jessica Patel,Retail,Immediate,In-Store,Hillsboro,2023-11-26
11022,Joseph Anderson,Retail,Immediate,In-Store,Lake Oswego,2023-05-06
11023,Emma Martin,Retail,Immediate,In-Store,Vancouver,2025-11-06
11024,David Patel,Retail,Immediate,In-Store,Salem,2024-02-20
11025,Madison Johnson,Retail,Immediate,In-Store,Beaverton,2024-02-18
11026,Jessica Jones,Retail,Immediate,In-Store,Portland,2022-05-01
11027,Michael Miller,Retail,Immediate,In-Store,Portland,2024-12-25
11028,Ashley Thomas,Retail,Immediate,In-Store,Portland,2022-12-30
11029,Michael Jones,Retail,Immediate,In-Store,Seattle,2024-02-19
11030,ETHAN DAVIS ,Retail,Immediate,In-Store,Bend,2023-06-07
11031,James Wilson,Retail,Immediate,In-Store,Portland,2023-11-12
11032,Sophia Miller,Retail,Immediate,In-Store, portland,2024-02-11
11033,Michael Patel,Retail,Immediate,In-Store,Hillsboro,2024-11-07
11034,Ella Jones,Retail,Immediate,In-Store,Bend,2024-08-21
11035,Ethan Garcia,Retail,Immediate,In-Store,Portland,2023-05-07
11036,Robert Garcia,Retail,Immediate,In-Store,Eugene,2023-05-18
11037,Emma Thomas,Retail,Immediate,In-Store,Portland,2022-07-17
11038,Chloe Garcia,Retail,Immediate,In-Store,Portland,2023-06-11
11039,Isabella Lee,Retail,Immediate,In-Store,Portland,2025-11-09
11040,Madison Miller,Retail,Immediate,In-Store,Portland,2025-12-24
11041,Sarah Lee,Retail,Immediate,In-Store,Tigard,2024-09-13
11042,Christopher Lee,Retail,Immediate,In-Store, portland,2025-09-01
11043,Chloe Davis,Retail,Immediate,In-Store,Portland,2025-05-10
11044,Liam Nelson,Retail,Immediate,In-Store, gresham,2022-05-31
11045,Mason Patel,Retail,Immediate,In-Store,Portland,2023-11-02
11046,Olivia Nguyen,Retail,Immediate,In-Store,Portland,2024-05-27
11047,Ella Nguyen,Retail,Immediate,In-Store,Portland,2022-08-13
11048,Christopher Lee,Retail,Immediate,In-Store,Beaverton,2025-07-24
11049,Jessica Martin,Retail,Immediate,In-Store,Gresham,2024-10-22
11050,Sophia Thomas,Retail,Immediate,In-Store,Portland,2025-06-07
11051,Madison Williams,Retail,Immediate,In-Store,Salem,2024-03-07
11052,Grace Martin,Retail,Immediate,In-Store,Portland,2022-10-29
11053,James Nelson,Retail,Immediate,In-Store,Portland,2022-09-01
11054,Ashley Moore,Retail,Immediate,In-Store,Salem,2022-08-19
11055,Mia Patel,Retail,Immediate,In-Store,Gresham,2024-05-26
11056,NOAH MOORE ,Retail,Immediate,In-Store,Portland,2023-08-30
11057,Madison Miller,Retail,Immediate,In-Store,Portland,2023-08-09
11058,Isabella Nelson,Retail,Immediate,In-Store,Beaverton,2023-01-23
11059,David Patel,Retail,Immediate,In-Store,Tigard,2024-02-05
11060,Sarah Williams,Retail,Immediate,In-Store,Corvallis,2022-09-06
11061,Ella Taylor,Retail,Immediate,In-Store,Portland,2024-03-30
11062,Liam Smith,Retail,Immediate,In-Store,Portland,2022-01-07
11063,Sarah Davis,Retail,Immediate,In-Store,Lake Oswego,2025-02-18
11064,Madison Brown,Retail,Immediate,In-Store, portland,2024-02-13
11065,Olivia Patel,Retail,Immediate,In-Store,Portland,2023-07-10
11066,ETHAN NELSON ,Retail,Immediate,In-Store, portland,2022-10-26
11067,William Davis,Retail,Immediate,In-Store,Portland,2024-08-30
11068,Ashley Nelson,Retail,Immediate,In-Store,Lake Oswego,2025-10-30
11069,ROBERT MARTIN ,Retail,Immediate,In-Store,Salem,2024-03-15
11070,Mia Anderson,Retail,Immediate,In-Store,Portland,2024-07-17
11071,ELLA KIM ,Retail,Immediate,In-Store,Portland,2022-12-03
11072,Isabella Williams,Retail,Immediate,In-Store,Portland,2022-05-09
11073,GRACE WILLIAMS ,Retail,Immediate,In-Store,Beaverton,2024-11-12
11074,Grace Williams,Retail,Immediate,In-Store, vancouver,2022-09-25
11075,CHRISTOPHER MARTIN ,Retail,Immediate,In-Store,Portland,2024-02-21
11076,Grace Taylor,Retail,Immediate,In-Store,Beaverton,2024-08-27
11077,Emily Smith,Retail,Immediate,In-Store,Portland,2024-01-10
11078,Grace Martin,Retail,Immediate,In-Store,Portland,2022-11-29
11079,Chloe Johnson,Retail,Immediate,In-Store, portland,2022-03-14
11080,Olivia Brown,Retail,Immediate,In-Store,Portland,2023-01-22
11081,Olivia Davis,Retail,Immediate,In-Store,Portland,2022-10-20
11082,Joseph Garcia,Retail,Immediate,In-Store, portland,2025-07-17
11083,NOAH MILLER ,Retail,Immediate,In-Store,Tigard,2023-10-03
11084,Sophia Brown,Retail,Immediate,In-Store,Portland,2022-02-13
11085,Matthew Taylor,Retail,Immediate,In-Store,Portland,2025-03-24
11086,Noah Carter,Retail,Immediate,In-Store,Gresham,2025-03-08
11087,Sophia Moore,Retail,Immediate,In-Store,Portland,2024-02-17
11088,Mason Smith,Retail,Immediate,In-Store,Bend,2022-12-22
11089,Mason Taylor,Retail,Immediate,In-Store,Portland,2022-07-17
11090,Ashley Miller,Retail,Immediate,In-Store,Salem,2022-07-28
11091,OLIVIA NGUYEN ,Retail,Immediate,In-Store,Portland,2024-08-13
11092,Isabella Nelson,Retail,Immediate,In-Store,Portland,2022-10-03
11093,ANDREW PATEL ,Retail,Immediate,In-Store,Gresham,2025-10-15
11094,James Taylor,Retail,Immediate,In-Store,Vancouver,2025-04-15
11095,Michael Wilson,Retail,Immediate,In-Store,Portland,2022-04-22
11096,Ava Garcia,Retail,Immediate,In-Store, gresham,2025-06-21
11097,Olivia Carter,Retail,Immediate,In-Store,Salem,2023-09-15
11098,Sophia Miller,Retail,Immediate,In-Store,Portland,2023-12-31
11099,Sarah Jones,Retail,Immediate,In-Store,Portland,2025-01-24
11100,Jessica Carter,Retail,Immediate,In-Store, vancouver,2024-09-27
11101,Mason Nguyen,Retail,Immediate,In-Store,Beaverton,2025-02-03
11102,EMILY NELSON ,Retail,Immediate,In-Store,Beaverton,2022-11-05
11103,Sarah Carter,Retail,Immediate,In-Store,Eugene,2022-10-14
11104,Emily Davis,Retail,Immediate,In-Store,Salem,2024-08-31
11105,Ella Garcia,Retail,Immediate,In-Store,Portland,2023-08-06
11106,Andrew Brown,Retail,Immediate,In-Store, portland,2025-01-29
11107,Hannah Thomas,Retail,Immediate,In-Store,Portland,2023-04-02
11108,William Taylor,Retail,Immediate,In-Store, portland,2024-07-13
11109,James Smith,Retail,Immediate,In-Store,Eugene,2022-11-12
11110,James Garcia,Retail,Immediate,In-Store,Portland,2025-10-08
11111,Jessica Nguyen,Retail,Immediate,In-Store,Salem,2024-09-24
11112,Matthew Wilson,Retail,Immediate,In-Store,Beaverton,2022-11-04
11113,LIAM KIM ,Retail,Immediate,In-Store,Beaverton,2025-07-23
11114,Mason Martin,Retail,Immediate,In-Store, portland,2022-10-17
11115,Jessica Moore,Retail,Immediate,In-Store,Portland,2025-07-22
11116,Grace Miller,Retail,Immediate,In-Store,Hillsboro,2025-07-06
11117,Ava Patel,Retail,Immediate,In-Store,Seattle,2022-03-28
11118,Ethan Jones,Retail,Immediate,In-Store,Vancouver,2025-09-19
11119,Chloe Anderson,Retail,Immediate,In-Store,Bend,2025-02-06
11120,Daniel Carter,Retail,Immediate,In-Store,Bend,2024-02-09
11121,Olivia Martin,Retail,Immediate,In-Store,Portland,2023-11-09
11122,HANNAH JONES ,Retail,Immediate,In-Store, hillsboro,2024-09-17
11123,David Lee,Retail,Immediate,In-Store,Portland,2025-10-08
11124,Robert Johnson,Retail,Immediate,In-Store,Portland,2023-06-27
11125,MICHAEL WILSON ,Retail,Immediate,In-Store,Beaverton,2022-08-31
11126,Mia Garcia,Retail,Immediate,In-Store, eugene,2025-10-24
11127,Jessica Miller,Retail,Immediate,In-Store,Gresham,2024-11-09
11128,Hannah Williams,Retail,Immediate,In-Store,Portland,2023-07-24
11129,GRACE JONES ,Retail,Immediate,In-Store,Portland,2024-10-20
11130,Daniel Martin,Retail,Immediate,In-Store, portland,2025-09-02
11131,Michael Thomas,Retail,Immediate,In-Store,Salem,2022-12-01
11132,Michael Davis,Retail,Immediate,In-Store,Portland,2023-12-17
11133,William Thomas,Retail,Immediate,In-Store,Portland,2022-05-16
11134,Hannah Anderson,Retail,Immediate,In-Store,Vancouver,2023-07-24
11135,Liam Patel,Retail,Immediate,In-Store,Portland,2022-08-22
11136,Hannah Jones,Retail,Immediate,In-Store, vancouver,2022-09-30
11137,Olivia Nguyen,Retail,Immediate,In-Store,Portland,2025-03-24
11138,Sophia Thomas,Retail,Immediate,In-Store,Beaverton,2022-01-03
11139,Madison Lee,Retail,Immediate,In-Store,Portland,2023-11-18
11140,ETHAN WILSON ,Retail,Immediate,In-Store,Corvallis,2023-09-27
11141,Christopher Kim,Retail,Immediate,In-Store,Lake Oswego,2024-11-24
11142,Daniel Thomas,Retail,Immediate,In-Store,Portland,2024-07-01
11143,David Garcia,Retail,Immediate,In-Store,Bend,2025-01-05
11144,Liam Carter,Retail,Immediate,In-Store,Portland,2023-08-16
11145,Ava Nguyen,Retail,Immediate,In-Store,Beaverton,2023-06-25
11146,Andrew Jones,Retail,Immediate,In-Store,Portland,2023-04-12
11147,MADISON BROWN ,Retail,Immediate,In-Store,Tigard,2023-12-10
11148,Lucas Garcia,Retail,Immediate,In-Store,Seattle,2023-08-14
11149,ASHLEY WILSON ,Retail,Immediate,In-Store,Portland,2022-07-16
11150,Daniel Nguyen,Retail,Immediate,In-Store,Eugene,2024-10-28
11151,Michael Wilson,Retail,Immediate,In-Store,Portland,2023-08-23
11152,Emma Moore,Retail,Immediate,In-Store,Hillsboro,2025-09-24
11153,Lucas Lee,Retail,Immediate,In-Store,Portland,2023-02-04
11154,AVA BROWN ,Retail,Immediate,In-Store,Lake Oswego,2022-06-27
11155,Sophia Thomas,Retail,Immediate,In-Store,Salem,2022-11-17
11156,Noah Thomas,Retail,Immediate,In-Store,Portland,2024-06-30
11157,James Johnson,Retail,Immediate,In-Store,Gresham,2025-02-17
11158,James Garcia,Retail,Immediate,In-Store,Portland,2025-12-06
11159,Christopher Moore,Retail,Immediate,In-Store,Portland,2024-09-06
11160,Liam Miller,Retail,Immediate,In-Store,Portland,2025-05-07
11161,Ella Nguyen,Retail,Immediate,In-Store,Portland,2023-11-04
11162,EMILY ANDERSON ,Retail,Immediate,In-Store,Gresham,2025-07-23
11163,Chloe Moore,Retail,Immediate,In-Store, portland,2025-12-18
11164,Jessica Anderson,Retail,Immediate,In-Store,Portland,2023-07-14
11165,Mason Garcia,Retail,Immediate,In-Store, portland,2024-08-15
11166,Robert Taylor,Retail,Immediate,In-Store, portland,2024-01-04
11167,Ethan Wilson,Retail,Immediate,In-Store,Portland,2023-01-04
11168,Andrew Johnson,Retail,Immediate,In-Store,Portland,2023-06-02
11169,Joseph Brown,Retail,Immediate,In-Store, hillsboro,2024-12-10
11170,ISABELLA TAYLOR ,Retail,Immediate,In-Store, portland,2023-01-18
11171,Chloe Wilson,Retail,Immediate,In-Store,Beaverton,2025-07-15
11172,Grace Martin,Retail,Immediate,In-Store,Salem,2024-08-01
11173,Noah Kim,Retail,Immediate,In-Store,Portland,2022-11-25
11174,David Brown,Retail,Immediate,In-Store,Eugene,2024-08-13
11175,Hannah Patel,Retail,Immediate,In-Store,Portland,2025-12-01
11176,LUCAS TAYLOR ,Retail,Immediate,In-Store,Gresham,2024-09-17
11177,CHLOE BROWN ,Retail,Immediate,In-Store,Portland,2025-05-31
11178,NOAH CARTER ,Retail,Immediate,In-Store,Corvallis,2023-05-16
11179,Ella Smith,Retail,Immediate,In-Store,Eugene,2024-06-15
11180,Emma Johnson,Retail,Immediate,In-Store, portland,2025-06-27
11181,Robert Kim,Retail,Immediate,In-Store,Tigard,2024-01-09
11182,Mason Moore,Retail,Immediate,In-Store,Portland,2025-09-22
11183,Mason Carter,Retail,Immediate,In-Store, portland,2024-03-15
11184,Ava Moore,Retail,Immediate,In-Store,Portland,2022-07-14
11185,Hannah Martin,Retail,Immediate,In-Store,Portland,2025-03-18
11186,Emily Wilson,Retail,Immediate,In-Store,Beaverton,2023-10-10
11187,AVA TAYLOR ,Retail,Immediate,In-Store,Vancouver,2023-09-10
11188,Ashley Moore,Retail,Immediate,In-Store,Portland,2022-04-09
11189,Emma Lee,Retail,Immediate,In-Store,Portland,2022-11-04
11190,Ethan Jones,Retail,Immediate,In-Store,Gresham,2024-01-27
11191,Madison Nelson,Retail,Immediate,In-Store,Portland,2024-02-24
11192,Emily Davis,Retail,Immediate,In-Store,Seattle,2024-01-18
11193,AVA GARCIA ,Retail,Immediate,In-Store,Portland,2025-01-21
11194,MICHAEL NELSON ,Retail,Immediate,In-Store,Eugene,2023-09-14
11195,David Miller,Retail,Immediate,In-Store,Portland,2023-05-15
11196,Ethan Lee,Retail,Immediate,In-Store,Portland,2024-04-25
11197,Christopher Nguyen,Retail,Immediate,In-Store,Portland,2022-12-04
11198,Emily Martin,Retail,Immediate,In-Store,Portland,2024-09-30
11199,MATTHEW KIM ,Retail,Immediate,In-Store,Corvallis,2024-06-24
11200,Grace Brown,Retail,Immediate,In-Store,Portland,2025-01-29
11201,Sarah Jones,Retail,Immediate,In-Store,Seattle,2022-11-16
11202,Andrew Carter,Retail,Immediate,In-Store,Portland,2025-07-08
11203,EMILY NGUYEN ,Retail,Immediate,In-Store,Beaverton,2022-05-15
11204,Liam Smith,Retail,Immediate,In-Store,Portland,2022-11-06
11205,William Johnson,Retail,Immediate,In-Store, bend,2024-09-09
11206,Daniel Johnson,Retail,Immediate,In-Store,Salem,2024-01-29
11207,Lucas Lee,Retail,Immediate,In-Store,Bend,2022-09-15
11208,Ethan Moore,Retail,Immediate,In-Store,Portland,2022-08-31
11209,Ethan Jones,Retail,Immediate,In-Store,Portland,2023-02-25
11210,Ethan Wilson,Retail,Immediate,In-Store,Gresham,2025-01-30
11211,AVA BROWN ,Retail,Immediate,In-Store,Portland,2023-09-21
11212,SOPHIA WILLIAMS ,Retail,Immediate,In-Store, lake oswego,2022-04-14
11213,Daniel Garcia,Retail,Immediate,In-Store,Portland,2025-08-24
11214,Noah Smith,Retail,Immediate,In-Store,Portland,2024-11-06
11215,EMMA LEE ,Retail,Immediate,In-Store,Bend,2023-05-25
11216,Lucas Taylor,Retail,Immediate,In-Store, portland,2024-10-20
11217,Madison Garcia,Retail,Immediate,In-Store,Hillsboro,2023-07-23
11218,MADISON NGUYEN ,Retail,Immediate,In-Store,Corvallis,2025-04-27
11219,Isabella Smith,Retail,Immediate,In-Store,Portland,2023-06-20
11220,Ella Wilson,Retail,Immediate,In-Store,Portland,2024-04-22
11221,James Martin,Retail,Immediate,In-Store,Corvallis,2022-12-28
11222,DANIEL NELSON ,Retail,Immediate,In-Store,Portland,2023-06-24
11223,Ella Anderson,Retail,Immediate,In-Store,Portland,2025-03-03
11224,Noah Nelson,Retail,Immediate,In-Store,Tigard,2024-10-18
11225,Madison Williams,Retail,Immediate,In-Store,Portland,2025-02-25
11226,William Thomas,Retail,Immediate,In-Store, gresham,2025-03-30
11227,Sophia Wilson,Retail,Immediate,In-Store,Hillsboro,2023-03-22
11228,Liam Kim,Retail,Immediate,In-Store,Eugene,2023-10-15
11229,David Thomas,Retail,Immediate,In-Store,Portland,2023-10-13
11230,Grace Moore,Retail,Immediate,In-Store, portland,2022-04-01
11231,Ava Moore,Retail,Immediate,In-Store,Portland,2024-06-22
11232,Joseph Lee,Retail,Immediate,In-Store,Portland,2025-11-28
11233,ROBERT CARTER ,Retail,Immediate,In-Store,Beaverton,2022-05-08
11234,David Patel,Retail,Immediate,In-Store,Portland,2022-11-20
11235,Liam Davis,Retail,Immediate,In-Store,Portland,2022-02-24
11236,Jessica Martin,Retail,Immediate,In-Store,Eugene,2025-03-11
11237,Mia Nelson,Retail,Immediate,In-Store,Portland,2024-07-13
11238,Hannah Johnson,Retail,Immediate,In-Store,Portland,2024-03-24
11239,Ava Anderson,Retail,Immediate,In-Store,Portland,2024-05-01
11240,Ethan Jones,Retail,Immediate,In-Store,Portland,2022-11-21
11241,Liam Johnson,Retail,Immediate,In-Store,Lake Oswego,2023-08-26
11242,William Anderson,Retail,Immediate,In-Store,Eugene,2024-03-01
11243,David Patel,Retail,Immediate,In-Store,Portland,2022-08-09
11244,David Brown,Retail,Immediate,In-Store,Corvallis,2024-05-26
11245,Lucas Nelson,Retail,Immediate,In-Store, portland,2023-05-25
11246,JOSEPH TAYLOR ,Retail,Immediate,In-Store, beaverton,2023-01-16
11247,David Lee,Retail,Immediate,In-Store,Portland,2023-05-25
11248,Robert Nelson,Retail,Immediate,In-Store,Portland,2024-08-30
11249,NOAH WILLIAMS ,Retail,Immediate,In-Store,Portland,2025-09-07
11250,CHRISTOPHER JOHNSON ,Retail,Immediate,In-Store,Portland,2022-11-08
11251,ETHAN GARCIA ,Retail,Immediate,In-Store,Portland,2024-01-01
11252,Joseph Johnson,Retail,Immediate,In-Store,Hillsboro,2022-07-08
11253,Liam Kim,Retail,Immediate,In-Store,Salem,2022-06-09
11254,Andrew Miller,Retail,Immediate,In-Store,Portland,2023-10-02
11255,Emily Kim,Retail,Immediate,In-Store,Hillsboro,2024-12-03
11256,JESSICA ANDERSON ,Retail,Immediate,In-Store,Portland,2024-04-24
11257,Jessica Martin,Retail,Immediate,In-Store,Portland,2023-07-12
11258,David Anderson,Retail,Immediate,In-Store,Portland,2025-09-07
11259,David Smith,Retail,Immediate,In-Store,Portland,2023-02-28
11260,Ethan Moore,Retail,Immediate,In-Store,Portland,2025-09-21
11261,Ethan Nelson,Retail,Immediate,In-Store,Portland,2022-05-08
11262,Joseph Brown,Retail,Immediate,In-Store,Portland,2023-10-26
11263,Mason Anderson,Retail,Immediate,In-Store,Portland,2022-07-11
11264,Chloe Davis,Retail,Immediate,In-Store,Portland,2025-05-01
11265,Ava Wilson,Retail,Immediate,In-Store,Portland,2025-12-15
11266,Ashley Jones,Retail,Immediate,In-Store,Portland,2024-10-18
11267,Emma Williams,Retail,Immediate,In-Store,Portland,2023-11-12
11268,Ella Williams,Retail,Immediate,In-Store, portland,2023-01-01
11269,Emily Kim,Retail,Immediate,In-Store,Seattle,2024-04-28
11270,David Jones,Retail,Immediate,In-Store,Salem,2022-03-28
11271,DANIEL DAVIS ,Retail,Immediate,In-Store,Hillsboro,2022-02-17
11272,Emily Jones,Retail,Immediate,In-Store,Bend,2024-11-15
11273,Mia Thomas,Retail,Immediate,In-Store,Portland,2022-06-03
11274,OLIVIA JONES ,Retail,Immediate,In-Store,Bend,2022-03-05
11275,Robert Davis,Retail,Immediate,In-Store,Portland,2025-01-02
11276,Christopher Thomas,Retail,Immediate,In-Store,Portland,2025-07-27
11277,Lucas Garcia,Retail,Immediate,In-Store,Portland,2024-09-06
11278,Jessica Jones,Retail,Immediate,In-Store,Portland,2024-10-23
11279,OLIVIA JOHNSON ,Retail,Immediate,In-Store,Portland,2025-04-23
11280,Isabella Nelson,Retail,Immediate,In-Store,Portland,2023-09-17
11281,Grace Jones,Retail,Immediate,In-Store,Beaverton,2025-08-14
11282,Hannah Carter,Retail,Immediate,In-Store, portland,2024-05-12
11283,Ethan Thomas,Retail,Immediate,In-Store,Portland,2022-01-15
11284,Hannah Thomas,Retail,Immediate,In-Store,Seattle,2022-05-02
11285,Mia Nelson,Retail,Immediate,In-Store,Vancouver,2024-04-26
11286,Chloe Nguyen,Retail,Immediate,In-Store,Salem,2025-07-10
11287,David Wilson,Retail,Immediate,In-Store,Portland,2023-12-01
11288,Ashley Nguyen,Retail,Immediate,In-Store,Beaverton,2025-08-27
11289,Lucas Lee,Retail,Immediate,In-Store,Beaverton,2025-10-29
11290,James Nguyen,Retail,Immediate,In-Store,Beaverton,2025-02-17
11291,Madison Johnson,Retail,Immediate,In-Store,Tigard,2023-11-27
11292,CHLOE KIM ,Retail,Immediate,In-Store,Salem,2022-09-01
11293,Andrew Garcia,Retail,Immediate,In-Store,Vancouver,2023-12-11
11294,CHLOE NELSON ,Retail,Immediate,In-Store,Corvallis,2025-07-06
11295,Liam Johnson,Retail,Immediate,In-Store, portland,2024-12-03
11296,Daniel Nguyen,Retail,Immediate,In-Store,Portland,2024-06-07
11297,Grace Garcia,Retail,Immediate,In-Store,Lake Oswego,2022-01-17
11298,Grace Anderson,Retail,Immediate,In-Store,Portland,2024-07-20
11299,Madison Moore,Retail,Immediate,In-Store,Salem,2024-10-08
11300,Michael Lee,Retail,Immediate,In-Store, beaverton,2024-06-30
11301,Robert Garcia,Retail,Immediate,In-Store,Corvallis,2025-06-14
11302,Daniel Nguyen,Retail,Immediate,In-Store,Portland,2024-06-02
11303,Liam Johnson,Retail,Immediate,In-Store,Tigard,2023-01-29
11304,Andrew Johnson,Retail,Immediate,In-Store,Portland,2023-12-13
11305,Joseph Garcia,Retail,Immediate,In-Store,Hillsboro,2025-01-05
11306,Sophia Lee,Retail,Immediate,In-Store,Portland,2022-01-06
11307,Chloe Carter,Retail,Immediate,In-Store,Portland,2023-10-14
11308,Chloe Nguyen,Retail,Immediate,In-Store,Portland,2022-09-08
11309,Isabella Martin,Retail,Immediate,In-Store,Gresham,2023-07-17
11310,William Smith,Retail,Immediate,In-Store,Portland,2023-02-23
11311,Jessica Williams,Retail,Immediate,In-Store,Portland,2024-12-26
11312,Hannah Jones,Retail,Immediate,In-Store,Portland,2025-11-19
11313,Emma Moore,Retail,Immediate,In-Store,Hillsboro,2022-11-03
11314,David Miller,Retail,Immediate,In-Store,Portland,2025-03-15
11315,Sophia Thomas,Retail,Immediate,In-Store,Gresham,2023-07-05
11316,Noah Martin,Retail,Immediate,In-Store,Salem,2022-12-08
11317,OLIVIA WILLIAMS ,Retail,Immediate,In-Store,Portland,2023-06-21
11318,Sophia Wilson,Retail,Immediate,In-Store,Seattle,2023-06-13
11319,David Nguyen,Retail,Immediate,In-Store,Hillsboro,2022-11-11
11320,Matthew Thomas,Retail,Immediate,In-Store,Bend,2023-08-03
11321,James Johnson,Retail,Immediate,In-Store, gresham,2025-07-07
11322,Noah Nguyen,Retail,Immediate,In-Store,Portland,2022-12-10
11323,Andrew Nguyen,Retail,Immediate,In-Store,Salem,2022-01-22
11324,Hannah Brown,Retail,Immediate,In-Store,Portland,2022-06-23
11325,Christopher Kim,Retail,Immediate,In-Store,Portland,2025-06-24
11326,Lucas Wilson,Retail,Immediate,In-Store,Gresham,2023-12-18
11327,Chloe Patel,Retail,Immediate,In-Store,Portland,2025-03-01
11328,Sophia Smith,Retail,Immediate,In-Store,Portland,2025-09-08
11329,Matthew Moore,Retail,Immediate,In-Store,Portland,2023-08-28
11330,Mia Taylor,Retail,Immediate,In-Store, portland,2023-06-18
11331,Noah Miller,Retail,Immediate,In-Store,Corvallis,2022-03-18
11332,Matthew Kim,Retail,Immediate,In-Store,Portland,2022-01-18
11333,Sarah Moore,Retail,Immediate,In-Store,Lake Oswego,2025-11-08
11334,HANNAH DAVIS ,Retail,Immediate,In-Store,Portland,2025-04-05
11335,ELLA SMITH ,Retail,Immediate,In-Store,Hillsboro,2024-08-13
11336,Ella Garcia,Retail,Immediate,In-Store,Eugene,2022-04-12
11337,Sophia Carter,Retail,Immediate,In-Store,Gresham,2023-11-19
11338,Christopher Davis,Retail,Immediate,In-Store,Portland,2024-05-19
11339,Hannah Wilson,Retail,Immediate,In-Store,Corvallis,2024-07-23
11340,LUCAS THOMAS ,Retail,Immediate,In-Store,Portland,2023-04-30
11341,Christopher Nelson,Retail,Immediate,In-Store,Portland,2024-02-20
11342,Noah Thomas,Retail,Immediate,In-Store,Portland,2024-01-29
11343,Emily Martin,Retail,Immediate,In-Store,Portland,2022-10-09
11344,Mason Smith,Retail,Immediate,In-Store,Beaverton,2023-07-01
11345,Christopher Nelson,Retail,Immediate,In-Store,Portland,2025-08-15
11346,Ethan Nguyen,Retail,Immediate,In-Store,Vancouver,2024-08-15
11347,Chloe Martin,Retail,Immediate,In-Store,Portland,2025-06-25
11348,Olivia Miller,Retail,Immediate,In-Store,Gresham,2025-12-21
11349,Sophia Moore,Retail,Immediate,In-Store,Hillsboro,2024-06-09
11350,Lucas Williams,Retail,Immediate,In-Store, portland,2025-03-03
11351,Hannah Martin,Retail,Immediate,In-Store,Eugene,2024-07-02
11352,William Martin,Retail,Immediate,In-Store,Portland,2024-11-02
11353,Robert Brown,Retail,Immediate,In-Store,Portland,2023-07-26
11354,Jessica Nguyen,Retail,Immediate,In-Store,Hillsboro,2022-02-14
11355,Chloe Garcia,Retail,Immediate,In-Store,Portland,2024-01-07
11356,ETHAN TAYLOR ,Retail,Immediate,In-Store,Portland,2025-01-19
11357,Michael Davis,Retail,Immediate,In-Store,Portland,2024-01-01
11358,Ella Smith,Retail,Immediate,In-Store,Gresham,2025-09-02
11359,Hannah Nelson,Retail,Immediate,In-Store,Gresham,2022-04-18
11360,Ava Johnson,Retail,Immediate,In-Store,Portland,2022-05-18
11361,Madison Anderson,Retail,Immediate,In-Store, gresham,2023-12-31
11362,Hannah Davis,Retail,Immediate,In-Store,Portland,2023-05-12
11363,Emma Miller,Retail,Immediate,In-Store,Portland,2023-05-16
11364,Olivia Anderson,Retail,Immediate,In-Store,Portland,2023-02-03
11365,Emma Wilson,Retail,Immediate,In-Store, salem,2024-05-15
11366,SARAH PATEL ,Retail,Immediate,In-Store,Hillsboro,2022-05-29
11367,Chloe Kim,Retail,Immediate,In-Store,Gresham,2024-03-25
11368,Madison Nguyen,Retail,Immediate,In-Store,Eugene,2025-11-14
11369,Liam Miller,Retail,Immediate,In-Store,Portland,2025-08-11
11370,Michael Carter,Retail,Immediate,In-Store,Portland,2024-06-05
11371,Robert Kim,Retail,Immediate,In-Store,Beaverton,2022-09-24
11372,Hannah Smith,Retail,Immediate,In-Store,Portland,2025-10-25
11373,Sarah Anderson,Retail,Immediate,In-Store,Portland,2024-07-01
11374,Mia Thomas,Retail,Immediate,In-Store,Hillsboro,2025-07-28
11375,Liam Wilson,Retail,Immediate,In-Store, portland,2024-08-22
11376,Mason Carter,Retail,Immediate,In-Store,Seattle,2022-02-02
11377,Sarah Garcia,Retail,Immediate,In-Store,Portland,2022-02-12
11378,Sarah Patel,Retail,Immediate,In-Store,Eugene,2024-07-17
11379,Chloe Smith,Retail,Immediate,In-Store,Gresham,2025-11-17
11380,LIAM BROWN ,Retail,Immediate,In-Store,Portland,2022-07-09
11381,William Carter,Retail,Immediate,In-Store,Portland,2022-10-21
11382,Hannah Anderson,Retail,Immediate,In-Store,Salem,2022-11-03
11383,James Jones,Retail,Immediate,In-Store,Bend,2025-03-20
11384,Grace Brown,Retail,Immediate,In-Store,Portland,2022-10-04
11385,Emma Smith,Retail,Immediate,In-Store,Gresham,2025-06-22
11386,Chloe Smith,Retail,Immediate,In-Store,Hillsboro,2025-12-27
11387,LUCAS JONES ,Retail,Immediate,In-Store,Hillsboro,2023-02-01
11388,Matthew Anderson,Retail,Immediate,In-Store,Portland,2023-04-27
11389,Ava Martin,Retail,Immediate,In-Store,Vancouver,2022-11-22
11390,Christopher Lee,Retail,Immediate,In-Store, portland,2023-06-22
11391,Noah Kim,Retail,Immediate,In-Store,Portland,2022-02-07
11392,Hannah Garcia,Retail,Immediate,In-Store,Seattle,2024-10-21
11393,Ava Smith,Retail,Immediate,In-Store,Portland,2023-01-31
11394,Ashley Carter,Retail,Immediate,In-Store,Hillsboro,2025-12-23
11395,Robert Wilson,Retail,Immediate,In-Store,Portland,2023-07-26
11396,Matthew Miller,Retail,Immediate,In-Store,Portland,2023-08-06
11397,Liam Davis,Retail,Immediate,In-Store, portland,2024-10-07
11398,Lucas Lee,Retail,Immediate,In-Store,Portland,2025-01-20
11399,Mason Lee,Retail,Immediate,In-Store,Portland,2022-06-16
11400,Isabella Davis,Retail,Immediate,In-Store, portland,2024-03-05
11401,Ethan Davis,Retail,Immediate,In-Store,Portland,2024-03-24
11402,Ella Taylor,Retail,Immediate,In-Store,Gresham,2025-04-04
11403,Ethan Taylor,Retail,Immediate,In-Store,Vancouver,2025-01-16
11404,OLIVIA LEE ,Retail,Immediate,In-Store,Portland,2024-04-05
11405,Grace Lee,Retail,Immediate,In-Store,Hillsboro,2023-05-01
11406,Sophia Carter,Retail,Immediate,In-Store,Portland,2022-04-05
11407,Christopher Brown,Retail,Immediate,In-Store,Corvallis,2022-09-24
11408,Hannah Wilson,Retail,Immediate,In-Store,Salem,2024-03-12
11409,MICHAEL ANDERSON ,Retail,Immediate,In-Store,Portland,2022-09-21
11410,Daniel Kim,Retail,Immediate,In-Store,Portland,2022-11-19
11411,Ava Nelson,Retail,Immediate,In-Store,Bend,2024-08-27
11412,Christopher Wilson,Retail,Immediate,In-Store,Portland,2025-09-14
11413,James Lee,Retail,Immediate,In-Store,Beaverton,2023-11-12
11414,JESSICA WILLIAMS ,Retail,Immediate,In-Store,Corvallis,2022-01-19
11415,JAMES PATEL ,Retail,Immediate,In-Store,Beaverton,2023-01-26
11416,Emma Anderson,Retail,Immediate,In-Store,Portland,2022-09-20
11417,Ella Smith,Retail,Immediate,In-Store,Beaverton,2022-10-03
11418,Andrew Williams,Retail,Immediate,In-Store, portland,2024-03-19
11419,Emma Nelson,Retail,Immediate,In-Store,Portland,2025-03-21
11420,Ethan Garcia,Retail,Immediate,In-Store,Portland,2025-10-03
11421,Mia Patel,Retail,Immediate,In-Store, beaverton,2022-11-06
11422,Ella Smith,Retail,Immediate,In-Store,Portland,2025-10-14
11423,Joseph Smith,Retail,Immediate,In-Store,Portland,2022-06-14
11424,David Davis,Retail,Immediate,In-Store,Eugene,2022-11-17
11425,David Lee,Retail,Immediate,In-Store,Portland,2023-09-22
11426,Jessica Jones,Retail,Immediate,In-Store,Portland,2025-05-12
11427,James Taylor,Retail,Immediate,In-Store, portland,2022-01-28
11428,Ella Johnson,Retail,Immediate,In-Store,Portland,2022-04-11
11429,Ashley Anderson,Retail,Immediate,In-Store,Portland,2023-10-13
11430,Matthew Anderson,Retail,Immediate,In-Store,Portland,2023-10-30
11431,ELLA MOORE ,Retail,Immediate,In-Store,Portland,2022-03-08
11432,Chloe Kim,Retail,Immediate,In-Store, portland,2024-11-16
11433,Joseph Nguyen,Retail,Immediate,In-Store,Portland,2025-07-01
11434,William Moore,Retail,Immediate,In-Store,Portland,2025-10-12
11435,MATTHEW ANDERSON ,Retail,Immediate,In-Store, salem,2023-01-14
11436,Ella Davis,Retail,Immediate,In-Store, beaverton,2022-12-03
11437,Ava Patel,Retail,Immediate,In-Store,Portland,2025-12-09
11438,William Thomas,Retail,Immediate,In-Store,Hillsboro,2024-12-06
11439,Mason Kim,Retail,Immediate,In-Store,Gresham,2025-09-06
11440,CHRISTOPHER MARTIN ,Retail,Immediate,In-Store,Portland,2022-10-19
11441,Sophia Nelson,Retail,Immediate,In-Store,Hillsboro,2024-05-24
11442,Chloe Thomas,Retail,Immediate,In-Store,Portland,2025-12-24
11443,Emma Patel,Retail,Immediate,In-Store,Portland,2025-11-14
11444,Sarah Nguyen,Retail,Immediate,In-Store, beaverton,2025-02-09
11445,Ashley Patel,Retail,Immediate,In-Store,Portland,2023-08-29
11446,Grace Nguyen,Retail,Immediate,In-Store,Portland,2022-12-25
11447,Ava Williams,Retail,Immediate,In-Store,Portland,2025-02-05
11448,Michael Smith,Retail,Immediate,In-Store,Portland,2024-12-24
11449,William Davis,Retail,Immediate,In-Store,Portland,2022-06-01
11450,Madison Carter,Retail,Immediate,In-Store,Hillsboro,2025-08-16
11451,Lucas Lee,Retail,Immediate,In-Store,Beaverton,2024-04-02
11452,David Patel,Retail,Immediate,In-Store,Portland,2025-01-11
11453,Ethan Patel,Retail,Immediate,In-Store,Lake Oswego,2025-08-06
11454,Andrew Wilson,Retail,Immediate,In-Store,Vancouver,2023-02-10
11455,OLIVIA BROWN ,Retail,Immediate,In-Store,Portland,2023-01-12
11456,OLIVIA ANDERSON ,Retail,Immediate,In-Store,Portland,2023-12-10
11457,JAMES TAYLOR ,Retail,Immediate,In-Store,Vancouver,2022-06-04
11458,JESSICA PATEL ,Retail,Immediate,In-Store,Seattle,2024-01-30
11459,Sophia Wilson,Retail,Immediate,In-Store,Portland,2025-09-28
11460,Mason Anderson,Retail,Immediate,In-Store,Portland,2025-03-29
11461,Matthew Thomas,Retail,Immediate,In-Store, portland,2024-06-15
11462,James Carter,Retail,Immediate,In-Store,Portland,2025-03-31
11463,Robert Nguyen,Retail,Immediate,In-Store,Portland,2023-05-29
11464,NOAH CARTER ,Retail,Immediate,In-Store,Beaverton,2024-06-14
11465,Emily Thomas,Retail,Immediate,In-Store,Portland,2024-07-28
11466,Olivia Jones,Retail,Immediate,In-Store,Portland,2024-03-20
11467,Christopher Patel,Retail,Immediate,In-Store,Eugene,2024-07-20
11468,James Garcia,Retail,Immediate,In-Store, beaverton,2023-05-16
11469,Noah Nelson,Retail,Immediate,In-Store,Portland,2023-06-25
11470,EMMA DAVIS ,Retail,Immediate,In-Store,Portland,2023-12-14
11471,Ashley Anderson,Retail,Immediate,In-Store,Portland,2023-03-08
11472,DANIEL NGUYEN ,Retail,Immediate,In-Store,Portland,2024-02-03
11473,Mia Miller,Retail,Immediate,In-Store, portland,2022-11-15
11474,Ashley Moore,Retail,Immediate,In-Store,Portland,2022-06-07
11475,Mia Garcia,Retail,Immediate,In-Store,Portland,2023-04-19
11476,Ella Thomas,Retail,Immediate,In-Store,Beaverton,2023-05-04
11477,Mason Miller,Retail,Immediate,In-Store, portland,2025-03-06
11478,JOSEPH NGUYEN ,Retail,Immediate,In-Store,Gresham,2022-12-26
11479,ISABELLA MARTIN ,Retail,Immediate,In-Store,Bend,2023-04-09
11480,Daniel Lee,Retail,Immediate,In-Store, portland,2025-04-07
11481,Andrew Garcia,Retail,Immediate,In-Store,Bend,2024-11-03
11482,Sarah Anderson,Retail,Immediate,In-Store,Seattle,2025-01-30
11483,Sarah Lee,Retail,Immediate,In-Store,Hillsboro,2023-08-01
11484,Sophia Johnson,Retail,Immediate,In-Store,Portland,2022-05-03
11485,Noah Brown,Retail,Immediate,In-Store,Portland,2022-12-20
11486,Chloe Johnson,Retail,Immediate,In-Store,Portland,2022-05-04
11487,Matthew Brown,Retail,Immediate,In-Store,Lake Oswego,2023-05-14
11488,Mason Moore,Retail,Immediate,In-Store,Hillsboro,2025-10-07
11489,David Taylor,Retail,Immediate,In-Store,Seattle,2022-10-09
11490,Madison Moore,Retail,Immediate,In-Store,Eugene,2024-11-10
11491,Emily Miller,Retail,Immediate,In-Store,Portland,2024-04-23
11492,GRACE JONES ,Retail,Immediate,In-Store,Eugene,2024-10-29
11493,Emily Anderson,Retail,Immediate,In-Store,Portland,2023-11-14
11494,JOSEPH MOORE ,Retail,Immediate,In-Store,Salem,2025-03-03
11495,Jessica Davis,Retail,Immediate,In-Store,Portland,2025-11-30
11496,Ethan Patel,Retail,Immediate,In-Store,Gresham,2022-11-15
11497,Ava Thomas,Retail,Immediate,In-Store,Portland,2024-12-18
11498,Noah Wilson,Retail,Immediate,In-Store,Eugene,2022-07-08
11499,Grace Davis,Retail,Immediate,In-Store,Gresham,2024-05-10
11500,Jessica Anderson,Retail,Immediate,In-Store, portland,2023-09-16
11501,Michael Johnson,Retail,Immediate,In-Store,Hillsboro,2024-08-13
11502,Liam Martin,Retail,Immediate,In-Store,Beaverton,2025-02-17
11503,Emily Wilson,Retail,Immediate,In-Store,Portland,2022-12-20
11504,Robert Williams,Retail,Immediate,In-Store, beaverton,2022-05-09
11505,MASON NGUYEN ,Retail,Immediate,In-Store,Portland,2025-08-19
11506,Olivia Kim,Retail,Immediate,In-Store,Beaverton,2022-05-13
11507,Andrew Carter,Retail,Immediate,In-Store,Corvallis,2024-11-26
11508,Daniel Davis,Retail,Immediate,In-Store,Beaverton,2023-01-19
11509,Matthew Martin,Retail,Immediate,In-Store,Portland,2022-10-27
11510,Andrew Smith,Retail,Immediate,In-Store,Gresham,2024-03-01
11511,WILLIAM GARCIA ,Retail,Immediate,In-Store,Vancouver,2024-09-15
11512,Daniel Kim,Retail,Immediate,In-Store,Portland,2024-04-22
11513,David Anderson,Retail,Immediate,In-Store,Portland,2023-10-10
11514,Michael Davis,Retail,Immediate,In-Store, beaverton,2024-03-11
11515,Hannah Taylor,Retail,Immediate,In-Store,Portland,2022-11-15
11516,Hannah Patel,Retail,Immediate,In-Store,Lake Oswego,2022-09-17
11517,Hannah Johnson,Retail,Immediate,In-Store,Hillsboro,2024-03-24
11518,ANDREW WILLIAMS ,Retail,Immediate,In-Store,Seattle,2022-09-07
11519,DANIEL SMITH ,Retail,Immediate,In-Store,Portland,2024-09-05
11520,Ashley Lee,Retail,Immediate,In-Store, salem,2025-01-06
11521,Liam Lee,Retail,Immediate,In-Store,Beaverton,2023-09-19
11522,David Thomas,Retail,Immediate,In-Store,Gresham,2024-06-03
11523,Emma Miller,Retail,Immediate,In-Store,Hillsboro,2024-01-12
11524,Ava Brown,Retail,Immediate,In-Store, hillsboro,2022-08-27
11525,William Garcia,Retail,Immediate,In-Store,Portland,2024-11-24
11526,David Kim,Retail,Immediate,In-Store,Portland,2023-02-05
11527,Ashley Anderson,Retail,Immediate,In-Store,Vancouver,2022-09-02
11528,Daniel Williams,Retail,Immediate,In-Store, portland,2023-02-21
11529,David Johnson,Retail,Immediate,In-Store,Portland,2025-03-11
11530,Liam Thomas,Retail,Immediate,In-Store,Portland,2023-11-20
11531,Emily Carter,Retail,Immediate,In-Store,Beaverton,2022-06-16
11532,Mia Smith,Retail,Immediate,In-Store,Corvallis,2023-09-01
11533,Jessica Carter,Retail,Immediate,In-Store,Portland,2024-07-08
11534,Ava Garcia,Retail,Immediate,In-Store,Vancouver,2024-01-16
11535,Liam Carter,Retail,Immediate,In-Store,Salem,2024-07-28
11536,Isabella Brown,Retail,Immediate,In-Store,Lake Oswego,2022-06-04
11537,Ashley Carter,Retail,Immediate,In-Store,Gresham,2025-06-23
11538,Emma Garcia,Retail,Immediate,In-Store,Beaverton,2023-08-02
11539,MIA DAVIS ,Retail,Immediate,In-Store,Portland,2022-02-24
11540,Madison Moore,Retail,Immediate,In-Store,Portland,2023-01-04
11541,Andrew Carter,Retail,Immediate,In-Store,Bend,2024-12-29
11542,Liam Taylor,Retail,Immediate,In-Store,Lake Oswego,2024-04-09
11543,David Wilson,Retail,Immediate,In-Store,Portland,2022-11-29
11544,Emma Wilson,Retail,Immediate,In-Store,Beaverton,2024-03-07
11545,Daniel Kim,Retail,Immediate,In-Store,Hillsboro,2023-10-18
11546,Sarah Moore,Retail,Immediate,In-Store,Beaverton,2025-10-06
11547,Madison Davis,Retail,Immediate,In-Store,Gresham,2025-12-12
11548,Andrew Nelson,Retail,Immediate,In-Store,Tigard,2023-07-22
11549,Grace Martin,Retail,Immediate,In-Store,Portland,2022-05-20
11550,Olivia Davis,Retail,Immediate,In-Store,Portland,2023-07-16
11551,Sophia Brown,Retail,Immediate,In-Store,Beaverton,2022-11-07
11552,Lucas Kim,Retail,Immediate,In-Store,Portland,2025-05-22
11553,Mia Johnson,Retail,Immediate,In-Store,Eugene,2025-01-24
11554,Ashley Williams,Retail,Immediate,In-Store,Lake Oswego,2025-01-26
11555,Michael Nelson,Retail,Immediate,In-Store,Portland,2025-05-17
11556,Ashley Brown,Retail,Immediate,In-Store,Portland,2024-11-07
11557,Liam Brown,Retail,Immediate,In-Store,Hillsboro,2025-08-07
11558,Mason Lee,Retail,Immediate,In-Store,Portland,2024-09-30
11559,Ella Nguyen,Retail,Immediate,In-Store,Bend,2023-08-19
11560,HANNAH NGUYEN ,Retail,Immediate,In-Store,Portland,2023-05-05
11561,Emily Davis,Retail,Immediate,In-Store,Lake Oswego,2024-09-19
11562,Ethan Martin,Retail,Immediate,In-Store,Vancouver,2022-02-17
11563,Mia Patel,Retail,Immediate,In-Store,Portland,2023-04-28
11564,Ella Moore,Retail,Immediate,In-Store,Portland,2025-08-04
11565,Mason Johnson,Retail,Immediate,In-Store,Gresham,2023-01-18
11566,Jessica Taylor,Retail,Immediate,In-Store,Eugene,2024-07-11
11567,Olivia Moore,Retail,Immediate,In-Store,Portland,2024-05-07
11568,Emma Kim,Retail,Immediate,In-Store, portland,2025-04-14
11569,Isabella Smith,Retail,Immediate,In-Store,Portland,2025-05-21
11570,David Garcia,Retail,Immediate,In-Store,Portland,2025-07-03
11571,Sophia Davis,Retail,Immediate,In-Store,Portland,2023-03-02
11572,Lucas Jones,Retail,Immediate,In-Store,Portland,2023-01-21
11573,Ashley Williams,Retail,Immediate,In-Store,Beaverton,2024-02-08
11574,James Thomas,Retail,Immediate,In-Store,Portland,2024-07-16
11575,AVA CARTER ,Retail,Immediate,In-Store,Eugene,2024-01-18
11576,Emily Thomas,Retail,Immediate,In-Store,Portland,2023-12-02
11577,LIAM PATEL ,Retail,Immediate,In-Store,Tigard,2022-09-16
11578,James Thomas,Retail,Immediate,In-Store,Portland,2024-09-03
11579,Jessica Moore,Retail,Immediate,In-Store,Portland,2024-11-07
11580,Andrew Garcia,Retail,Immediate,In-Store,Bend,2024-10-01
11581,Emily Moore,Retail,Immediate,In-Store,Portland,2022-08-21
11582,JESSICA MOORE ,Retail,Immediate,In-Store, beaverton,2022-08-27
11583,Hannah Thomas,Retail,Immediate,In-Store, portland,2025-10-31
11584,Ashley Brown,Retail,Immediate,In-Store, portland,2024-09-20
11585,Jessica Patel,Retail,Immediate,In-Store,Portland,2022-06-26
11586,Sophia Kim,Retail,Immediate,In-Store,Portland,2022-12-18
11587,Ava Johnson,Retail,Immediate,In-Store, portland,2025-08-24
11588,Andrew Patel,Retail,Immediate,In-Store,Gresham,2022-11-03
11589,Emily Johnson,Retail,Immediate,In-Store,Portland,2024-03-31
11590,Andrew Anderson,Retail,Immediate,In-Store,Eugene,2023-08-09
11591,Isabella Nguyen,Retail,Immediate,In-Store,Hillsboro,2023-07-13
11592,Noah Carter,Retail,Immediate,In-Store,Portland,2024-02-23
11593,Andrew Johnson,Retail,Immediate,In-Store,Tigard,2022-08-16
11594,Emily Taylor,Retail,Immediate,In-Store,Portland,2025-02-16
11595,Madison Brown,Retail,Immediate,In-Store,Portland,2024-01-02
11596,Andrew Patel,Retail,Immediate,In-Store,Gresham,2024-06-03
11597,James Nelson,Retail,Immediate,In-Store,Portland,2025-11-03
11598,GRACE SMITH ,Retail,Immediate,In-Store,Portland,2024-10-16
11599,William Patel,Retail,Immediate,In-Store,Portland,2024-04-12
11600,Ethan Brown,Retail,Immediate,In-Store,Corvallis,2025-07-09
11601,Andrew Thomas,Retail,Immediate,In-Store,Portland,2023-08-29
11602,David Kim,Retail,Immediate,In-Store,Portland,2024-07-21
11603,David Carter,Retail,Immediate,In-Store,Portland,2025-07-11
11604,William Patel,Retail,Immediate,In-Store,Beaverton,2022-07-01
11605,LUCAS TAYLOR ,Retail,Immediate,In-Store,Tigard,2022-04-13
11606,MICHAEL GARCIA ,Retail,Immediate,In-Store,Portland,2025-04-02
11607,Liam Miller,Retail,Immediate,In-Store,Portland,2022-09-18
11608,Mason Thomas,Retail,Immediate,In-Store,Portland,2022-06-18
11609,Daniel Jones,Retail,Immediate,In-Store,Portland,2023-12-16
11610,Andrew Thomas,Retail,Immediate,In-Store,Gresham,2022-03-23
11611,Emily Carter,Retail,Immediate,In-Store,Portland,2023-08-14
11612,Grace Miller,Retail,Immediate,In-Store,Portland,2023-03-24
11613,Isabella Johnson,Retail,Immediate,In-Store,Gresham,2022-09-10
11614,Isabella Smith,Retail,Immediate,In-Store,Portland,2023-04-29
11615,Christopher Williams,Retail,Immediate,In-Store, hillsboro,2023-10-03
11616,Ella Martin,Retail,Immediate,In-Store,Corvallis,2025-05-22
11617,Emily Smith,Retail,Immediate,In-Store,Vancouver,2022-03-28
11618,Andrew Lee,Retail,Immediate,In-Store,Portland,2024-08-13
11619,Robert Williams,Retail,Immediate,In-Store,Portland,2023-11-28
11620,Liam Thomas,Retail,Immediate,In-Store,Portland,2025-12-22
11621,Mia Nelson,Retail,Immediate,In-Store,Salem,2024-01-19
11622,Mia Williams,Retail,Immediate,In-Store,Beaverton,2022-07-25
11623,Grace Smith,Retail,Immediate,In-Store,Portland,2022-02-03
11624,Jessica Jones,Retail,Immediate,In-Store,Portland,2022-06-24
11625,Lucas Miller,Retail,Immediate,In-Store,Salem,2024-10-05
11626,CHRISTOPHER JONES ,Retail,Immediate,In-Store,Eugene,2024-11-19
11627,Madison Moore,Retail,Immediate,In-Store,Vancouver,2022-04-12
11628,Christopher Johnson,Retail,Immediate,In-Store, portland,2024-10-03
11629,Grace Lee,Retail,Immediate,In-Store,Portland,2022-01-20
11630,Grace Smith,Retail,Immediate,In-Store,Seattle,2023-01-20
11631,Michael Johnson,Retail,Immediate,In-Store,Portland,2023-06-29
11632,Ashley Miller,Retail,Immediate,In-Store,Portland,2023-04-05
11633,Chloe Nguyen,Retail,Immediate,In-Store,Seattle,2025-01-28
11634,Emily Lee,Retail,Immediate,In-Store,Portland,2024-06-18
11635,Joseph Davis,Retail,Immediate,In-Store,Portland,2024-02-14
11636,Noah Moore,Retail,Immediate,In-Store,Portland,2024-01-21
11637,Noah Wilson,Retail,Immediate,In-Store,Portland,2023-03-14
11638,Jessica Carter,Retail,Immediate,In-Store,Portland,2022-01-25
11639,David Taylor,Retail,Immediate,In-Store,Portland,2022-11-03
11640,Matthew Taylor,Retail,Immediate,In-Store,Corvallis,2025-08-24
11641,Chloe Brown,Retail,Immediate,In-Store,Gresham,2024-11-10
11642,Mason Garcia,Retail,Immediate,In-Store,Bend,2022-10-17
11643,Sophia Miller,Retail,Immediate,In-Store,Tigard,2022-08-26
11644,Sophia Taylor,Retail,Immediate,In-Store,Portland,2022-10-22
11645,Liam Thomas,Retail,Immediate,In-Store,Portland,2022-12-08
11646,OLIVIA GARCIA ,Retail,Immediate,In-Store,Beaverton,2022-08-04
11647,Christopher Smith,Retail,Immediate,In-Store,Portland,2022-03-01
11648,Chloe Jones,Retail,Immediate,In-Store,Portland,2023-02-15
11649,Ashley Williams,Retail,Immediate,In-Store,Portland,2022-04-25
11650,David Garcia,Retail,Immediate,In-Store,Portland,2025-01-23
11651,Lucas Garcia,Retail,Immediate,In-Store,Portland,2022-11-16
11652,James Smith,Retail,Immediate,In-Store,Beaverton,2025-04-11
11653,Andrew Garcia,Retail,Immediate,In-Store,Hillsboro,2024-09-06
11654,Joseph Smith,Retail,Immediate,In-Store,Portland,2023-01-13
11655,Ella Brown,Retail,Immediate,In-Store,Portland,2023-02-06
11656,DANIEL TAYLOR ,Retail,Immediate,In-Store,Portland,2024-09-07
11657,MASON JOHNSON ,Retail,Immediate,In-Store,Portland,2022-01-06
11658,Robert Thomas,Retail,Immediate,In-Store,Bend,2025-11-04
11659,James Brown,Retail,Immediate,In-Store,Portland,2024-05-27
11660,Ashley Moore,Retail,Immediate,In-Store,Portland,2025-02-27
11661,Ashley Martin,Retail,Immediate,In-Store,Hillsboro,2025-11-14
11662,Lucas Brown,Retail,Immediate,In-Store,Corvallis,2025-11-22
11663,Matthew Wilson,Retail,Immediate,In-Store,Hillsboro,2024-09-29
11664,Christopher Kim,Retail,Immediate,In-Store,Portland,2022-03-15
11665,ETHAN TAYLOR ,Retail,Immediate,In-Store,Portland,2024-07-03
11666,Liam Nelson,Retail,Immediate,In-Store,Portland,2024-10-28
11667,Daniel Patel,Retail,Immediate,In-Store,Portland,2024-07-09
11668,Robert Kim,Retail,Immediate,In-Store,Portland,2023-01-27
11669,Jessica Patel,Retail,Immediate,In-Store,Seattle,2024-09-23
11670,Ashley Martin,Retail,Immediate,In-Store, portland,2023-09-06
11671,Emily Smith,Retail,Immediate,In-Store,Bend,2024-12-31
11672,Matthew Moore,Retail,Immediate,In-Store,Beaverton,2025-03-11
11673,Sarah Garcia,Retail,Immediate,In-Store, portland,2023-11-30
11674,Andrew Johnson,Retail,Immediate,In-Store, portland,2023-11-19
11675,Madison Anderson,Retail,Immediate,In-Store,Portland,2024-01-15
11676,GRACE PATEL ,Retail,Immediate,In-Store,Portland,2023-06-06
11677,Noah Johnson,Retail,Immediate,In-Store,Vancouver,2025-02-25
11678,MICHAEL KIM ,Retail,Immediate,In-Store,Salem,2025-12-08
11679,Ashley Moore,Retail,Immediate,In-Store,Vancouver,2024-06-30
11680,Noah Wilson,Retail,Immediate,In-Store,Hillsboro,2025-12-05
11681,William Nelson,Retail,Immediate,In-Store,Portland,2024-04-05
11682,David Martin,Retail,Immediate,In-Store,Portland,2024-06-28
11683,Daniel Miller,Retail,Immediate,In-Store, gresham,2023-06-12
11684,William Nelson,Retail,Immediate,In-Store,Portland,2024-04-05
11685,JOSEPH BROWN ,Retail,Immediate,In-Store,Beaverton,2024-10-28
11686,Christopher Miller,Retail,Immediate,In-Store,Hillsboro,2022-02-01
11687,Chloe Thomas,Retail,Immediate,In-Store,Portland,2023-01-12
11688,Ethan Smith,Retail,Immediate,In-Store,Lake Oswego,2022-05-27
11689,Lucas Jones,Retail,Immediate,In-Store,Corvallis,2024-01-08
11690,Madison Jones,Retail,Immediate,In-Store,Gresham,2024-04-25
11691,Mason Carter,Retail,Immediate,In-Store,Hillsboro,2025-04-28
11692,Madison Brown,Retail,Immediate,In-Store,Portland,2023-06-23
11693,Joseph Patel,Retail,Immediate,In-Store,Portland,2025-06-08
11694,James Taylor,Retail,Immediate,In-Store,Portland,2022-08-15
11695,Emma Lee,Retail,Immediate,In-Store,Portland,2023-08-21
11696,Chloe Davis,Retail,Immediate,In-Store,Portland,2022-11-16
11697,MICHAEL BROWN ,Retail,Immediate,In-Store,Beaverton,2025-10-19
11698,Sarah Moore,Retail,Immediate,In-Store,Bend,2025-03-08
11699,Sophia Nguyen,Retail,Immediate,In-Store,Portland,2024-06-18
11700,Grace Brown,Retail,Immediate,In-Store,Portland,2025-04-18
11701,Chloe Wilson,Retail,Immediate,In-Store,Portland,2023-10-11
11702,SOPHIA KIM ,Retail,Immediate,In-Store,Portland,2023-06-01
11703,Hannah Thomas,Retail,Immediate,In-Store,Portland,2024-10-19
11704,Emma Brown,Retail,Immediate,In-Store,Portland,2023-05-25
11705,Liam Nelson,Retail,Immediate,In-Store,Eugene,2025-07-19
11706,Isabella Williams,Retail,Immediate,In-Store,Portland,2023-01-13
11707,Madison Wilson,Retail,Immediate,In-Store, portland,2024-11-03
11708,LUCAS WILLIAMS ,Retail,Immediate,In-Store,Portland,2022-03-16
11709,EMILY KIM ,Retail,Immediate,In-Store,Lake Oswego,2024-09-21
11710,EMMA JOHNSON ,Retail,Immediate,In-Store,Portland,2022-11-25
11711,Sarah Miller,Retail,Immediate,In-Store,Portland,2023-08-05
11712,David Garcia,Retail,Immediate,In-Store,Portland,2022-12-30
11713,Noah Moore,Retail,Immediate,In-Store,Beaverton,2024-07-26
11714,Sophia Taylor,Retail,Immediate,In-Store,Portland,2023-04-16
11715,Matthew Kim,Retail,Immediate,In-Store,Portland,2022-01-17
11716,Sarah Jones,Retail,Immediate,In-Store, corvallis,2023-09-17
11717,ELLA MILLER ,Retail,Immediate,In-Store,Beaverton,2025-01-26
11718,LIAM MARTIN ,Retail,Immediate,In-Store,Beaverton,2024-05-06
11719,Hannah Davis,Retail,Immediate,In-Store, corvallis,2022-11-17
11720,Ava Nguyen,Retail,Immediate,In-Store,Portland,2023-03-29
11721,OLIVIA JONES ,Retail,Immediate,In-Store,Bend,2025-02-27
11722,Ashley Davis,Retail,Immediate,In-Store,Portland,2024-03-16
11723,Andrew Miller,Retail,Immediate,In-Store,Portland,2023-07-05
11724,Jessica Smith,Retail,Immediate,In-Store,Portland,2022-01-04
11725,Emma Martin,Retail,Immediate,In-Store,Portland,2025-02-13
11726,Robert Miller,Retail,Immediate,In-Store,Portland,2025-10-25
11727,MASON NELSON ,Retail,Immediate,In-Store,Beaverton,2023-12-04
11728,Mia Brown,Retail,Immediate,In-Store,Portland,2024-06-16
11729,Ava Jones,Retail,Immediate,In-Store,Portland,2023-01-27
11730,Hannah Williams,Retail,Immediate,In-Store,Portland,2024-01-02
11731,Liam Wilson,Retail,Immediate,In-Store,Vancouver,2024-09-29
11732,Sophia Garcia,Retail,Immediate,In-Store,Portland,2025-10-08
11733,Mia Thomas,Retail,Immediate,In-Store,Eugene,2023-10-30
11734,Christopher Moore,Retail,Immediate,In-Store,Portland,2022-09-10
11735,Mia Carter,Retail,Immediate,In-Store,Hillsboro,2023-04-20
11736,Isabella Garcia,Retail,Immediate,In-Store,Beaverton,2023-02-06
11737,SOPHIA MARTIN ,Retail,Immediate,In-Store,Corvallis,2023-01-17
11738,Sophia Williams,Retail,Immediate,In-Store, portland,2024-11-12
11739,James Lee,Retail,Immediate,In-Store, portland,2024-09-24
11740,Emma Thomas,Retail,Immediate,In-Store,Hillsboro,2025-08-27
11741,Liam Miller,Retail,Immediate,In-Store,Vancouver,2025-11-12
11742,Emma Miller,Retail,Immediate,In-Store,Gresham,2022-06-26
11743,Robert Nguyen,Retail,Immediate,In-Store,Portland,2022-07-18
11744,Ashley Anderson,Retail,Immediate,In-Store, portland,2025-06-21
11745,Emma Anderson,Retail,Immediate,In-Store,Tigard,2024-07-26
11746,Ava Brown,Retail,Immediate,In-Store,Portland,2022-10-05
11747,Robert Kim,Retail,Immediate,In-Store,Corvallis,2022-10-20
11748,Sarah Smith,Retail,Immediate,In-Store,Portland,2024-03-23
11749,JESSICA JOHNSON ,Retail,Immediate,In-Store,Portland,2023-03-04
11750,Jessica Carter,Retail,Immediate,In-Store,Gresham,2024-04-15
11751,Jessica Smith,Retail,Immediate,In-Store,Seattle,2024-09-24
11752,Mason Jones,Retail,Immediate,In-Store,Gresham,2024-12-04
11753,Madison Smith,Retail,Immediate,In-Store,Portland,2024-12-08
11754,Sophia Lee,Retail,Immediate,In-Store,Salem,2023-01-18
11755,Ethan Martin,Retail,Immediate,In-Store,Portland,2022-10-16
11756,Liam Lee,Retail,Immediate,In-Store,Hillsboro,2022-04-16
11757,Ella Davis,Retail,Immediate,In-Store,Portland,2023-10-27
11758,Hannah Nguyen,Retail,Immediate,In-Store, gresham,2024-11-07
11759,Olivia Johnson,Retail,Immediate,In-Store,Portland,2024-12-25
11760,Lucas Jones,Retail,Immediate,In-Store,Portland,2024-03-17
11761,Christopher Martin,Retail,Immediate,In-Store,Portland,2024-08-14
11762,Ava Patel,Retail,Immediate,In-Store,Portland,2025-03-20
11763,Ethan Anderson,Retail,Immediate,In-Store,Portland,2024-02-10
11764,Ella Thomas,Retail,Immediate,In-Store,Tigard,2025-12-27
11765,Mia Martin,Retail,Immediate,In-Store,Portland,2023-03-03
11766,Olivia Brown,Retail,Immediate,In-Store,Portland,2024-02-12
11767,Andrew Lee,Retail,Immediate,In-Store,Beaverton,2025-09-19
11768,JOSEPH BROWN ,Retail,Immediate,In-Store,Corvallis,2023-03-17
11769,Ethan Moore,Retail,Immediate,In-Store,Salem,2022-07-16
11770,Mason Thomas,Retail,Immediate,In-Store, portland,2025-03-01
11771,Joseph Johnson,Retail,Immediate,In-Store,Portland,2023-02-11
11772,Ashley Kim,Retail,Immediate,In-Store,Portland,2023-09-12
11773,Emma Davis,Retail,Immediate,In-Store,Corvallis,2025-11-15
11774,Jessica Nguyen,Retail,Immediate,In-Store, salem,2022-08-24
11775,Mia Nelson,Retail,Immediate,In-Store,Portland,2025-03-10
11776,Matthew Johnson,Retail,Immediate,In-Store,Portland,2023-05-14
11777,Ashley Martin,Retail,Immediate,In-Store,Portland,2023-01-23
11778,Andrew Johnson,Retail,Immediate,In-Store,Beaverton,2023-10-16
11779,EMILY NELSON ,Retail,Immediate,In-Store,Beaverton,2023-01-14
11780,Hannah Garcia,Retail,Immediate,In-Store,Portland,2024-01-11
11781,Matthew Anderson,Retail,Immediate,In-Store,Vancouver,2024-09-21
11782,William Johnson,Retail,Immediate,In-Store,Eugene,2022-08-10
11783,Grace Nguyen,Retail,Immediate,In-Store, eugene,2025-11-10
11784,Emily Thomas,Retail,Immediate,In-Store, portland,2024-10-15
11785,Robert Anderson,Retail,Immediate,In-Store,Portland,2022-10-15
11786,Joseph Carter,Retail,Immediate,In-Store,Portland,2023-06-03
11787,Sophia Nguyen,Retail,Immediate,In-Store,Portland,2025-12-29
11788,Emma Smith,Retail,Immediate,In-Store,Portland,2023-01-24
11789,Daniel Wilson,Retail,Immediate,In-Store,Portland,2023-12-30
11790,James Thomas,Retail,Immediate,In-Store,Portland,2024-09-06
11791,Ethan Miller,Retail,Immediate,In-Store,Portland,2022-11-10
11792,Ella Smith,Retail,Immediate,In-Store,Salem,2025-10-17
11793,Madison Miller,Retail,Immediate,In-Store,Beaverton,2022-11-02
11794,JESSICA WILSON ,Retail,Immediate,In-Store,Eugene,2022-03-13
11795,Ella Brown,Retail,Immediate,In-Store,Portland,2022-07-01
11796,MICHAEL GARCIA ,Retail,Immediate,In-Store,Gresham,2023-05-16
11797,MICHAEL BROWN ,Retail,Immediate,In-Store,Vancouver,2024-03-06
11798,Emma Davis,Retail,Immediate,In-Store,Eugene,2025-04-08
11799,William Wilson,Retail,Immediate,In-Store, salem,2025-09-03
11800,David Davis,Retail,Immediate,In-Store,Portland,2024-11-14
11801,Olivia Lee,Online,Immediate,Online,Portland,2024-09-06
11802,Emily Nelson,Online,Immediate,Online,Salem,2022-12-17
11803,Mia Lee,Online,Immediate,Online,Portland,2023-03-14
11804,EMMA JONES ,Online,Immediate,Online, portland,2025-09-10
11805,William Garcia,Online,Immediate,Online,Hillsboro,2022-07-02
11806,MIA BROWN ,Online,Immediate,Online,Portland,2025-03-26
11807,Sophia Davis,Online,Immediate,Online,Salem,2024-10-25
11808,Robert Thomas,Online,Immediate,Online,Portland,2024-07-01
11809,Isabella Wilson,Online,Immediate,Online,Portland,2024-07-03
11810,Ella Williams,Online,Immediate,Online,Bend,2023-09-18
11811,Robert Wilson,Online,Immediate,Online,Portland,2023-02-09
11812,ROBERT PATEL ,Online,Immediate,Online,Portland,2025-05-28
11813,Mia Nelson,Online,Immediate,Online,Salem,2025-04-25
11814,Ava Brown,Online,Immediate,Online,Portland,2025-04-18
11815,Lucas Thomas,Online,Immediate,Online,Seattle,2025-12-07
11816,Chloe Nelson,Online,Immediate,Online,Hillsboro,2023-02-08
11817,Emma Carter,Online,Immediate,Online,Portland,2024-01-23
11818,JAMES BROWN ,Online,Immediate,Online,Portland,2023-04-01
11819,Robert Kim,Online,Immediate,Online,Portland,2022-05-10
11820,Ava Martin,Online,Immediate,Online,Beaverton,2022-08-30
11821,Sophia Jones,Online,Immediate,Online,Portland,2024-12-30
11822,Chloe Wilson,Online,Immediate,Online,Portland,2025-03-29
11823,Michael Garcia,Online,Immediate,Online,Salem,2024-04-29
11824,Michael Garcia,Online,Immediate,Online,Vancouver,2023-06-01
11825,Matthew Nelson,Online,Immediate,Online,Seattle,2024-01-20
11826,James Lee,Online,Immediate,Online,Beaverton,2025-08-29
11827,Madison Thomas,Online,Immediate,Online,Hillsboro,2022-06-09
11828,Ethan Moore,Online,Immediate,Online,Portland,2022-05-05
11829,David Jones,Online,Immediate,Online,Portland,2025-11-19
11830,Andrew Patel,Online,Immediate,Online,Portland,2023-04-25
11831,Sarah Taylor,Online,Immediate,Online,Beaverton,2024-03-22
11832,CHRISTOPHER ANDERSON ,Online,Immediate,Online,Portland,2025-12-06
11833,Emma Davis,Online,Immediate,Online,Portland,2024-10-20
11834,Sarah Taylor,Online,Immediate,Online,Portland,2025-01-27
11835,ANDREW TAYLOR ,Online,Immediate,Online,Portland,2023-03-13
11836,Mason Nguyen,Online,Immediate,Online,Corvallis,2025-12-12
11837,James Thomas,Online,Immediate,Online,Tigard,2022-10-14
11838,Jessica Miller,Online,Immediate,Online,Portland,2024-12-03
11839,Hannah Garcia,Online,Immediate,Online,Portland,2023-05-31
11840,Jessica Nelson,Online,Immediate,Online,Beaverton,2023-07-23
11841,Ethan Smith,Online,Immediate,Online,Portland,2022-11-14
11842,Ella Patel,Online,Immediate,Online, bend,2024-11-10
11843,Lucas Anderson,Online,Immediate,Online,Eugene,2022-06-28
11844,Robert Smith,Online,Immediate,Online, beaverton,2024-02-02
11845,Ethan Martin,Online,Immediate,Online,Portland,2023-09-15
11846,DANIEL LEE ,Online,Immediate,Online, seattle,2023-08-04
11847,Joseph Kim,Online,Immediate,Online,Beaverton,2022-07-22
11848,Emma Jones,Online,Immediate,Online,Portland,2025-05-02
11849,Daniel Smith,Online,Immediate,Online,Portland,2022-10-15
11850,Sarah Carter,Online,Immediate,Online,Eugene,2022-07-01
11851,Sophia Williams,Online,Immediate,Online,Hillsboro,2022-04-29
11852,Isabella Anderson,Online,Immediate,Online,Salem,2022-10-04
11853,Emma Nelson,Online,Immediate,Online,Portland,2024-09-03
11854,James Kim,Online,Immediate,Online,Salem,2025-05-15
11855,Sarah Williams,Online,Immediate,Online,Portland,2025-11-08
11856,Isabella Smith,Online,Immediate,Online,Salem,2022-05-10
11857,Madison Anderson,Online,Immediate,Online,Portland,2022-06-12
11858,Hannah Williams,Online,Immediate,Online, portland,2025-07-21
11859,Ashley Smith,Online,Immediate,Online, portland,2022-03-16
11860,Andrew Moore,Online,Immediate,Online, gresham,2024-12-30
11861,Mia Jones,Online,Immediate,Online,Portland,2022-05-01
11862,Christopher Williams,Online,Immediate,Online,Portland,2022-11-15
11863,Olivia Wilson,Online,Immediate,Online,Hillsboro,2022-01-07
11864,Lucas Carter,Online,Immediate,Online,Portland,2025-01-20
11865,James Davis,Online,Immediate,Online, salem,2025-01-05
11866,Liam Smith,Online,Immediate,Online,Beaverton,2022-08-16
11867,Matthew Anderson,Online,Immediate,Online,Gresham,2024-07-13
11868,Ella Jones,Online,Immediate,Online,Portland,2025-07-25
11869,Madison Taylor,Online,Immediate,Online,Seattle,2024-04-30
11870,Madison Taylor,Online,Immediate,Online, salem,2023-08-01
11871,Noah Nguyen,Online,Immediate,Online,Portland,2024-08-30
11872,James Garcia,Online,Immediate,Online,Beaverton,2025-08-21
11873,Michael Garcia,Online,Immediate,Online, portland,2022-03-07
11874,Madison Nelson,Online,Immediate,Online, hillsboro,2022-08-17
11875,Grace Thomas,Online,Immediate,Online,Gresham,2025-11-08
11876,Emma Taylor,Online,Immediate,Online,Portland,2022-09-02
11877,Liam Lee,Online,Immediate,Online,Eugene,2025-06-21
11878,Chloe Anderson,Online,Immediate,Online,Salem,2023-03-01
11879,Emma Williams,Online,Immediate,Online,Portland,2023-07-16
11880,Emily Johnson,Online,Immediate,Online,Portland,2022-12-01
11881,Noah Patel,Online,Immediate,Online,Bend,2022-09-08
11882,Madison Johnson,Online,Immediate,Online,Portland,2024-06-20
11883,Emma Taylor,Online,Immediate,Online,Portland,2022-11-22
11884,Mia Johnson,Online,Immediate,Online,Portland,2024-01-25
11885,Matthew Garcia,Online,Immediate,Online,Portland,2024-03-22
11886,Sarah Smith,Online,Immediate,Online,Portland,2025-04-09
11887,DAVID BROWN ,Online,Immediate,Online,Portland,2025-03-09
11888,Hannah Moore,Online,Immediate,Online,Seattle,2022-11-29
11889,Daniel Taylor,Online,Immediate,Online,Gresham,2025-06-27
11890,James Lee,Online,Immediate,Online,Seattle,2022-06-15
11891,David Taylor,Online,Immediate,Online,Portland,2024-02-29
11892,Noah Martin,Online,Immediate,Online, portland,2024-03-28
11893,DAVID JONES ,Online,Immediate,Online,Portland,2025-11-23
11894,Emma Jones,Online,Immediate,Online,Portland,2024-12-03
11895,ISABELLA THOMAS ,Online,Immediate,Online,Portland,2022-08-04
11896,Andrew Carter,Online,Immediate,Online,Portland,2024-05-18
11897,Joseph Smith,Online,Immediate,Online,Portland,2024-09-07
11898,Liam Brown,Online,Immediate,Online,Beaverton,2022-06-14
11899,Ethan Taylor,Online,Immediate,Online,Salem,2023-09-22
11900,Emma Kim,Online,Immediate,Online,Beaverton,2023-02-11
11901,Isabella Moore,Online,Immediate,Online,Portland,2025-04-07
11902,Ella Taylor,Online,Immediate,Online,Portland,2022-02-16
11903,Daniel Garcia,Online,Immediate,Online,Portland,2025-10-18
11904,Emily Miller,Online,Immediate,Online,Portland,2023-01-27
11905,Isabella Taylor,Online,Immediate,Online, portland,2025-05-18
11906,Lucas Kim,Online,Immediate,Online,Portland,2024-07-05
11907,AVA NGUYEN ,Online,Immediate,Online,Portland,2025-05-22
11908,Daniel Patel,Online,Immediate,Online,Portland,2023-03-12
11909,Emma Thomas,Online,Immediate,Online,Portland,2022-10-14
11910,Daniel Carter,Online,Immediate,Online,Salem,2023-03-05
11911,Sophia Miller,Online,Immediate,Online,Portland,2025-09-28
11912,James Brown,Online,Immediate,Online,Eugene,2022-02-28
11913,James Anderson,Online,Immediate,Online,Portland,2025-03-21
11914,ELLA GARCIA ,Online,Immediate,Online,Portland,2025-01-09
11915,Andrew Moore,Online,Immediate,Online,Portland,2022-12-22
11916,Ashley Smith,Online,Immediate,Online,Salem,2024-04-02
11917,Ashley Brown,Online,Immediate,Online,Portland,2022-08-25
11918,SOPHIA GARCIA ,Online,Immediate,Online,Portland,2023-04-16
11919,Ashley Davis,Online,Immediate,Online,Corvallis,2022-05-28
11920,David Garcia,Online,Immediate,Online,Portland,2024-12-31
11921,Noah Moore,Online,Immediate,Online,Portland,2023-03-30
11922,Andrew Davis,Online,Immediate,Online,Beaverton,2022-03-16
11923,Grace Brown,Online,Immediate,Online,Seattle,2023-06-22
11924,Sophia Taylor,Online,Immediate,Online,Gresham,2024-03-29
11925,James Wilson,Online,Immediate,Online,Portland,2025-08-01
11926,Liam Miller,Online,Immediate,Online, portland,2023-04-14
11927,Mia Jones,Online,Immediate,Online,Portland,2023-05-21
11928,Joseph Carter,Online,Immediate,Online,Eugene,2022-05-10
11929,Hannah Williams,Online,Immediate,Online,Portland,2023-08-22
11930,SARAH CARTER ,Online,Immediate,Online,Portland,2023-12-13
11931,Liam Anderson,Online,Immediate,Online,Tigard,2024-05-28
11932,Hannah Thomas,Online,Immediate,Online,Portland,2025-01-07
11933,Mason Davis,Online,Immediate,Online,Bend,2025-12-11
11934,James Garcia,Online,Immediate,Online, portland,2023-09-30
11935,Liam Wilson,Online,Immediate,Online,Portland,2024-05-23
11936,Sarah Williams,Online,Immediate,Online,Portland,2023-02-03
11937,JOSEPH WILLIAMS ,Online,Immediate,Online,Tigard,2023-03-22
11938,Hannah Martin,Online,Immediate,Online,Portland,2023-12-23
11939,Madison Nelson,Online,Immediate,Online,Salem,2023-09-30
11940,JOSEPH PATEL ,Online,Immediate,Online,Portland,2023-05-30
11941,Ella Wilson,Online,Immediate,Online, gresham,2022-03-26
11942,Michael Nelson,Online,Immediate,Online,Salem,2025-01-04
11943,William Kim,Online,Immediate,Online, portland,2022-10-31
11944,William Williams,Online,Immediate,Online,Portland,2024-08-03
11945,Michael Carter,Online,Immediate,Online,Portland,2024-04-01
11946,Chloe Wilson,Online,Immediate,Online,Gresham,2025-10-11
11947,James Jones,Online,Immediate,Online,Salem,2024-07-22
11948,MADISON TAYLOR ,Online,Immediate,Online,Portland,2022-05-01
11949,Noah Moore,Online,Immediate,Online,Portland,2024-02-13
11950,Jessica Kim,Online,Immediate,Online,Eugene,2024-01-17
11951,Sarah Williams,Online,Immediate,Online,Eugene,2023-08-31
11952,DAVID TAYLOR ,Online,Immediate,Online,Hillsboro,2025-07-02
11953,Robert Anderson,Online,Immediate,Online,Portland,2022-05-20
11954,JESSICA KIM ,Online,Immediate,Online,Portland,2025-04-06
11955,Mia Johnson,Online,Immediate,Online,Salem,2025-01-15
11956,Ethan Kim,Online,Immediate,Online,Portland,2024-10-13
11957,Andrew Smith,Online,Immediate,Online,Portland,2022-06-23
11958,WILLIAM SMITH ,Online,Immediate,Online,Salem,2022-07-10
11959,LUCAS THOMAS ,Online,Immediate,Online,Portland,2022-11-09
11960,SARAH MARTIN ,Online,Immediate,Online,Gresham,2024-06-16
11961,Ella Wilson,Online,Immediate,Online, portland,2022-10-21
11962,Mason Patel,Online,Immediate,Online,Portland,2024-11-18
11963,Mason Johnson,Online,Immediate,Online,Portland,2022-07-14
11964,David Thomas,Online,Immediate,Online, salem,2025-10-24
11965,David Anderson,Online,Immediate,Online,Vancouver,2025-04-18
11966,Sarah Nguyen,Online,Immediate,Online,Lake Oswego,2022-08-08
11967,Chloe Thomas,Online,Immediate,Online,Beaverton,2025-01-27
11968,ASHLEY KIM ,Online,Immediate,Online,Corvallis,2024-09-01
11969,Hannah Thomas,Online,Immediate,Online,Portland,2022-12-21
11970,Madison Nguyen,Online,Immediate,Online,Corvallis,2022-08-28
11971,Daniel Miller,Online,Immediate,Online,Portland,2025-11-18
11972,Mia Wilson,Online,Immediate,Online,Bend,2022-08-14
11973,MIA SMITH ,Online,Immediate,Online,Tigard,2024-04-08
11974,Ava Kim,Online,Immediate,Online,Vancouver,2024-01-20
11975,Chloe Nguyen,Online,Immediate,Online,Portland,2023-07-19
11976,David Brown,Online,Immediate,Online,Portland,2022-11-25
11977,Matthew Jones,Online,Immediate,Online,Portland,2022-03-22
11978,Liam Thomas,Online,Immediate,Online,Portland,2024-01-21
11979,Andrew Martin,Online,Immediate,Online,Portland,2022-11-24
11980,Grace Martin,Online,Immediate,Online,Seattle,2023-10-22
11981,Noah Taylor,Online,Immediate,Online,Corvallis,2024-09-26
11982,Andrew Lee,Online,Immediate,Online,Portland,2024-10-24
11983,Daniel Smith,Online,Immediate,Online,Beaverton,2024-07-20
11984,Ashley Kim,Online,Immediate,Online,Portland,2023-07-05
11985,Ella Lee,Online,Immediate,Online,Bend,2024-01-25
11986,DAVID TAYLOR ,Online,Immediate,Online,Portland,2022-08-19
11987,Emily Carter,Online,Immediate,Online,Portland,2022-11-20
11988,Liam Patel,Online,Immediate,Online,Portland,2024-04-25
11989,JOSEPH MOORE ,Online,Immediate,Online,Beaverton,2023-06-17
11990,Michael Jones,Online,Immediate,Online,Portland,2023-08-24
11991,Chloe Miller,Online,Immediate,Online,Lake Oswego,2022-12-16
11992,Andrew Smith,Online,Immediate,Online,Hillsboro,2025-12-28
11993,Hannah Nelson,Online,Immediate,Online,Hillsboro,2022-08-16
11994,Liam Davis,Online,Immediate,Online,Portland,2022-03-11
11995,Chloe Nelson,Online,Immediate,Online,Portland,2025-10-23
11996,Jessica Martin,Online,Immediate,Online,Portland,2025-12-20
11997,Michael Thomas,Online,Immediate,Online,Beaverton,2022-08-07
11998,Joseph Lee,Online,Immediate,Online,Portland,2022-09-01
11999,Mia Davis,Online,Immediate,Online,Portland,2025-01-21
12000,Ethan Jones,Online,Immediate,Online,Beaverton,2022-06-28
12001,Andrew Brown,Online,Immediate,Online,Portland,2022-01-02
12002,Lucas Wilson,Online,Immediate,Online,Portland,2025-08-31
12003,Hannah Johnson,Online,Immediate,Online,Tigard,2025-01-19
12004,Daniel Kim,Online,Immediate,Online,Portland,2024-07-14
12005,SOPHIA JONES ,Online,Immediate,Online,Tigard,2022-11-12
12006,DANIEL TAYLOR ,Online,Immediate,Online,Portland,2025-03-07
12007,Noah Anderson,Online,Immediate,Online,Corvallis,2023-12-14
12008,Mia Johnson,Online,Immediate,Online,Portland,2024-08-12
12009,Mia Wilson,Online,Immediate,Online,Portland,2023-11-05
12010,Matthew Moore,Online,Immediate,Online,Hillsboro,2022-12-31
12011,Robert Williams,Online,Immediate,Online,Portland,2023-01-14
12012,Jessica Jones,Online,Immediate,Online,Portland,2022-04-27
12013,Emily Smith,Online,Immediate,Online,Beaverton,2024-12-04
12014,William Wilson,Online,Immediate,Online, portland,2025-12-08
12015,Jessica Williams,Online,Immediate,Online,Tigard,2022-09-21
12016,Emma Brown,Online,Immediate,Online,Vancouver,2025-12-09
12017,Madison Patel,Online,Immediate,Online,Seattle,2025-03-30
12018,Robert Kim,Online,Immediate,Online,Beaverton,2025-09-28
12019,Christopher Brown,Online,Immediate,Online, portland,2024-08-22
12020,EMMA DAVIS ,Online,Immediate,Online,Vancouver,2022-07-22
12021,Isabella Lee,Online,Immediate,Online,Seattle,2023-01-16
12022,Joseph Smith,Online,Immediate,Online, seattle,2024-09-24
12023,Liam Lee,Online,Immediate,Online,Portland,2022-08-02
12024,ELLA CARTER ,Online,Immediate,Online,Portland,2025-07-22
12025,Ella Nguyen,Online,Immediate,Online,Portland,2023-09-07
12026,Daniel Martin,Online,Immediate,Online,Portland,2022-03-12
12027,Sarah Nguyen,Online,Immediate,Online,Portland,2024-07-24
12028,Emily Smith,Online,Immediate,Online,Eugene,2022-07-10
12029,Olivia Martin,Online,Immediate,Online, beaverton,2024-09-30
12030,Noah Moore,Online,Immediate,Online, portland,2022-06-07
12031,Mia Lee,Online,Immediate,Online,Bend,2023-10-17
12032,Chloe Kim,Online,Immediate,Online,Gresham,2024-04-27
12033,Ashley Martin,Online,Immediate,Online,Portland,2022-02-03
12034,Sophia Martin,Online,Immediate,Online,Portland,2022-09-16
12035,Robert Patel,Online,Immediate,Online,Portland,2024-01-27
12036,Grace Miller,Online,Immediate,Online,Portland,2024-12-22
12037,DAVID NELSON ,Online,Immediate,Online,Portland,2022-06-14
12038,Ava Thomas,Online,Immediate,Online,Lake Oswego,2023-01-27
12039,Matthew Williams,Online,Immediate,Online,Portland,2024-11-17
12040,AVA MOORE ,Online,Immediate,Online,Portland,2025-05-19
12041,Grace Smith,Online,Immediate,Online,Hillsboro,2024-12-20
12042,Christopher Smith,Online,Immediate,Online,Eugene,2024-09-26
12043,William Anderson,Online,Immediate,Online,Salem,2024-02-19
12044,Chloe Moore,Online,Immediate,Online,Eugene,2022-10-20
12045,Noah Johnson,Online,Immediate,Online, portland,2025-01-09
12046,Isabella Davis,Online,Immediate,Online,Portland,2024-07-18
12047,Isabella Jones,Online,Immediate,Online, beaverton,2024-10-07
12048,Madison Lee,Online,Immediate,Online,Portland,2024-03-26
12049,Sarah Martin,Online,Immediate,Online,Portland,2025-08-27
12050,Andrew Williams,Online,Immediate,Online, gresham,2024-10-08
12051,Joseph Lee,Online,Immediate,Online,Gresham,2023-10-31
12052,Christopher Anderson,Online,Immediate,Online,Bend,2024-01-22
12053,Chloe Taylor,Online,Immediate,Online,Tigard,2024-01-05
12054,Ethan Garcia,Online,Immediate,Online,Portland,2022-05-22
12055,Ethan Lee,Online,Immediate,Online,Portland,2024-04-16
12056,Christopher Davis,Online,Immediate,Online,Portland,2022-03-11
12057,MATTHEW TAYLOR ,Online,Immediate,Online,Bend,2023-06-22
12058,James Kim,Online,Immediate,Online,Portland,2022-07-10
12059,Emma Patel,Online,Immediate,Online,Portland,2022-02-15
12060,Ashley Moore,Online,Immediate,Online,Salem,2022-12-14
12061,Emily Anderson,Online,Immediate,Online,Vancouver,2025-09-05
12062,William Johnson,Online,Immediate,Online,Bend,2022-12-08
12063,Daniel Williams,Online,Immediate,Online,Beaverton,2025-09-10
12064,Sarah Wilson,Online,Immediate,Online,Portland,2022-02-03
12065,SOPHIA SMITH ,Online,Immediate,Online,Eugene,2025-05-17
12066,Jessica Wilson,Online,Immediate,Online,Vancouver,2025-01-05
12067,EMMA KIM ,Online,Immediate,Online, portland,2023-09-03
12068,Ashley Kim,Online,Immediate,Online,Beaverton,2023-02-14
12069,Jessica Miller,Online,Immediate,Online,Vancouver,2024-08-25
12070,Emily Brown,Online,Immediate,Online,Portland,2024-08-11
12071,Sarah Kim,Online,Immediate,Online,Portland,2022-04-22
12072,Jessica Nguyen,Online,Immediate,Online,Portland,2022-04-21
12073,Lucas Taylor,Online,Immediate,Online,Portland,2025-10-27
12074,Christopher Wilson,Online,Immediate,Online,Portland,2025-03-04
12075,Ethan Taylor,Online,Immediate,Online,Beaverton,2023-12-06
12076,Christopher Nguyen,Online,Immediate,Online,Salem,2025-03-04
12077,Olivia Garcia,Online,Immediate,Online,Lake Oswego,2025-07-13
12078,James Moore,Online,Immediate,Online, portland,2022-04-02
12079,Mason Lee,Online,Immediate,Online,Beaverton,2025-07-27
12080,Joseph Lee,Online,Immediate,Online,Portland,2024-10-14
12081,Olivia Taylor,Online,Immediate,Online,Seattle,2025-03-12
12082,Ella Williams,Online,Immediate,Online, portland,2023-05-10
12083,Sarah Martin,Online,Immediate,Online,Salem,2023-07-26
12084,Liam Smith,Online,Immediate,Online,Salem,2022-05-31
12085,Sophia Anderson,Online,Immediate,Online,Portland,2024-10-16
12086,Jessica Nguyen,Online,Immediate,Online,Portland,2023-09-05
12087,EMILY MOORE ,Online,Immediate,Online,Portland,2024-07-18
12088,LIAM MILLER ,Online,Immediate,Online,Bend,2024-05-13
12089,NOAH THOMAS ,Online,Immediate,Online,Gresham,2022-10-15
12090,Jessica Garcia,Online,Immediate,Online,Portland,2025-04-25
12091,Daniel Taylor,Online,Immediate,Online,Portland,2022-06-15
12092,Joseph Thomas,Online,Immediate,Online,Portland,2025-10-04
12093,Robert Miller,Online,Immediate,Online,Portland,2022-12-31
12094,DANIEL THOMAS ,Online,Immediate,Online,Portland,2022-12-24
12095,SOPHIA LEE ,Online,Immediate,Online,Portland,2023-11-19
12096,Grace Lee,Online,Immediate,Online, hillsboro,2025-12-21
12097,Ethan Garcia,Online,Immediate,Online,Portland,2023-09-26
12098,Emma Thomas,Online,Immediate,Online,Tigard,2024-10-26
12099,Ashley Wilson,Online,Immediate,Online,Portland,2024-08-29
12100,Emily Nelson,Online,Immediate,Online,Portland,2024-08-15
12101,Ashley Kim,Online,Immediate,Online,Gresham,2023-12-23
12102,Lucas Lee,Online,Immediate,Online,Gresham,2023-04-08
12103,Noah Nelson,Online,Immediate,Online, portland,2023-11-18
12104,Jessica Patel,Online,Immediate,Online,Portland,2024-01-02
12105,David Kim,Online,Immediate,Online,Portland,2022-07-08
12106,Madison Wilson,Online,Immediate,Online,Hillsboro,2025-07-31
12107,Madison Smith,Online,Immediate,Online,Portland,2022-06-06
12108,David Patel,Online,Immediate,Online,Salem,2025-11-08
12109,Chloe Brown,Online,Immediate,Online,Bend,2022-02-02
12110,Noah Patel,Online,Immediate,Online,Portland,2022-07-10
12111,Ethan Garcia,Online,Immediate,Online, hillsboro,2023-02-02
12112,Ashley Nguyen,Online,Immediate,Online,Portland,2025-11-29
12113,James Anderson,Online,Immediate,Online,Gresham,2023-09-01
12114,David Lee,Online,Immediate,Online,Portland,2022-12-23
12115,Ella Lee,Online,Immediate,Online,Portland,2022-06-21
12116,Madison Garcia,Online,Immediate,Online,Eugene,2025-02-19
12117,Liam Lee,Online,Immediate,Online,Seattle,2025-02-03
12118,Mason Wilson,Online,Immediate,Online,Portland,2024-06-14
12119,Madison Wilson,Online,Immediate,Online,Portland,2023-08-22
12120,James Williams,Online,Immediate,Online,Portland,2024-12-06
12121,Emma Wilson,Online,Immediate,Online, corvallis,2022-05-08
12122,GRACE SMITH ,Online,Immediate,Online,Bend,2024-11-06
12123,Robert Wilson,Online,Immediate,Online,Portland,2025-06-09
12124,ANDREW BROWN ,Online,Immediate,Online,Portland,2024-05-01
12125,Emily Moore,Online,Immediate,Online,Portland,2025-03-06
12126,Christopher Jones,Online,Immediate,Online,Hillsboro,2022-07-29
12127,Madison Anderson,Online,Immediate,Online,Portland,2023-09-07
12128,NOAH THOMAS ,Online,Immediate,Online,Portland,2022-08-28
12129,Madison Martin,Online,Immediate,Online,Corvallis,2023-02-06
12130,Noah Thomas,Online,Immediate,Online,Beaverton,2023-07-29
12131,Grace Brown,Online,Immediate,Online,Salem,2025-12-22
12132,OLIVIA THOMAS ,Online,Immediate,Online,Vancouver,2025-03-28
12133,Joseph Wilson,Online,Immediate,Online,Hillsboro,2025-01-21
12134,Emily Thomas,Online,Immediate,Online,Vancouver,2023-06-22
12135,Noah Smith,Online,Immediate,Online,Bend,2024-11-13
12136,Christopher Martin,Online,Immediate,Online,Portland,2025-05-09
12137,Joseph Nelson,Online,Immediate,Online,Portland,2024-01-20
12138,James Martin,Online,Immediate,Online,Vancouver,2025-11-09
12139,Christopher Thomas,Online,Immediate,Online,Gresham,2025-08-27
12140,Noah Carter,Online,Immediate,Online,Portland,2025-08-30
12141,Ashley Brown,Online,Immediate,Online,Salem,2024-07-24
12142,Emily Nelson,Online,Immediate,Online,Seattle,2022-09-25
12143,Matthew Miller,Online,Immediate,Online,Gresham,2023-09-10
12144,David Williams,Online,Immediate,Online,Tigard,2022-03-12
12145,Liam Moore,Online,Immediate,Online,Bend,2025-04-25
12146,Emma Brown,Online,Immediate,Online,Portland,2022-01-10
12147,Hannah Miller,Online,Immediate,Online,Gresham,2025-04-16
12148,Lucas Williams,Online,Immediate,Online,Hillsboro,2025-09-09
12149,Christopher Anderson,Online,Immediate,Online,Corvallis,2023-08-17
12150,Hannah Brown,Online,Immediate,Online,Portland,2025-07-04
12151,Jessica Martin,Online,Immediate,Online,Portland,2025-06-16
12152,Jessica Johnson,Online,Immediate,Online,Portland,2025-12-29
12153,MADISON WILSON ,Online,Immediate,Online,Eugene,2022-08-15
12154,William Kim,Online,Immediate,Online,Portland,2023-11-28
12155,James Jones,Online,Immediate,Online, portland,2024-01-25
12156,Lucas Wilson,Online,Immediate,Online,Salem,2022-08-06
12157,Michael Miller,Online,Immediate,Online,Portland,2022-01-01
12158,Hannah Smith,Online,Immediate,Online, portland,2024-05-21
12159,Jessica Nguyen,Online,Immediate,Online, portland,2025-02-13
12160,Mia Davis,Online,Immediate,Online,Bend,2024-08-10
12161,ISABELLA MILLER ,Online,Immediate,Online,Portland,2025-04-22
12162,EMILY JOHNSON ,Online,Immediate,Online,Portland,2022-05-13
12163,Liam Lee,Online,Immediate,Online,Portland,2025-06-16
12164,Hannah Anderson,Online,Immediate,Online,Portland,2022-07-01
12165,James Lee,Online,Immediate,Online,Corvallis,2022-05-20
12166,Mia Smith,Online,Immediate,Online,Portland,2024-06-27
12167,Ethan Johnson,Online,Immediate,Online,Corvallis,2023-09-13
12168,Christopher Smith,Online,Immediate,Online,Seattle,2025-04-15
12169,William Lee,Online,Immediate,Online,Portland,2022-10-27
12170,Lucas Patel,Online,Immediate,Online,Portland,2024-05-06
12171,Christopher Williams,Online,Immediate,Online,Portland,2023-08-10
12172,Liam Kim,Online,Immediate,Online,Bend,2023-12-10
12173,Ethan Jones,Online,Immediate,Online,Beaverton,2023-10-12
12174,Ashley Thomas,Online,Immediate,Online,Portland,2023-10-13
12175,Sarah Lee,Online,Immediate,Online,Vancouver,2024-08-17
12176,Christopher Davis,Online,Immediate,Online,Eugene,2023-11-10
12177,Liam Jones,Online,Immediate,Online,Corvallis,2025-09-19
12178,Ashley Smith,Online,Immediate,Online,Portland,2022-07-14
12179,Mason Miller,Online,Immediate,Online,Portland,2025-04-17
12180,Christopher Moore,Online,Immediate,Online,Seattle,2022-10-12
12181,Daniel Brown,Online,Immediate,Online,Portland,2023-05-23
12182,Noah Davis,Online,Immediate,Online,Beaverton,2023-01-05
12183,MICHAEL JONES ,Online,Immediate,Online,Portland,2025-02-12
12184,Sarah Kim,Online,Immediate,Online,Portland,2025-02-22
12185,Mason Williams,Online,Immediate,Online,Hillsboro,2023-06-04
12186,Grace Brown,Online,Immediate,Online,Portland,2022-04-16
12187,Christopher Jones,Online,Immediate,Online, gresham,2022-01-06
12188,Robert Williams,Online,Immediate,Online,Lake Oswego,2024-04-12
12189,Sophia Johnson,Online,Immediate,Online,Lake Oswego,2022-01-03
12190,Sophia Williams,Online,Immediate,Online,Eugene,2024-02-12
12191,Andrew Smith,Online,Immediate,Online,Eugene,2024-04-09
12192,Noah Johnson,Online,Immediate,Online,Hillsboro,2025-05-11
12193,William Patel,Online,Immediate,Online,Portland,2024-11-12
12194,Grace Smith,Online,Immediate,Online,Portland,2022-12-05
12195,MADISON NELSON ,Online,Immediate,Online,Corvallis,2025-12-11
12196,David Lee,Online,Immediate,Online,Eugene,2023-05-26
12197,Chloe Taylor,Online,Immediate,Online, portland,2024-02-11
12198,Olivia Martin,Online,Immediate,Online,Portland,2023-09-17
12199,Lucas Davis,Online,Immediate,Online, portland,2023-08-26
12200,Emily Kim,Online,Immediate,Online, portland,2022-11-10
12201,Ella Kim,Online,Immediate,Online,Beaverton,2025-10-20
12202,WILLIAM LEE ,Online,Immediate,Online,Portland,2025-05-22
12203,Ashley Carter,Online,Immediate,Online,Portland,2025-07-16
12204,William Garcia,Online,Immediate,Online, portland,2025-10-27
12205,Ethan Brown,Online,Immediate,Online,Portland,2024-10-26
12206,Hannah Jones,Online,Immediate,Online, eugene,2023-07-22
12207,Joseph Carter,Online,Immediate,Online,Portland,2023-02-23
12208,William Nguyen,Online,Immediate,Online,Portland,2025-11-25
12209,Andrew Carter,Online,Immediate,Online,Portland,2024-02-17
12210,William Carter,Online,Immediate,Online,Vancouver,2022-06-22
12211,Hannah Davis,Online,Immediate,Online,Portland,2023-10-04
12212,Emily Thomas,Online,Immediate,Online,Portland,2022-03-06
12213,HANNAH JOHNSON ,Online,Immediate,Online,Gresham,2022-08-01
12214,David Miller,Online,Immediate,Online,Portland,2022-09-22
12215,William Miller,Online,Immediate,Online,Portland,2023-01-10
12216,Olivia Anderson,Online,Immediate,Online,Corvallis,2023-02-06
12217,Emily Taylor,Online,Immediate,Online,Portland,2022-05-04
12218,Ethan Miller,Online,Immediate,Online,Seattle,2024-04-25
12219,Daniel Martin,Online,Immediate,Online,Hillsboro,2025-06-04
12220,Ashley Brown,Online,Immediate,Online,Portland,2022-12-03
12221,Emma Smith,Online,Immediate,Online,Portland,2024-02-02
12222,Noah Thomas,Online,Immediate,Online,Gresham,2022-06-20
12223,Olivia Williams,Online,Immediate,Online,Vancouver,2024-05-30
12224,James Anderson,Online,Immediate,Online, portland,2022-11-11
12225,Matthew Kim,Online,Immediate,Online,Portland,2022-07-11
12226,James Wilson,Online,Immediate,Online,Salem,2025-01-28
12227,DANIEL NGUYEN ,Online,Immediate,Online, portland,2024-10-22
12228,DAVID BROWN ,Online,Immediate,Online,Portland,2024-02-13
12229,Emma Carter,Online,Immediate,Online,Portland,2022-09-22
12230,Ella Thomas,Online,Immediate,Online,Portland,2024-11-30
12231,Jessica Johnson,Online,Immediate,Online,Portland,2023-03-26
12232,Emma Brown,Online,Immediate,Online,Portland,2025-06-22
12233,Sophia Davis,Online,Immediate,Online,Bend,2024-02-03
12234,Andrew Kim,Online,Immediate,Online,Portland,2025-07-30
12235,Daniel Nguyen,Online,Immediate,Online,Portland,2025-07-20
12236,Grace Anderson,Online,Immediate,Online,Hillsboro,2023-04-14
12237,Sophia Jones,Online,Immediate,Online,Portland,2022-01-08
12238,Olivia Williams,Online,Immediate,Online,Portland,2022-12-30
12239,William Nelson,Online,Immediate,Online,Portland,2024-06-28
12240,Grace Johnson,Online,Immediate,Online,Portland,2024-10-15
12241,Mia Nguyen,Online,Immediate,Online,Portland,2022-08-15
12242,Emily Thomas,Online,Immediate,Online,Portland,2024-02-14
12243,Joseph Lee,Online,Immediate,Online,Corvallis,2022-04-17
12244,Liam Moore,Online,Immediate,Online,Portland,2024-01-19
12245,Chloe Williams,Online,Immediate,Online,Portland,2024-05-18
12246,JESSICA ANDERSON ,Online,Immediate,Online, portland,2022-09-07
12247,SARAH GARCIA ,Online,Immediate,Online, portland,2025-01-06
12248,Matthew Brown,Online,Immediate,Online,Portland,2023-10-27
12249,Robert Patel,Online,Immediate,Online,Portland,2025-12-13
12250,Ethan Johnson,Online,Immediate,Online,Beaverton,2024-12-09
12251,MASON SMITH ,Online,Immediate,Online,Portland,2023-08-19
12252,Sophia Lee,Online,Immediate,Online,Portland,2024-08-28
12253,Isabella Brown,Online,Immediate,Online, eugene,2024-07-10
12254,Sarah Patel,Online,Immediate,Online,Lake Oswego,2022-05-29
12255,David Jones,Online,Immediate,Online,Hillsboro,2025-04-07
12256,James Davis,Online,Immediate,Online,Bend,2022-06-03
12257,Grace Davis,Online,Immediate,Online,Portland,2025-02-05
12258,Ethan Brown,Online,Immediate,Online,Bend,2022-11-28
12259,Ella Miller,Online,Immediate,Online,Portland,2023-02-10
12260,Ava Moore,Online,Immediate,Online,Portland,2022-12-16
12261,Isabella Anderson,Online,Immediate,Online,Portland,2025-11-16
12262,ASHLEY LEE ,Online,Immediate,Online,Portland,2025-03-13
12263,Christopher Johnson,Online,Immediate,Online,Beaverton,2023-08-26
12264,Grace Nguyen,Online,Immediate,Online, portland,2025-07-21
12265,Ava Nguyen,Online,Immediate,Online,Tigard,2022-06-20
12266,Robert Thomas,Online,Immediate,Online, portland,2024-10-25
12267,Robert Jones,Online,Immediate,Online,Portland,2023-03-09
12268,Emma Nelson,Online,Immediate,Online, salem,2022-05-09
12269,MICHAEL DAVIS ,Online,Immediate,Online,Portland,2023-04-25
12270,Emma Patel,Online,Immediate,Online,Salem,2023-10-02
12271,Daniel Smith,Online,Immediate,Online,Portland,2022-03-15
12272,Jessica Taylor,Online,Immediate,Online,Portland,2024-02-04
12273,MATTHEW MILLER ,Online,Immediate,Online,Portland,2025-04-14
12274,James Carter,Online,Immediate,Online,Salem,2023-09-26
12275,Matthew Garcia,Online,Immediate,Online,Portland,2022-01-12
12276,Emily Lee,Online,Immediate,Online,Portland,2023-10-01
12277,Ava Nguyen,Online,Immediate,Online,Portland,2025-01-26
12278,Ella Smith,Online,Immediate,Online,Portland,2024-12-19
12279,Emma Lee,Online,Immediate,Online,Eugene,2023-01-01
12280,Hannah Wilson,Online,Immediate,Online,Portland,2023-08-06
12281,Mason Nelson,Online,Immediate,Online,Portland,2024-06-07
12282,Liam Taylor,Online,Immediate,Online,Hillsboro,2025-08-13
12283,Ashley Garcia,Online,Immediate,Online,Hillsboro,2023-03-18
12284,DANIEL MARTIN ,Online,Immediate,Online,Portland,2023-07-15
12285,MATTHEW NGUYEN ,Online,Immediate,Online,Portland,2024-08-02
12286,Emma Carter,Online,Immediate,Online,Portland,2023-12-09
12287,Liam Garcia,Online,Immediate,Online,Portland,2025-12-29
12288,Mia Moore,Online,Immediate,Online,Portland,2025-12-03
12289,Madison Patel,Online,Immediate,Online,Corvallis,2025-12-13
12290,MIA WILSON ,Online,Immediate,Online,Eugene,2025-10-16
12291,Lucas Kim,Online,Immediate,Online,Eugene,2023-04-24
12292,David Brown,Online,Immediate,Online, corvallis,2023-09-03
12293,Grace Davis,Online,Immediate,Online, portland,2024-01-16
12294,Chloe Nelson,Online,Immediate,Online,Portland,2025-11-04
12295,Emma Garcia,Online,Immediate,Online,Portland,2023-12-13
12296,ETHAN WILLIAMS ,Online,Immediate,Online,Portland,2025-03-02
12297,Ella Anderson,Online,Immediate,Online,Eugene,2025-03-26
12298,Sophia Taylor,Online,Immediate,Online,Hillsboro,2025-03-01
12299,Olivia Brown,Online,Immediate,Online,Vancouver,2024-09-16
12300,Mia Jones,Online,Immediate,Online,Tigard,2022-06-22
12301,Ava Brown,Online,Immediate,Online,Corvallis,2023-09-05
12302,Olivia Patel,Online,Immediate,Online,Portland,2024-02-17
12303,Michael Taylor,Online,Immediate,Online,Salem,2024-10-30
12304,David Jones,Online,Immediate,Online,Portland,2023-08-02
12305,Sophia Brown,Online,Immediate,Online,Portland,2023-10-14
12306,Mason Jones,Online,Immediate,Online,Eugene,2023-10-16
12307,Robert Davis,Online,Immediate,Online,Beaverton,2024-06-27
12308,Lucas Carter,Online,Immediate,Online,Corvallis,2022-12-30
12309,Mia Williams,Online,Immediate,Online,Portland,2024-03-01
12310,ASHLEY GARCIA ,Online,Immediate,Online,Portland,2022-06-01
12311,Michael Smith,Online,Immediate,Online,Portland,2022-02-24
12312,Daniel Davis,Online,Immediate,Online,Beaverton,2023-12-29
12313,Ava Davis,Online,Immediate,Online,Portland,2023-07-26
12314,Liam Taylor,Online,Immediate,Online,Portland,2024-01-28
12315,Ava Davis,Online,Immediate,Online,Portland,2023-09-23
12316,Liam Lee,Online,Immediate,Online,Portland,2025-08-08
12317,Sophia Williams,Online,Immediate,Online,Portland,2022-08-11
12318,David Smith,Online,Immediate,Online,Salem,2022-11-18
12319,Matthew Taylor,Online,Immediate,Online,Beaverton,2022-06-26
12320,Emily Thomas,Online,Immediate,Online,Portland,2024-02-17
12321,Mia Kim,Online,Immediate,Online,Bend,2024-07-17
12322,David Miller,Online,Immediate,Online,Beaverton,2024-09-11
12323,Jessica Nelson,Online,Immediate,Online,Portland,2023-08-27
12324,William Jones,Online,Immediate,Online,Vancouver,2024-07-01
12325,Grace Miller,Online,Immediate,Online, portland,2022-06-03
12326,Andrew Williams,Online,Immediate,Online,Beaverton,2025-11-06
12327,Matthew Carter,Online,Immediate,Online,Portland,2025-01-19
12328,David Lee,Online,Immediate,Online,Seattle,2024-02-07
12329,Michael Carter,Online,Immediate,Online,Bend,2025-06-21
12330,Christopher Taylor,Online,Immediate,Online,Portland,2025-12-26
12331,Sophia Nelson,Online,Immediate,Online,Lake Oswego,2023-03-30
12332,Joseph Taylor,Online,Immediate,Online,Salem,2025-01-02
12333,MADISON SMITH ,Online,Immediate,Online,Portland,2023-02-26
12334,Emily Patel,Online,Immediate,Online,Portland,2023-08-14
12335,Emily Taylor,Online,Immediate,Online,Portland,2025-10-29
12336,SARAH PATEL ,Online,Immediate,Online,Portland,2024-03-13
12337,Mason Wilson,Online,Immediate,Online,Portland,2024-06-17
12338,Ella Johnson,Online,Immediate,Online,Portland,2022-01-30
12339,Hannah Taylor,Online,Immediate,Online,Portland,2023-06-11
12340,CHLOE THOMAS ,Online,Immediate,Online,Tigard,2023-01-07
12341,DAVID NGUYEN ,Online,Immediate,Online,Bend,2024-07-30
12342,Noah Taylor,Online,Immediate,Online, tigard,2024-02-07
12343,Isabella Smith,Online,Immediate,Online,Salem,2024-09-09
12344,Sarah Brown,Online,Immediate,Online,Beaverton,2023-01-29
12345,Madison Nelson,Online,Immediate,Online,Portland,2022-06-25
12346,Joseph Nguyen,Online,Immediate,Online,Portland,2023-05-31
12347,Jessica Lee,Online,Immediate,Online,Portland,2022-08-01
12348,Mia Taylor,Online,Immediate,Online,Portland,2024-11-13
12349,Jessica Taylor,Online,Immediate,Online,Bend,2022-02-07
12350,Ella Patel,Online,Immediate,Online,Portland,2023-06-24
12351,MICHAEL JONES ,Online,Immediate,Online,Portland,2023-01-02
12352,Ava Lee,Online,Immediate,Online,Beaverton,2023-01-06
12353,Sophia Moore,Online,Immediate,Online,Eugene,2025-05-29
12354,Ashley Wilson,Online,Immediate,Online,Beaverton,2023-07-30
12355,Ashley Thomas,Online,Immediate,Online,Portland,2024-06-30
12356,Chloe Miller,Online,Immediate,Online,Portland,2025-06-23
12357,JOSEPH MARTIN ,Online,Immediate,Online, gresham,2023-08-28
12358,Daniel Davis,Online,Immediate,Online, corvallis,2025-05-31
12359,Andrew Jones,Online,Immediate,Online,Portland,2025-10-17
12360,Hannah Miller,Online,Immediate,Online,Portland,2023-07-07
12361,Matthew Nguyen,Online,Immediate,Online,Beaverton,2022-08-18
12362,Ashley Jones,Online,Immediate,Online,Portland,2023-03-02
12363,MATTHEW THOMAS ,Online,Immediate,Online,Portland,2024-09-18
12364,Ashley Brown,Online,Immediate,Online,Portland,2023-04-01
12365,Noah Jones,Online,Immediate,Online,Portland,2024-10-25
12366,Ava Taylor,Online,Immediate,Online,Portland,2022-09-29
12367,Emma Jones,Online,Immediate,Online, salem,2024-11-30
12368,Michael Miller,Online,Immediate,Online,Hillsboro,2022-10-28
12369,Emma Davis,Online,Immediate,Online,Hillsboro,2024-12-16
12370,Robert Nguyen,Online,Immediate,Online,Portland,2022-06-08
12371,ANDREW CARTER ,Online,Immediate,Online,Portland,2023-01-23
12372,Christopher Anderson,Online,Immediate,Online,Hillsboro,2022-08-22
12373,Isabella Miller,Online,Immediate,Online,Beaverton,2024-04-27
12374,Madison Garcia,Online,Immediate,Online,Portland,2023-07-21
12375,Daniel Taylor,Online,Immediate,Online, portland,2025-02-12
12376,Robert Miller,Online,Immediate,Online,Portland,2025-12-24
12377,Isabella Patel,Online,Immediate,Online,Seattle,2025-09-12
12378,Michael Williams,Online,Immediate,Online,Portland,2024-08-05
12379,Michael Williams,Online,Immediate,Online,Portland,2025-03-03
12380,Joseph Jones,Online,Immediate,Online,Portland,2025-04-04
12381,Ashley Wilson,Online,Immediate,Online, portland,2025-10-09
12382,Ella Nelson,Online,Immediate,Online,Portland,2022-06-29
12383,WILLIAM PATEL ,Online,Immediate,Online,Portland,2024-12-19
12384,Hannah Patel,Online,Immediate,Online,Portland,2023-02-26
12385,Olivia Jones,Online,Immediate,Online,Lake Oswego,2022-10-29
12386,CHRISTOPHER MARTIN ,Online,Immediate,Online,Beaverton,2022-07-10
12387,MASON NGUYEN ,Online,Immediate,Online,Vancouver,2022-05-28
12388,Matthew Taylor,Online,Immediate,Online,Eugene,2023-07-20
12389,Noah Nelson,Online,Immediate,Online,Salem,2023-10-22
12390,Hannah Lee,Online,Immediate,Online,Portland,2025-04-23
12391,Noah Nelson,Online,Immediate,Online,Eugene,2024-01-14
12392,Mia Kim,Online,Immediate,Online,Portland,2025-06-22
12393,JAMES NGUYEN ,Online,Immediate,Online,Gresham,2022-10-14
12394,Emily Patel,Online,Immediate,Online,Gresham,2024-07-29
12395,Lucas Patel,Online,Immediate,Online,Portland,2024-05-07
12396,Madison Carter,Online,Immediate,Online,Portland,2023-11-10
12397,Jessica Nelson,Online,Immediate,Online,Portland,2023-02-11
12398,Chloe Moore,Online,Immediate,Online,Portland,2022-04-29
12399,Ashley Brown,Online,Immediate,Online,Portland,2022-07-19
12400,Robert Jones,Online,Immediate,Online,Seattle,2024-07-21
12401,Olivia Thomas,Online,Immediate,Online, portland,2025-03-14
12402,Sarah Smith,Online,Immediate,Online,Hillsboro,2024-08-31
12403,Michael Davis,Online,Immediate,Online,Portland,2023-08-01
12404,Olivia Nguyen,Online,Immediate,Online,Seattle,2023-09-13
12405,DANIEL TAYLOR ,Online,Immediate,Online,Portland,2024-08-27
12406,AVA NGUYEN ,Online,Immediate,Online,Lake Oswego,2022-01-21
12407,Olivia Garcia,Online,Immediate,Online,Salem,2023-02-23
12408,Emma Taylor,Online,Immediate,Online,Seattle,2022-02-02
12409,Sophia Johnson,Online,Immediate,Online,Portland,2025-10-01
12410,Lucas Lee,Online,Immediate,Online,Portland,2023-02-09
12411,Ethan Nelson,Online,Immediate,Online, hillsboro,2025-10-08
12412,Lucas Lee,Online,Immediate,Online,Portland,2024-07-11
12413,Joseph Anderson,Online,Immediate,Online,Portland,2024-04-17
12414,Andrew Williams,Online,Immediate,Online,Gresham,2025-07-29
12415,Ethan Brown,Online,Immediate,Online,Portland,2022-05-14
12416,SARAH DAVIS ,Online,Immediate,Online,Beaverton,2025-01-30
12417,CHLOE ANDERSON ,Online,Immediate,Online,Portland,2023-09-27
12418,Grace Kim,Online,Immediate,Online,Portland,2023-09-08
12419,Hannah Patel,Online,Immediate,Online,Bend,2023-08-28
12420,Robert Lee,Online,Immediate,Online,Portland,2024-02-08
12421,Sarah Wilson,Online,Immediate,Online,Portland,2022-09-21
12422,William Davis,Online,Immediate,Online,Portland,2024-02-17
12423,Mason Carter,Online,Immediate,Online, portland,2022-05-07
12424,Robert Patel,Online,Immediate,Online,Portland,2025-11-04
12425,Olivia Taylor,Online,Immediate,Online,Gresham,2025-02-11
12426,MATTHEW TAYLOR ,Online,Immediate,Online,Tigard,2022-10-08
12427,Michael Thomas,Online,Immediate,Online,Portland,2022-03-21
12428,Lucas Brown,Online,Immediate,Online, portland,2022-04-03
12429,William Nguyen,Online,Immediate,Online,Portland,2024-10-08
12430,Daniel Kim,Online,Immediate,Online,Portland,2025-08-02
12431,MADISON MILLER ,Online,Immediate,Online, portland,2022-11-08
12432,Andrew Martin,Online,Immediate,Online,Portland,2022-08-21
12433,Ethan Kim,Online,Immediate,Online, hillsboro,2024-10-06
12434,Christopher Thomas,Online,Immediate,Online,Seattle,2025-04-20
12435,Robert Smith,Online,Immediate,Online,Portland,2025-09-23
12436,Joseph Anderson,Online,Immediate,Online,Bend,2024-08-17
12437,Christopher Lee,Online,Immediate,Online,Beaverton,2025-05-09
12438,Emma Patel,Online,Immediate,Online,Portland,2025-06-27
12439,Sophia Wilson,Online,Immediate,Online, portland,2022-10-03
12440,Joseph Martin,Online,Immediate,Online,Gresham,2023-01-19
12441,Liam Martin,Online,Immediate,Online,Salem,2024-11-28
12442,Sarah Anderson,Online,Immediate,Online,Portland,2023-11-03
12443,Mason Nelson,Online,Immediate,Online,Portland,2024-08-31
12444,Sophia Wilson,Online,Immediate,Online,Portland,2024-04-14
12445,Mason Wilson,Online,Immediate,Online,Beaverton,2022-12-28
12446,Madison Lee,Online,Immediate,Online,Corvallis,2022-10-01
12447,Jessica Miller,Online,Immediate,Online,Hillsboro,2025-06-28
12448,Andrew Smith,Online,Immediate,Online,Portland,2024-10-06
12449,SARAH BROWN ,Online,Immediate,Online,Portland,2022-06-24
12450,Christopher Williams,Online,Immediate,Online,Eugene,2025-05-11
12451,Emily Taylor,Online,Immediate,Online,Beaverton,2022-09-25
12452,James Patel,Online,Immediate,Online,Lake Oswego,2022-11-05
12453,Chloe Williams,Online,Immediate,Online,Portland,2025-07-12
12454,Mia Taylor,Online,Immediate,Online, portland,2023-04-28
12455,AVA WILSON ,Online,Immediate,Online,Beaverton,2022-05-16
12456,James Jones,Online,Immediate,Online,Vancouver,2022-05-21
12457,Emily Davis,Online,Immediate,Online,Bend,2025-06-15
12458,Madison Brown,Online,Immediate,Online,Salem,2024-08-23
12459,Emily Nguyen,Online,Immediate,Online,Portland,2023-08-13
12460,Hannah Moore,Online,Immediate,Online,Portland,2022-11-29
12461,Liam Miller,Online,Immediate,Online,Portland,2025-02-11
12462,James Smith,Online,Immediate,Online, portland,2025-09-17
12463,CHRISTOPHER TAYLOR ,Online,Immediate,Online,Portland,2025-10-25
12464,NOAH LEE ,Online,Immediate,Online,Lake Oswego,2022-06-29
12465,Emily Carter,Online,Immediate,Online,Vancouver,2024-03-31
12466,Ashley Moore,Online,Immediate,Online, portland,2023-03-21
12467,Mason Miller,Online,Immediate,Online,Salem,2025-08-13
12468,James Nguyen,Online,Immediate,Online,Salem,2024-07-20
12469,MADISON ANDERSON ,Online,Immediate,Online,Bend,2022-12-29
12470,Robert Williams,Online,Immediate,Online,Eugene,2024-01-16
12471,Emily Williams,Online,Immediate,Online,Eugene,2024-09-11
12472,Emily Nguyen,Online,Immediate,Online,Portland,2025-01-22
12473,Madison Wilson,Online,Immediate,Online,Portland,2022-11-10
12474,Matthew Taylor,Online,Immediate,Online, corvallis,2024-12-19
12475,Ella Nguyen,Online,Immediate,Online,Salem,2024-04-17
12476,Lucas Jones,Online,Immediate,Online,Portland,2023-04-10
12477,Noah Taylor,Online,Immediate,Online,Gresham,2025-02-22
12478,WILLIAM WILLIAMS ,Online,Immediate,Online,Portland,2025-04-12
12479,Michael Taylor,Online,Immediate,Online,Portland,2025-02-22
12480,Daniel Wilson,Online,Immediate,Online,Beaverton,2025-05-27
12481,James Garcia,Online,Immediate,Online,Gresham,2023-06-02
12482,David Garcia,Online,Immediate,Online,Beaverton,2025-11-09
12483,Ella Smith,Online,Immediate,Online,Portland,2022-06-22
12484,Daniel Martin,Online,Immediate,Online,Beaverton,2022-02-26
12485,ELLA JOHNSON ,Online,Immediate,Online,Seattle,2022-02-20
12486,Hannah Anderson,Online,Immediate,Online, portland,2024-08-12
12487,Olivia Moore,Online,Immediate,Online,Portland,2023-08-26
12488,Christopher Jones,Online,Immediate,Online,Portland,2025-03-08
12489,SOPHIA MILLER ,Online,Immediate,Online,Portland,2022-05-02
12490,Andrew Miller,Online,Immediate,Online,Gresham,2024-02-12
12491,Ella Patel,Online,Immediate,Online,Corvallis,2022-01-18
12492,Lucas Martin,Online,Immediate,Online,Bend,2025-04-15
12493,Sophia Nelson,Online,Immediate,Online,Salem,2023-11-08
12494,Noah Thomas,Online,Immediate,Online,Seattle,2024-08-05
12495,Chloe Wilson,Online,Immediate,Online,Beaverton,2024-02-14
12496,JOSEPH ANDERSON ,Online,Immediate,Online,Hillsboro,2025-03-13
12497,ETHAN PATEL ,Online,Immediate,Online,Portland,2024-08-08
12498,James Carter,Online,Immediate,Online,Portland,2025-10-28
12499,Matthew Nguyen,Online,Immediate,Online,Portland,2022-11-05
12500,ETHAN ANDERSON ,Online,Immediate,Online,Portland,2023-06-25
12501,William Moore,Online,Immediate,Online,Portland,2022-01-08
12502,Olivia Carter,Online,Immediate,Online,Portland,2025-11-03
12503,Robert Thomas,Online,Immediate,Online, beaverton,2024-04-04
12504,Emma Taylor,Online,Immediate,Online,Portland,2025-10-19
12505,HANNAH MARTIN ,Online,Immediate,Online,Portland,2022-07-28
12506,Mia Carter,Online,Immediate,Online,Portland,2024-09-27
12507,William Thomas,Online,Immediate,Online,Gresham,2022-11-14
12508,Liam Williams,Online,Immediate,Online,Portland,2024-11-25
12509,Andrew Anderson,Online,Immediate,Online,Portland,2022-11-30
12510,Daniel Williams,Online,Immediate,Online,Portland,2022-08-28
12511,James Kim,Online,Immediate,Online,Beaverton,2025-11-18
12512,William Johnson,Online,Immediate,Online,Portland,2022-06-12
12513,Liam Nguyen,Online,Immediate,Online,Portland,2024-12-04
12514,Emily Williams,Online,Immediate,Online,Portland,2022-10-26
12515,Christopher Anderson,Online,Immediate,Online,Portland,2022-05-22
12516,NOAH NGUYEN ,Online,Immediate,Online,Portland,2024-02-11
12517,Michael Brown,Online,Immediate,Online,Beaverton,2022-06-25
12518,Matthew Taylor,Online,Immediate,Online,Hillsboro,2024-02-15
12519,ISABELLA WILSON ,Online,Immediate,Online,Portland,2023-12-28
12520,Emily Carter,Online,Immediate,Online,Vancouver,2025-04-14
12521,SARAH CARTER ,Online,Immediate,Online,Portland,2024-08-12
12522,David Smith,Online,Immediate,Online,Portland,2022-02-27
12523,Liam Nguyen,Online,Immediate,Online,Hillsboro,2025-09-14
12524,Madison Lee,Online,Immediate,Online,Portland,2022-09-02
12525,Ava Smith,Online,Immediate,Online,Lake Oswego,2022-05-07
12526,Ashley Williams,Online,Immediate,Online,Portland,2023-06-11
12527,Sophia Patel,Online,Immediate,Online,Portland,2022-06-16
12528,Ashley Martin,Online,Immediate,Online,Gresham,2025-12-10
12529,Christopher Nguyen,Online,Immediate,Online,Beaverton,2024-02-19
12530,Lucas Brown,Online,Immediate,Online,Portland,2025-08-13
12531,Hannah Jones,Online,Immediate,Online,Portland,2025-07-17
12532,Sarah Martin,Online,Immediate,Online,Portland,2025-05-18
12533,Noah Johnson,Online,Immediate,Online,Portland,2025-02-26
12534,Madison Johnson,Online,Immediate,Online,Seattle,2025-12-29
12535,Madison Jones,Online,Immediate,Online,Portland,2024-05-27
12536,Lucas Brown,Online,Immediate,Online,Portland,2025-09-20
12537,Sophia Miller,Online,Immediate,Online,Portland,2023-07-15
12538,Noah Nguyen,Online,Immediate,Online,Portland,2025-01-04
12539,Noah Johnson,Online,Immediate,Online,Portland,2022-03-10
12540,Ava Johnson,Online,Immediate,Online,Gresham,2025-11-08
12541,Isabella Carter,Online,Immediate,Online,Corvallis,2023-10-22
12542,Olivia Miller,Online,Immediate,Online,Portland,2024-12-28
12543,Liam Smith,Online,Immediate,Online,Hillsboro,2024-02-07
12544,NOAH CARTER ,Online,Immediate,Online,Hillsboro,2022-02-13
12545,William Martin,Online,Immediate,Online,Vancouver,2022-11-02
12546,Chloe Smith,Online,Immediate,Online,Portland,2022-01-24
12547,Ava Carter,Online,Immediate,Online,Portland,2025-02-08
12548,Lucas Lee,Online,Immediate,Online,Portland,2022-09-04
12549,Ava Williams,Online,Immediate,Online,Portland,2024-04-16
12550,Jessica Smith,Online,Immediate,Online,Portland,2022-06-21
12551,Jessica Garcia,Online,Immediate,Online,Portland,2024-11-23
12552,Emma Patel,Online,Immediate,Online,Portland,2025-06-20
12553,Andrew Lee,Online,Immediate,Online,Hillsboro,2024-05-23
12554,Matthew Taylor,Online,Immediate,Online,Portland,2024-03-07
12555,Robert Smith,Online,Immediate,Online,Bend,2024-10-14
12556,Hannah Kim,Online,Immediate,Online,Gresham,2022-09-29
12557,Hannah Miller,Online,Immediate,Online,Salem,2025-02-01
12558,Chloe Smith,Online,Immediate,Online,Portland,2024-03-09
12559,Chloe Wilson,Online,Immediate,Online,Gresham,2025-05-27
12560,Ava Miller,Online,Immediate,Online,Salem,2025-11-15
12561,Daniel Nguyen,Online,Immediate,Online,Portland,2022-11-24
12562,Chloe Thomas,Online,Immediate,Online,Portland,2024-06-08
12563,Madison Thomas,Online,Immediate,Online,Portland,2024-11-02
12564,Robert Garcia,Online,Immediate,Online, hillsboro,2025-11-28
12565,Ava Thomas,Online,Immediate,Online,Portland,2025-07-16
12566,Isabella Thomas,Online,Immediate,Online,Eugene,2025-12-11
12567,Matthew Smith,Online,Immediate,Online,Portland,2024-07-28
12568,Ava Martin,Online,Immediate,Online, portland,2024-10-29
12569,Andrew Johnson,Online,Immediate,Online, portland,2023-03-26
12570,AVA WILLIAMS ,Online,Immediate,Online,Portland,2023-03-14
12571,Sophia Moore,Online,Immediate,Online,Portland,2022-02-08
12572,Lucas Brown,Online,Immediate,Online,Corvallis,2022-12-28
12573,DAVID THOMAS ,Online,Immediate,Online,Portland,2024-07-05
12574,David Garcia,Online,Immediate,Online,Vancouver,2023-01-15
12575,Hannah Garcia,Online,Immediate,Online,Portland,2024-06-25
12576,Andrew Garcia,Online,Immediate,Online, portland,2024-10-11
12577,Ashley Brown,Online,Immediate,Online,Portland,2025-09-08
12578,Olivia Miller,Online,Immediate,Online,Portland,2025-04-29
12579,Sarah Martin,Online,Immediate,Online,Portland,2022-03-18
12580,Michael Carter,Online,Immediate,Online,Beaverton,2023-05-28
12581,Daniel Williams,Online,Immediate,Online,Beaverton,2023-03-14
12582,Matthew Smith,Online,Immediate,Online,Seattle,2022-12-17
12583,Isabella Wilson,Online,Immediate,Online,Gresham,2023-12-21
12584,Sophia Jones,Online,Immediate,Online,Portland,2024-03-25
12585,Madison Nelson,Online,Immediate,Online,Portland,2022-08-22
12586,Matthew Nelson,Online,Immediate,Online,Salem,2025-09-27
12587,David Davis,Online,Immediate,Online,Portland,2025-08-02
12588,Grace Kim,Online,Immediate,Online,Portland,2023-03-22
12589,Olivia Nguyen,Online,Immediate,Online, portland,2024-09-03
12590,Ava Nelson,Online,Immediate,Online,Portland,2022-11-26
12591,MIA SMITH ,Online,Immediate,Online,Portland,2022-05-14
12592,Mason Johnson,Online,Immediate,Online,Portland,2024-02-16
12593,Isabella Kim,Online,Immediate,Online,Eugene,2024-07-02
12594,Robert Taylor,Online,Immediate,Online,Portland,2023-09-05
12595,Andrew Nguyen,Online,Immediate,Online,Bend,2024-08-09
12596,Isabella Davis,Online,Immediate,Online,Portland,2022-10-28
12597,Emily Anderson,Online,Immediate,Online, beaverton,2022-11-29
12598,William Williams,Online,Immediate,Online,Eugene,2023-04-03
12599,WILLIAM ANDERSON ,Online,Immediate,Online,Portland,2022-09-12
12600,OLIVIA DAVIS ,Online,Immediate,Online,Salem,2023-01-18
12601,Ava Carter,Online,Immediate,Online,Portland,2023-09-27
12602,LUCAS LEE ,Online,Immediate,Online,Hillsboro,2023-06-22
12603,Ethan Kim,Online,Immediate,Online, beaverton,2023-10-10
12604,ROBERT JOHNSON ,Online,Immediate,Online,Portland,2022-10-05
12605,Ava Moore,Online,Immediate,Online,Portland,2022-03-03
12606,Ella Jones,Online,Immediate,Online,Portland,2023-07-19
12607,Ava Thomas,Online,Immediate,Online,Portland,2022-07-03
12608,Sophia Kim,Online,Immediate,Online,Portland,2024-11-18
12609,David Martin,Online,Immediate,Online,Portland,2023-05-15
12610,Mason Brown,Online,Immediate,Online,Beaverton,2022-08-10
12611,JOSEPH JONES ,Online,Immediate,Online,Bend,2024-07-22
12612,Ella Jones,Online,Immediate,Online,Portland,2022-10-01
12613,JAMES THOMAS ,Online,Immediate,Online,Portland,2022-01-22
12614,Lucas Anderson,Online,Immediate,Online,Portland,2024-09-20
12615,Andrew Carter,Online,Immediate,Online,Hillsboro,2022-07-24
12616,Emily Davis,Online,Immediate,Online,Gresham,2022-03-04
12617,Sophia Lee,Online,Immediate,Online,Beaverton,2023-07-06
12618,ANDREW SMITH ,Online,Immediate,Online,Hillsboro,2025-02-06
12619,Sarah Anderson,Online,Immediate,Online,Portland,2024-01-21
12620,Isabella Thomas,Online,Immediate,Online,Gresham,2025-08-19
12621,David Johnson,Online,Immediate,Online, portland,2023-12-16
12622,Liam Jones,Online,Immediate,Online,Portland,2024-02-08
12623,ISABELLA ANDERSON ,Online,Immediate,Online,Eugene,2024-06-04
12624,NOAH TAYLOR ,Online,Immediate,Online,Gresham,2024-09-10
12625,Chloe Lee,Online,Immediate,Online,Gresham,2022-07-15
12626,Ella Miller,Online,Immediate,Online,Portland,2023-07-05
12627,MIA BROWN ,Online,Immediate,Online,Bend,2022-10-29
12628,DAVID KIM ,Online,Immediate,Online,Seattle,2023-12-27
12629,Isabella Jones,Online,Immediate,Online,Portland,2024-05-04
12630,Christopher Wilson,Online,Immediate,Online,Vancouver,2023-08-15
12631,Sarah Carter,Online,Immediate,Online,Corvallis,2023-12-13
12632,Grace Davis,Online,Immediate,Online,Eugene,2024-01-01
12633,Christopher Taylor,Online,Immediate,Online, beaverton,2022-02-06
12634,Matthew Anderson,Online,Immediate,Online, salem,2024-02-15
12635,James Anderson,Online,Immediate,Online,Vancouver,2022-04-14
12636,Hannah Anderson,Online,Immediate,Online,Portland,2022-05-23
12637,Daniel Kim,Online,Immediate,Online,Bend,2025-09-14
12638,James Taylor,Online,Immediate,Online,Portland,2025-10-18
12639,Ella Wilson,Online,Immediate,Online,Portland,2025-07-27
12640,CHRISTOPHER MOORE ,Online,Immediate,Online,Portland,2024-12-05
12641,Daniel Kim,Online,Immediate,Online,Hillsboro,2024-09-22
12642,Andrew Taylor,Online,Immediate,Online,Eugene,2023-05-25
12643,Ashley Wilson,Online,Immediate,Online,Portland,2025-06-11
12644,David Carter,Online,Immediate,Online,Portland,2022-06-23
12645,William Johnson,Online,Immediate,Online,Portland,2024-05-31
12646,Hannah Brown,Online,Immediate,Online,Gresham,2023-09-15
12647,Andrew Patel,Online,Immediate,Online,Portland,2025-03-14
12648,CHRISTOPHER DAVIS ,Online,Immediate,Online,Portland,2022-12-28
12649,EMMA LEE ,Online,Immediate,Online,Portland,2023-08-23
12650,Emma Miller,Online,Immediate,Online,Portland,2022-09-25
12651,Madison Johnson,Online,Immediate,Online,Portland,2023-11-23
12652,Christopher Jones,Online,Immediate,Online,Seattle,2024-08-11
12653,Matthew Kim,Online,Immediate,Online,Portland,2025-09-07
12654,Joseph Carter,Online,Immediate,Online,Portland,2023-10-30
12655,OLIVIA PATEL ,Online,Immediate,Online,Lake Oswego,2023-03-13
12656,Christopher Garcia,Online,Immediate,Online,Gresham,2023-02-02
12657,James Taylor,Online,Immediate,Online,Gresham,2024-03-27
12658,Sophia Anderson,Online,Immediate,Online,Hillsboro,2025-01-01
12659,Mason Davis,Online,Immediate,Online,Portland,2024-01-01
12660,Grace Davis,Online,Immediate,Online,Gresham,2024-10-14
12661,Christopher Brown,Online,Immediate,Online,Portland,2024-07-12
12662,Matthew Nelson,Online,Immediate,Online,Beaverton,2023-05-06
12663,Emma Brown,Online,Immediate,Online,Salem,2025-03-31
12664,CHLOE JOHNSON ,Online,Immediate,Online,Portland,2023-04-24
12665,ASHLEY GARCIA ,Online,Immediate,Online,Portland,2023-05-13
12666,Madison Davis,Online,Immediate,Online,Portland,2025-06-16
12667,DAVID THOMAS ,Online,Immediate,Online,Portland,2023-01-16
12668,Jessica Taylor,Online,Immediate,Online,Portland,2025-05-02
12669,Robert Garcia,Online,Immediate,Online,Beaverton,2025-05-08
12670,Sarah Patel,Online,Immediate,Online,Corvallis,2022-12-08
12671,Isabella Garcia,Online,Immediate,Online,Portland,2025-03-08
12672,MATTHEW MARTIN ,Online,Immediate,Online,Portland,2023-06-20
12673,Ethan Nelson,Online,Immediate,Online,Lake Oswego,2022-06-03
12674,Daniel Wilson,Online,Immediate,Online,Salem,2024-10-01
12675,Ella Thomas,Online,Immediate,Online,Portland,2025-06-29
12676,Ethan Wilson,Online,Immediate,Online,Hillsboro,2022-04-18
12677,Sophia Smith,Online,Immediate,Online,Hillsboro,2023-08-23
12678,David Nelson,Online,Immediate,Online,Portland,2023-10-19
12679,David Davis,Online,Immediate,Online,Beaverton,2024-09-14
12680,Christopher Nelson,Online,Immediate,Online, gresham,2024-11-01
12681,Sarah Smith,Online,Immediate,Online,Vancouver,2024-07-14
12682,Grace Miller,Online,Immediate,Online,Portland,2023-04-08
12683,Madison Miller,Online,Immediate,Online,Lake Oswego,2022-02-07
12684,Jessica Brown,Online,Immediate,Online,Portland,2023-07-29
12685,Mia Taylor,Online,Immediate,Online,Portland,2022-04-27
12686,ETHAN WILLIAMS ,Online,Immediate,Online,Corvallis,2022-09-04
12687,ELLA GARCIA ,Online,Immediate,Online,Gresham,2023-07-16
12688,Christopher Lee,Online,Immediate,Online,Portland,2023-01-04
12689,Matthew Anderson,Online,Immediate,Online,Portland,2025-07-22
12690,Madison Taylor,Online,Immediate,Online,Portland,2024-11-07
12691,SOPHIA WILSON ,Online,Immediate,Online, portland,2022-10-15
12692,Madison Smith,Online,Immediate,Online,Corvallis,2023-01-27
12693,David Carter,Online,Immediate,Online,Portland,2023-08-31
12694,James Miller,Online,Immediate,Online,Salem,2023-09-03
12695,Emily Thomas,Online,Immediate,Online,Portland,2024-07-02
12696,Robert Patel,Online,Immediate,Online,Eugene,2025-03-30
12697,Daniel Taylor,Online,Immediate,Online,Salem,2024-12-31
12698,OLIVIA NELSON ,Online,Immediate,Online,Tigard,2022-11-18
12699,LIAM NGUYEN ,Online,Immediate,Online,Portland,2023-10-20
12700,Olivia Patel,Online,Immediate,Online, bend,2025-10-14
12701,Robert Carter,Online,Immediate,Online,Portland,2024-03-20
12702,Matthew Garcia,Online,Immediate,Online,Portland,2024-03-09
12703,Andrew Martin,Online,Immediate,Online,Portland,2024-11-12
12704,Andrew Moore,Online,Immediate,Online,Beaverton,2025-05-16
12705,Mason Moore,Online,Immediate,Online,Portland,2022-05-22
12706,Jessica Martin,Online,Immediate,Online,Gresham,2023-03-17
12707,Ashley Davis,Online,Immediate,Online,Tigard,2023-11-06
12708,Sarah Miller,Online,Immediate,Online,Portland,2023-07-26
12709,Mia Patel,Online,Immediate,Online,Portland,2025-03-28
12710,Michael Patel,Online,Immediate,Online,Portland,2023-11-29
12711,LUCAS ANDERSON ,Online,Immediate,Online,Portland,2024-07-07
12712,Mia Nelson,Online,Immediate,Online,Eugene,2024-11-21
12713,David Kim,Online,Immediate,Online,Salem,2024-10-27
12714,Mia Taylor,Online,Immediate,Online,Portland,2022-08-02
12715,Matthew Thomas,Online,Immediate,Online,Portland,2025-11-24
12716,EMMA TAYLOR ,Online,Immediate,Online, beaverton,2025-10-07
12717,David Davis,Online,Immediate,Online,Portland,2022-04-29
12718,HANNAH JOHNSON ,Online,Immediate,Online,Seattle,2025-10-23
12719,William Martin,Online,Immediate,Online,Portland,2022-11-28
12720,Mason Patel,Online,Immediate,Online,Portland,2023-04-09
12721,Daniel Williams,Online,Immediate,Online,Portland,2024-11-14
12722,Olivia Thomas,Online,Immediate,Online,Portland,2024-02-09
12723,Chloe Brown,Online,Immediate,Online,Eugene,2024-04-25
12724,Hannah Carter,Online,Immediate,Online,Gresham,2025-01-28
12725,James Nguyen,Online,Immediate,Online,Beaverton,2024-11-05
12726,Lucas Williams,Online,Immediate,Online,Portland,2025-05-20
12727,Joseph Johnson,Online,Immediate,Online,Salem,2025-09-13
12728,DANIEL LEE ,Online,Immediate,Online,Salem,2023-03-07
12729,Madison Kim,Online,Immediate,Online,Portland,2025-06-03
12730,Ashley Garcia,Online,Immediate,Online,Beaverton,2023-12-02
12731,LUCAS JONES ,Online,Immediate,Online,Corvallis,2025-05-06
12732,Isabella Nguyen,Online,Immediate,Online, portland,2024-03-23
12733,DANIEL SMITH ,Online,Immediate,Online,Hillsboro,2023-10-14
12734,Isabella Taylor,Online,Immediate,Online,Portland,2025-02-19
12735,Emma Martin,Online,Immediate,Online,Portland,2025-04-08
12736,LIAM MOORE ,Online,Immediate,Online,Portland,2025-06-01
12737,Sophia Nelson,Online,Immediate,Online,Portland,2024-10-21
12738,MIA LEE ,Online,Immediate,Online,Hillsboro,2023-08-29
12739,Andrew Kim,Online,Immediate,Online,Salem,2025-07-31
12740,Chloe Taylor,Online,Immediate,Online, portland,2023-03-28
12741,Ashley Johnson,Online,Immediate,Online,Portland,2023-04-27
12742,Sarah Moore,Online,Immediate,Online,Bend,2025-04-01
12743,William Williams,Online,Immediate,Online,Beaverton,2024-12-19
12744,Ava Martin,Online,Immediate,Online,Vancouver,2025-01-11
12745,Sarah Thomas,Online,Immediate,Online,Portland,2024-04-26
12746,Daniel Garcia,Online,Immediate,Online,Portland,2025-06-07
12747,James Kim,Online,Immediate,Online,Portland,2022-12-29
12748,James Williams,Online,Immediate,Online,Portland,2023-04-01
12749,David Miller,Online,Immediate,Online,Hillsboro,2022-08-14
12750,Michael Martin,Online,Immediate,Online, lake oswego,2022-03-24
12751,Ava Wilson,Online,Immediate,Online,Hillsboro,2025-06-30
12752,Lucas Garcia,Online,Immediate,Online,Portland,2024-11-02
12753,Mia Garcia,Online,Immediate,Online,Portland,2025-11-03
12754,ANDREW TAYLOR ,Online,Immediate,Online,Portland,2025-06-19
12755,William Patel,Online,Immediate,Online,Portland,2024-03-08
12756,Michael Anderson,Online,Immediate,Online, salem,2025-01-21
12757,Lucas Nguyen,Online,Immediate,Online,Portland,2025-06-12
12758,James Wilson,Online,Immediate,Online,Beaverton,2024-03-18
12759,Isabella Martin,Online,Immediate,Online,Portland,2025-12-30
12760,Jessica Johnson,Online,Immediate,Online, portland,2022-09-01
12761,Olivia Brown,Online,Immediate,Online,Portland,2023-07-20
12762,Lucas Garcia,Online,Immediate,Online,Portland,2022-10-07
12763,Ethan Taylor,Online,Immediate,Online, vancouver,2022-08-06
12764,Lucas Moore,Online,Immediate,Online,Portland,2024-12-05
12765,James Thomas,Online,Immediate,Online,Portland,2022-03-17
12766,Matthew Moore,Online,Immediate,Online, lake oswego,2025-12-14
12767,David Nelson,Online,Immediate,Online,Vancouver,2023-02-20
12768,Ava Taylor,Online,Immediate,Online, portland,2022-04-24
12769,Emma Jones,Online,Immediate,Online,Portland,2022-05-28
12770,Mason Carter,Online,Immediate,Online,Hillsboro,2025-07-13
12771,Christopher Nelson,Online,Immediate,Online,Portland,2025-10-15
12772,Christopher Williams,Online,Immediate,Online,Tigard,2022-09-23
12773,Hannah Patel,Online,Immediate,Online,Portland,2025-01-04
12774,JESSICA GARCIA ,Online,Immediate,Online,Lake Oswego,2022-12-06
12775,William Kim,Online,Immediate,Online,Salem,2025-06-30
12776,Ashley Davis,Online,Immediate,Online,Seattle,2025-12-21
12777,Ava Thomas,Online,Immediate,Online,Portland,2025-06-20
12778,David Thomas,Online,Immediate,Online,Portland,2023-09-05
12779,David Johnson,Online,Immediate,Online,Corvallis,2025-08-10
12780,Sarah Johnson,Online,Immediate,Online,Hillsboro,2022-01-19
12781,Mia Garcia,Online,Immediate,Online,Portland,2024-06-07
12782,Noah Smith,Online,Immediate,Online,Portland,2023-03-18
12783,Mia Jones,Online,Immediate,Online,Portland,2023-02-12
12784,EMMA NGUYEN ,Online,Immediate,Online,Eugene,2022-04-28
12785,Mia Wilson,Online,Immediate,Online,Beaverton,2025-05-10
12786,Mia Nelson,Online,Immediate,Online, beaverton,2022-02-12
12787,Madison Wilson,Online,Immediate,Online,Portland,2022-01-23
12788,Mason Smith,Online,Immediate,Online, seattle,2025-09-30
12789,James Patel,Online,Immediate,Online, corvallis,2023-03-25
12790,Sophia Nguyen,Online,Immediate,Online,Salem,2023-06-20
12791,NOAH MARTIN ,Online,Immediate,Online, portland,2022-03-16
12792,Emily Nguyen,Online,Immediate,Online,Seattle,2023-10-27
12793,Emily Kim,Online,Immediate,Online,Portland,2023-01-15
12794,Daniel Taylor,Online,Immediate,Online,Portland,2024-11-27
12795,James Martin,Online,Immediate,Online,Beaverton,2023-07-25
12796,Matthew Moore,Online,Immediate,Online,Portland,2022-12-11
12797,ANDREW SMITH ,Online,Immediate,Online,Beaverton,2023-02-19
12798,Ashley Garcia,Online,Immediate,Online,Bend,2024-03-02
12799,Christopher Wilson,Online,Immediate,Online,Portland,2025-03-01
12800,Emma Moore,Online,Immediate,Online,Hillsboro,2025-10-05
12801,Joseph Anderson,Online,Immediate,Online,Portland,2023-07-10
12802,Madison Taylor,Online,Immediate,Online,Bend,2023-03-31
12803,Isabella Carter,Online,Immediate,Online,Portland,2024-10-22
12804,Ava Anderson,Online,Immediate,Online,Gresham,2024-02-15
12805,David Smith,Online,Immediate,Online,Portland,2022-06-27
12806,Emily Jones,Online,Immediate,Online,Tigard,2025-11-21
12807,William Taylor,Online,Immediate,Online,Portland,2022-06-03
12808,Christopher Jones,Online,Immediate,Online,Portland,2024-02-29
12809,Joseph Taylor,Online,Immediate,Online,Portland,2022-05-09
12810,Matthew Nguyen,Online,Immediate,Online,Portland,2024-09-18
12811,LIAM THOMAS ,Online,Immediate,Online,Portland,2022-09-16
12812,Isabella Carter,Online,Immediate,Online,Portland,2023-01-01
12813,ASHLEY ANDERSON ,Online,Immediate,Online,Portland,2023-03-09
12814,Sophia Thomas,Online,Immediate,Online,Beaverton,2022-07-18
12815,Andrew Brown,Online,Immediate,Online,Portland,2023-11-21
12816,Emily Anderson,Online,Immediate,Online,Vancouver,2024-08-29
12817,Noah Miller,Online,Immediate,Online,Portland,2023-02-14
12818,James Lee,Online,Immediate,Online,Portland,2024-07-05
12819,Ava Lee,Online,Immediate,Online,Portland,2025-05-01
12820,Robert Kim,Online,Immediate,Online,Portland,2025-08-13
12821,JAMES DAVIS ,Online,Immediate,Online,Salem,2025-11-05
12822,Michael Anderson,Online,Immediate,Online,Vancouver,2023-09-30
12823,Robert Taylor,Online,Immediate,Online,Tigard,2024-12-16
12824,Andrew Kim,Online,Immediate,Online,Portland,2022-05-23
12825,Emily Nguyen,Online,Immediate,Online,Portland,2025-07-27
12826,Liam Nelson,Online,Immediate,Online,Portland,2025-03-07
12827,David Carter,Online,Immediate,Online, portland,2022-12-11
12828,Sarah Williams,Online,Immediate,Online,Portland,2023-01-29
12829,Ava Martin,Online,Immediate,Online, beaverton,2022-05-18
12830,DAVID WILSON ,Online,Immediate,Online,Hillsboro,2024-04-17
12831,Emma Martin,Online,Immediate,Online,Portland,2025-07-04
12832,Grace Taylor,Online,Immediate,Online,Portland,2024-11-28
12833,Emma Nguyen,Online,Immediate,Online,Beaverton,2022-06-17
12834,ASHLEY WILSON ,Online,Immediate,Online,Salem,2023-04-29
12835,JESSICA PATEL ,Online,Immediate,Online,Portland,2024-07-10
12836,Sophia Lee,Online,Immediate,Online,Tigard,2025-05-27
12837,Ashley Jones,Online,Immediate,Online,Beaverton,2022-01-15
12838,Emily Williams,Online,Immediate,Online,Portland,2024-05-04
12839,James Wilson,Online,Immediate,Online,Seattle,2023-10-09
12840,Daniel Williams,Online,Immediate,Online,Portland,2024-11-01
12841,Matthew Nguyen,Online,Immediate,Online,Hillsboro,2023-01-17
12842,MASON LEE ,Online,Immediate,Online,Seattle,2025-05-25
12843,Christopher Moore,Online,Immediate,Online,Portland,2022-04-14
12844,NOAH THOMAS ,Online,Immediate,Online,Gresham,2024-06-05
12845,Liam Moore,Online,Immediate,Online,Portland,2025-06-15
12846,Isabella Carter,Online,Immediate,Online,Tigard,2025-01-30
12847,MICHAEL TAYLOR ,Online,Immediate,Online,Salem,2023-04-03
12848,Sarah Anderson,Online,Immediate,Online,Portland,2025-01-14
12849,Emily Patel,Online,Immediate,Online, seattle,2024-04-25
12850,Michael Kim,Online,Immediate,Online, lake oswego,2024-04-06
12851,Emma Martin,Online,Immediate,Online,Portland,2025-03-12
12852,Ella Taylor,Online,Immediate,Online,Bend,2022-02-27
12853,Grace Smith,Online,Immediate,Online,Portland,2024-08-15
12854,Andrew Brown,Online,Immediate,Online,Hillsboro,2025-01-17
12855,Andrew Martin,Online,Immediate,Online,Vancouver,2023-04-27
12856,Olivia Smith,Online,Immediate,Online,Portland,2022-04-17
12857,Matthew Miller,Online,Immediate,Online,Portland,2022-02-09
12858,William Brown,Online,Immediate,Online,Portland,2025-04-03
12859,Ashley Martin,Online,Immediate,Online,Seattle,2023-11-21
12860,Madison Anderson,Online,Immediate,Online,Beaverton,2025-09-25
12861,Hannah Martin,Online,Immediate,Online,Portland,2024-01-26
12862,Sophia Nelson,Online,Immediate,Online,Portland,2022-02-07
12863,Isabella Miller,Online,Immediate,Online,Eugene,2024-03-27
12864,ELLA TAYLOR ,Online,Immediate,Online,Portland,2023-03-12
12865,Ashley Anderson,Online,Immediate,Online,Portland,2025-02-13
12866,MADISON NELSON ,Online,Immediate,Online,Vancouver,2023-11-24
12867,William Brown,Online,Immediate,Online,Bend,2023-04-09
12868,SARAH GARCIA ,Online,Immediate,Online,Portland,2023-09-29
12869,Daniel Garcia,Online,Immediate,Online, portland,2022-03-21
12870,Joseph Nguyen,Online,Immediate,Online,Hillsboro,2022-06-13
12871,James Williams,Online,Immediate,Online,Portland,2024-02-04
12872,SOPHIA MOORE ,Online,Immediate,Online,Portland,2022-06-04
12873,Ella Nguyen,Online,Immediate,Online,Gresham,2025-04-25
12874,Ella Taylor,Online,Immediate,Online,Beaverton,2024-01-13
12875,Ashley Miller,Online,Immediate,Online,Bend,2025-03-06
12876,Liam Carter,Online,Immediate,Online,Beaverton,2023-05-05
12877,Ethan Thomas,Online,Immediate,Online,Portland,2023-08-08
12878,Daniel Lee,Online,Immediate,Online,Lake Oswego,2024-02-07
12879,Grace Smith,Online,Immediate,Online,Portland,2025-07-07
12880,Michael Lee,Online,Immediate,Online,Beaverton,2023-04-15
12881,Sophia Nelson,Online,Immediate,Online,Beaverton,2022-08-10
12882,Ethan Garcia,Online,Immediate,Online,Gresham,2024-10-03
12883,Mia Patel,Online,Immediate,Online,Portland,2024-11-29
12884,Hannah Anderson,Online,Immediate,Online,Beaverton,2025-01-14
12885,NOAH NELSON ,Online,Immediate,Online,Portland,2022-08-05
12886,Andrew Patel,Online,Immediate,Online,Portland,2024-12-03
12887,Noah Johnson,Online,Immediate,Online,Salem,2025-07-10
12888,Sarah Nelson,Online,Immediate,Online,Salem,2025-05-13
12889,Olivia Miller,Online,Immediate,Online,Portland,2023-11-28
12890,Emily Smith,Online,Immediate,Online,Beaverton,2025-06-02
12891,Christopher Kim,Online,Immediate,Online,Eugene,2023-03-25
12892,Emily Williams,Online,Immediate,Online,Portland,2022-11-13
12893,Ethan Taylor,Online,Immediate,Online,Portland,2022-02-14
12894,Christopher Johnson,Online,Immediate,Online,Salem,2024-12-29
12895,Hannah Patel,Online,Immediate,Online,Portland,2024-06-08
12896,Sarah Lee,Online,Immediate,Online,Portland,2023-09-25
12897,Isabella Williams,Online,Immediate,Online,Portland,2022-05-15
12898,Robert Brown,Online,Immediate,Online,Portland,2025-04-05
12899,David Williams,Online,Immediate,Online,Seattle,2022-06-22
12900,WILLIAM THOMAS ,Online,Immediate,Online, beaverton,2024-08-07
12901,Christopher Moore,Online,Immediate,Online,Tigard,2022-03-23
12902,Chloe Johnson,Online,Immediate,Online, eugene,2022-11-02
12903,Hannah Taylor,Online,Immediate,Online,Gresham,2023-08-19
12904,Matthew Nguyen,Online,Immediate,Online,Seattle,2024-10-21
12905,Sophia Johnson,Online,Immediate,Online,Beaverton,2022-11-09
12906,David Johnson,Online,Immediate,Online,Portland,2023-11-24
12907,Madison Kim,Online,Immediate,Online,Vancouver,2023-01-04
12908,Ava Carter,Online,Immediate,Online,Portland,2025-06-23
12909,Daniel Garcia,Online,Immediate,Online,Portland,2023-11-23
12910,HANNAH JOHNSON ,Online,Immediate,Online,Bend,2022-07-03
12911,Michael Anderson,Online,Immediate,Online,Portland,2022-12-28
12912,JOSEPH SMITH ,Online,Immediate,Online,Eugene,2023-08-25
12913,Lucas Carter,Online,Immediate,Online,Portland,2023-07-31
12914,MIA PATEL ,Online,Immediate,Online,Hillsboro,2023-03-24
12915,OLIVIA DAVIS ,Online,Immediate,Online, portland,2023-07-28
12916,Jessica Jones,Online,Immediate,Online,Portland,2022-03-15
12917,Ethan Miller,Online,Immediate,Online, hillsboro,2023-08-24
12918,Robert Lee,Online,Immediate,Online,Salem,2023-05-26
12919,Isabella Martin,Online,Immediate,Online,Gresham,2022-09-27
12920,Robert Kim,Online,Immediate,Online,Portland,2025-01-20
12921,Chloe Johnson,Online,Immediate,Online,Hillsboro,2025-10-07
12922,Matthew Williams,Online,Immediate,Online,Hillsboro,2023-01-08
12923,Emily Nguyen,Online,Immediate,Online, portland,2023-03-20
12924,ELLA LEE ,Online,Immediate,Online,Beaverton,2022-09-12
12925,Ashley Davis,Online,Immediate,Online,Portland,2023-07-22
12926,JAMES ANDERSON ,Online,Immediate,Online,Portland,2024-09-19
12927,Robert Johnson,Online,Immediate,Online,Portland,2023-07-10
12928,Andrew Nguyen,Online,Immediate,Online,Portland,2022-06-02
12929,Mason Thomas,Online,Immediate,Online,Portland,2023-09-20
12930,Ethan Garcia,Online,Immediate,Online,Portland,2023-06-18
12931,Ashley Jones,Online,Immediate,Online,Portland,2025-02-26
12932,Daniel Wilson,Online,Immediate,Online,Portland,2022-08-18
12933,Sarah Carter,Online,Immediate,Online,Portland,2024-05-01
12934,David Johnson,Online,Immediate,Online,Gresham,2023-09-27
12935,JESSICA THOMAS ,Online,Immediate,Online,Hillsboro,2023-05-29
12936,Ella Johnson,Online,Immediate,Online,Vancouver,2024-09-09
12937,Mason Anderson,Online,Immediate,Online,Portland,2023-07-24
12938,Jessica Davis,Online,Immediate,Online,Salem,2025-05-28
12939,James Wilson,Online,Immediate,Online,Portland,2024-09-07
12940,Mia Nguyen,Online,Immediate,Online,Corvallis,2024-09-22
12941,CHRISTOPHER CARTER ,Online,Immediate,Online,Portland,2023-10-14
12942,Sophia Thomas,Online,Immediate,Online,Portland,2023-10-07
12943,Isabella Thomas,Online,Immediate,Online,Lake Oswego,2024-11-23
12944,James Lee,Online,Immediate,Online,Beaverton,2022-02-04
12945,Daniel Davis,Online,Immediate,Online,Beaverton,2022-05-24
12946,William Moore,Online,Immediate,Online,Eugene,2024-07-20
12947,ASHLEY KIM ,Online,Immediate,Online,Portland,2022-09-09
12948,ASHLEY ANDERSON ,Online,Immediate,Online,Portland,2024-08-25
12949,Joseph Brown,Online,Immediate,Online,Portland,2022-06-07
12950,Lucas Miller,Online,Immediate,Online, tigard,2024-06-18
12951,Grace Taylor,Online,Immediate,Online,Salem,2022-09-26
12952,DAVID ANDERSON ,Online,Immediate,Online,Bend,2025-11-28
12953,Madison Jones,Online,Immediate,Online,Portland,2022-10-26
12954,Ethan Carter,Online,Immediate,Online,Bend,2022-02-26
12955,Emma Davis,Online,Immediate,Online,Portland,2024-04-03
12956,David Nguyen,Online,Immediate,Online,Portland,2025-06-05
12957,David Lee,Online,Immediate,Online,Beaverton,2023-04-19
12958,Michael Davis,Online,Immediate,Online, eugene,2022-06-10
12959,Mia Smith,Online,Immediate,Online, seattle,2022-12-20
12960,Isabella Lee,Online,Immediate,Online,Beaverton,2023-03-14
12961,David Wilson,Online,Immediate,Online,Corvallis,2023-08-24
12962,David Moore,Online,Immediate,Online,Beaverton,2024-09-14
12963,MICHAEL ANDERSON ,Online,Immediate,Online,Portland,2023-04-14
12964,EMMA MOORE ,Online,Immediate,Online,Vancouver,2025-05-14
12965,Ashley Nelson,Online,Immediate,Online,Portland,2023-02-05
12966,Mason Williams,Online,Immediate,Online,Portland,2023-10-12
12967,Andrew Kim,Online,Immediate,Online,Portland,2025-01-24
12968,OLIVIA PATEL ,Online,Immediate,Online,Lake Oswego,2025-12-04
12969,Robert Jones,Online,Immediate,Online, portland,2024-11-04
12970,William Johnson,Online,Immediate,Online,Portland,2025-10-09
12971,David Anderson,Online,Immediate,Online,Gresham,2024-08-26
12972,Grace Moore,Online,Immediate,Online,Beaverton,2025-12-22
12973,Mason Johnson,Online,Immediate,Online,Seattle,2025-02-02
12974,Andrew Martin,Online,Immediate,Online,Portland,2025-11-08
12975,Olivia Wilson,Online,Immediate,Online,Portland,2023-12-18
12976,Ella Kim,Online,Immediate,Online,Bend,2024-06-13
12977,Ella Carter,Online,Immediate,Online,Portland,2022-12-29
12978,Noah Williams,Online,Immediate,Online,Eugene,2023-08-24
12979,Madison Nelson,Online,Immediate,Online,Bend,2025-01-09
12980,Michael Jones,Online,Immediate,Online,Portland,2024-09-09
12981,Mason Johnson,Online,Immediate,Online,Portland,2023-01-14
12982,ANDREW WILSON ,Online,Immediate,Online,Beaverton,2025-04-26
12983,Ella Kim,Online,Immediate,Online,Portland,2022-06-01
12984,Madison Carter,Online,Immediate,Online,Portland,2025-08-07
12985,Liam Anderson,Online,Immediate,Online,Portland,2025-09-19
12986,JAMES JOHNSON ,Online,Immediate,Online,Portland,2025-01-22
12987,Robert Jones,Online,Immediate,Online,Portland,2023-05-28
12988,Ella Wilson,Online,Immediate,Online,Salem,2025-08-28
12989,Christopher Anderson,Online,Immediate,Online,Portland,2023-12-02
12990,Ava Martin,Online,Immediate,Online,Portland,2024-08-22
12991,William Williams,Online,Immediate,Online,Salem,2025-10-26
12992,Christopher Martin,Online,Immediate,Online,Gresham,2025-10-25
12993,JESSICA PATEL ,Online,Immediate,Online,Portland,2023-03-12
12994,Grace Kim,Online,Immediate,Online,Tigard,2024-09-13
12995,Madison Garcia,Online,Immediate,Online,Gresham,2023-07-04
12996,Madison Martin,Online,Immediate,Online,Portland,2025-12-31
12997,Ashley Martin,Online,Immediate,Online,Portland,2022-07-15
12998,Ava Nguyen,Online,Immediate,Online,Portland,2024-08-22
12999,MADISON GARCIA ,Online,Immediate,Online,Portland,2023-04-24
13000,Jessica Lee,Online,Immediate,Online,Beaverton,2024-09-04
13001,Lucas Jones,Online,Immediate,Online,Eugene,2024-09-18
13002,Madison Brown,Online,Immediate,Online,Beaverton,2023-02-09
13003,Sarah Anderson,Online,Immediate,Online,Beaverton,2024-12-26
13004,Emma Johnson,Online,Immediate,Online,Portland,2022-11-19
13005,Liam Johnson,Online,Immediate,Online, hillsboro,2023-01-19
13006,Ella Kim,Online,Immediate,Online,Portland,2025-02-26
13007,Isabella Davis,Online,Immediate,Online,Portland,2025-07-20
13008,EMMA GARCIA ,Online,Immediate,Online,Beaverton,2023-03-22
13009,Isabella Thomas,Online,Immediate,Online,Beaverton,2025-03-05
13010,Christopher Thomas,Online,Immediate,Online,Portland,2023-05-19
13011,ROBERT JONES ,Online,Immediate,Online,Portland,2024-05-13
13012,Isabella Carter,Online,Immediate,Online, portland,2023-05-26
13013,Robert Patel,Online,Immediate,Online,Portland,2025-02-24
13014,SOPHIA WILSON ,Online,Immediate,Online,Bend,2023-05-04
13015,Mason Miller,Online,Immediate,Online,Portland,2022-12-07
13016,William Thomas,Online,Immediate,Online, portland,2022-05-08
13017,DAVID NGUYEN ,Online,Immediate,Online,Eugene,2022-08-20
13018,Emily Miller,Online,Immediate,Online,Salem,2024-10-31
13019,JOSEPH GARCIA ,Online,Immediate,Online,Portland,2024-05-25
13020,Liam Miller,Online,Immediate,Online,Beaverton,2024-04-08
13021,DAVID DAVIS ,Online,Immediate,Online,Gresham,2025-06-05
13022,Lucas Garcia,Online,Immediate,Online,Beaverton,2023-12-02
13023,Ava Brown,Online,Immediate,Online,Portland,2023-09-09
13024,Isabella Nguyen,Online,Immediate,Online,Portland,2025-06-28
13025,Ethan Jones,Online,Immediate,Online,Hillsboro,2022-11-12
13026,Daniel Wilson,Online,Immediate,Online,Portland,2024-01-18
13027,Chloe Smith,Online,Immediate,Online,Portland,2024-03-09
13028,Sophia Lee,Online,Immediate,Online,Portland,2024-02-23
13029,Michael Jones,Online,Immediate,Online,Tigard,2024-08-08
13030,Grace Jones,Online,Immediate,Online,Vancouver,2023-09-07
13031,Madison Garcia,Online,Immediate,Online,Gresham,2022-04-24
13032,Isabella Wilson,Online,Immediate,Online,Salem,2024-10-13
13033,HANNAH TAYLOR ,Online,Immediate,Online,Portland,2022-01-05
13034,Mason Davis,Online,Immediate,Online,Portland,2023-12-03
13035,Ava Brown,Online,Immediate,Online,Eugene,2025-04-15
13036,Sophia Taylor,Online,Immediate,Online,Portland,2025-03-10
13037,LIAM BROWN ,Online,Immediate,Online,Portland,2022-05-07
13038,Isabella Garcia,Online,Immediate,Online,Bend,2025-05-14
13039,Liam Moore,Online,Immediate,Online,Bend,2022-04-22
13040,Michael Nguyen,Online,Immediate,Online,Beaverton,2022-12-31
13041,DAVID JONES ,Online,Immediate,Online,Portland,2023-04-13
13042,Ashley Moore,Online,Immediate,Online,Beaverton,2023-07-17
13043,Christopher Williams,Online,Immediate,Online,Portland,2023-03-31
13044,Hannah Kim,Online,Immediate,Online,Portland,2025-04-06
13045,NOAH MILLER ,Online,Immediate,Online,Gresham,2025-12-25
13046,Emily Wilson,Online,Immediate,Online,Gresham,2025-04-05
13047,Grace Miller,Online,Immediate,Online,Portland,2025-01-27
13048,Mason Williams,Online,Immediate,Online,Portland,2024-03-13
13049,James Taylor,Online,Immediate,Online,Portland,2024-11-09
13050,Emily Lee,Online,Immediate,Online,Hillsboro,2024-10-01
13051,OLIVIA DAVIS ,Online,Immediate,Online,Portland,2022-03-29
13052,Ashley Smith,Online,Immediate,Online,Bend,2025-07-07
13053,Andrew Johnson,Online,Immediate,Online, portland,2022-05-19
13054,Joseph Moore,Online,Immediate,Online,Beaverton,2025-06-21
13055,Ella Carter,Online,Immediate,Online,Portland,2023-02-26
13056,MATTHEW NGUYEN ,Online,Immediate,Online,Portland,2023-08-23
13057,Andrew Lee,Online,Immediate,Online,Beaverton,2025-08-19
13058,Noah Wilson,Online,Immediate,Online, tigard,2023-07-17
13059,Matthew Smith,Online,Immediate,Online,Portland,2022-02-01
13060,Liam Smith,Online,Immediate,Online, portland,2025-04-07
13061,Lucas Thomas,Online,Immediate,Online,Gresham,2025-11-25
13062,EMMA NELSON ,Online,Immediate,Online,Portland,2023-04-19
13063,Andrew Nelson,Online,Immediate,Online,Portland,2022-08-14
13064,Mia Miller,Online,Immediate,Online,Portland,2025-04-13
13065,Ava Moore,Online,Immediate,Online,Gresham,2022-06-30
13066,David Johnson,Online,Immediate,Online,Portland,2024-05-19
13067,Ethan Miller,Online,Immediate,Online,Portland,2022-12-09
13068,Christopher Thomas,Online,Immediate,Online,Beaverton,2025-01-02
13069,Andrew Johnson,Online,Immediate,Online,Portland,2023-07-04
13070,Grace Garcia,Online,Immediate,Online,Seattle,2024-06-12
13071,Joseph Garcia,Online,Immediate,Online,Hillsboro,2023-11-15
13072,Madison Kim,Online,Immediate,Online,Portland,2024-05-02
13073,Isabella Garcia,Online,Immediate,Online,Portland,2024-07-05
13074,Chloe Smith,Online,Immediate,Online, vancouver,2024-11-07
13075,Ashley Miller,Online,Immediate,Online, beaverton,2022-03-30
13076,Olivia Davis,Online,Immediate,Online,Portland,2022-06-29
13077,CHRISTOPHER NELSON ,Online,Immediate,Online,Beaverton,2023-04-23
13078,DAVID WILSON ,Online,Immediate,Online,Portland,2025-09-10
13079,Hannah Nelson,Online,Immediate,Online,Portland,2024-11-30
13080,James Johnson,Online,Immediate,Online,Portland,2025-03-26
13081,MIA MOORE ,Online,Immediate,Online,Portland,2022-10-04
13082,Chloe Martin,Online,Immediate,Online,Salem,2024-08-28
13083,Ava Moore,Online,Immediate,Online,Corvallis,2023-08-01
13084,Mason Williams,Online,Immediate,Online,Eugene,2024-10-19
13085,CHRISTOPHER WILLIAMS ,Online,Immediate,Online,Vancouver,2025-10-01
13086,Ashley Nguyen,Online,Immediate,Online,Beaverton,2024-03-29
13087,Daniel Martin,Online,Immediate,Online,Portland,2023-11-06
13088,DAVID LEE ,Online,Immediate,Online,Portland,2022-02-07
13089,Matthew Smith,Online,Immediate,Online,Salem,2022-12-25
13090,Madison Wilson,Online,Immediate,Online,Portland,2025-11-10
13091,Daniel Taylor,Online,Immediate,Online,Portland,2023-05-04
13092,Joseph Brown,Online,Immediate,Online,Hillsboro,2025-08-20
13093,Ashley Moore,Online,Immediate,Online,Portland,2025-12-08
13094,Mason Davis,Online,Immediate,Online,Bend,2022-03-02
13095,Chloe Jones,Online,Immediate,Online, portland,2023-12-09
13096,James Wilson,Online,Immediate,Online,Beaverton,2025-10-23
13097,Matthew Lee,Online,Immediate,Online,Portland,2022-10-07
13098,Jessica Brown,Online,Immediate,Online,Seattle,2025-10-20
13099,Robert Jones,Online,Immediate,Online,Portland,2025-12-13
13100,CHRISTOPHER CARTER ,Online,Immediate,Online,Salem,2022-04-06
13101,William Nguyen,Online,Immediate,Online, portland,2022-11-29
13102,James Lee,Online,Immediate,Online,Portland,2025-05-16
13103,NOAH JONES ,Online,Immediate,Online,Portland,2025-06-09
13104,Ashley Martin,Online,Immediate,Online,Seattle,2022-07-02
13105,LIAM THOMAS ,Online,Immediate,Online,Portland,2022-07-11
13106,Mia Taylor,Online,Immediate,Online,Portland,2022-07-28
13107,Olivia Taylor,Online,Immediate,Online,Portland,2025-10-24
13108,Sarah Garcia,Online,Immediate,Online, portland,2022-01-09
13109,Ava Smith,Online,Immediate,Online,Portland,2022-12-02
13110,Ethan Thomas,Online,Immediate,Online,Portland,2025-04-28
13111,Sarah Martin,Online,Immediate,Online, beaverton,2024-04-25
13112,Emma Johnson,Online,Immediate,Online,Portland,2025-02-11
13113,Noah Thomas,Online,Immediate,Online,Corvallis,2023-07-12
13114,Grace Jones,Online,Immediate,Online,Portland,2024-08-22
13115,Ethan Nguyen,Online,Immediate,Online,Portland,2024-03-11
13116,DANIEL TAYLOR ,Online,Immediate,Online,Tigard,2024-08-21
13117,Jessica Thomas,Online,Immediate,Online,Portland,2022-06-19
13118,WILLIAM WILSON ,Online,Immediate,Online,Portland,2025-07-30
13119,Grace Thomas,Online,Immediate,Online,Lake Oswego,2025-10-23
13120,Emma Davis,Online,Immediate,Online,Portland,2024-05-28
13121,Andrew Taylor,Online,Immediate,Online,Beaverton,2022-07-08
13122,Mia Brown,Online,Immediate,Online,Portland,2024-01-10
13123,GRACE MILLER ,Online,Immediate,Online,Bend,2025-03-12
13124,Madison Miller,Online,Immediate,Online,Seattle,2023-12-04
13125,SARAH THOMAS ,Online,Immediate,Online,Portland,2022-04-17
13126,Christopher Thomas,Online,Immediate,Online,Portland,2025-02-12
13127,Mason Garcia,Online,Immediate,Online,Bend,2023-05-30
13128,Sophia Johnson,Online,Immediate,Online,Gresham,2025-09-30
13129,Ava Martin,Online,Immediate,Online,Seattle,2024-03-19
13130,Emma Martin,Online,Immediate,Online,Portland,2023-06-30
13131,Ethan Anderson,Online,Immediate,Online,Portland,2024-08-17
13132,Andrew Wilson,Online,Immediate,Online,Portland,2022-01-28
13133,Christopher Patel,Online,Immediate,Online,Lake Oswego,2025-12-12
13134,Ava Martin,Online,Immediate,Online,Portland,2024-12-11
13135,Sarah Garcia,Online,Immediate,Online, portland,2022-02-25
13136,Lucas Nguyen,Online,Immediate,Online,Portland,2025-08-12
13137,Emma Carter,Online,Immediate,Online,Bend,2022-05-14
13138,Noah Garcia,Online,Immediate,Online, portland,2025-03-03
13139,Andrew Miller,Online,Immediate,Online,Beaverton,2023-04-26
13140,Lucas Moore,Online,Immediate,Online,Beaverton,2023-09-23
13141,Robert Miller,Online,Immediate,Online,Gresham,2025-11-17
13142,Joseph Patel,Online,Immediate,Online,Portland,2024-10-06
13143,Ava Nelson,Online,Immediate,Online,Portland,2024-11-20
13144,William Smith,Online,Immediate,Online,Portland,2025-08-28
13145,Grace Miller,Online,Immediate,Online,Hillsboro,2023-07-08
13146,Chloe Lee,Online,Immediate,Online,Salem,2025-07-30
13147,Sarah Garcia,Online,Immediate,Online,Portland,2025-08-22
13148,William Kim,Online,Immediate,Online,Portland,2022-05-26
13149,Matthew Thomas,Online,Immediate,Online, salem,2023-05-17
13150,Ashley Moore,Online,Immediate,Online,Portland,2023-05-06
13151,David Smith,Online,Immediate,Online,Portland,2024-10-01
13152,Noah Jones,Online,Immediate,Online,Gresham,2022-02-02
13153,Andrew Taylor,Online,Immediate,Online,Portland,2022-04-10
13154,Andrew Thomas,Online,Immediate,Online,Beaverton,2023-11-09
13155,Michael Nguyen,Online,Immediate,Online,Portland,2023-10-25
13156,Liam Wilson,Online,Immediate,Online,Portland,2022-04-05
13157,CHRISTOPHER GARCIA ,Online,Immediate,Online,Portland,2024-07-29
13158,Hannah Carter,Online,Immediate,Online,Corvallis,2023-12-03
13159,EMILY JOHNSON ,Online,Immediate,Online,Beaverton,2024-09-21
13160,Andrew Brown,Online,Immediate,Online, portland,2024-02-12
13161,Ella Garcia,Online,Immediate,Online, beaverton,2022-07-06
13162,Sarah Thomas,Online,Immediate,Online,Portland,2025-03-01
13163,SOPHIA KIM ,Online,Immediate,Online, portland,2025-09-02
13164,James Brown,Online,Immediate,Online,Portland,2025-04-18
13165,LIAM DAVIS ,Online,Immediate,Online,Portland,2024-04-23
13166,CHRISTOPHER NGUYEN ,Online,Immediate,Online,Corvallis,2025-09-24
13167,Joseph Thomas,Online,Immediate,Online,Portland,2025-04-01
13168,Sophia Williams,Online,Immediate,Online,Portland,2023-02-22
13169,Sarah Martin,Online,Immediate,Online,Portland,2025-08-06
13170,Noah Moore,Online,Immediate,Online,Portland,2024-03-02
13171,Michael Moore,Online,Immediate,Online,Eugene,2025-10-02
13172,ASHLEY ANDERSON ,Online,Immediate,Online,Portland,2025-12-03
13173,MICHAEL CARTER ,Online,Immediate,Online,Portland,2025-11-25
13174,Mia Jones,Online,Immediate,Online,Hillsboro,2023-08-05
13175,Mia Anderson,Online,Immediate,Online,Salem,2022-06-21
13176,Isabella Miller,Online,Immediate,Online,Hillsboro,2023-01-25
13177,Robert Thomas,Online,Immediate,Online,Gresham,2025-06-17
13178,Ashley Carter,Online,Immediate,Online,Portland,2022-11-30
13179,Chloe Smith,Online,Immediate,Online,Portland,2024-02-29
13180,Ella Johnson,Online,Immediate,Online,Eugene,2024-10-17
13181,Jessica Jones,Online,Immediate,Online,Hillsboro,2024-05-26
13182,Jessica Nguyen,Online,Immediate,Online,Beaverton,2022-05-23
13183,Madison Martin,Online,Immediate,Online,Beaverton,2024-01-31
13184,Matthew Wilson,Online,Immediate,Online,Salem,2022-08-01
13185,Lucas Moore,Online,Immediate,Online,Portland,2024-01-26
13186,Hannah Davis,Online,Immediate,Online,Eugene,2025-09-02
13187,Ava Nguyen,Online,Immediate,Online,Lake Oswego,2023-01-26
13188,Mia Garcia,Online,Immediate,Online,Bend,2025-05-23
13189,Mia Davis,Online,Immediate,Online,Tigard,2024-01-08
13190,Ella Taylor,Online,Immediate,Online,Portland,2024-06-01
13191,Lucas Patel,Online,Immediate,Online,Portland,2022-06-08
13192,David Jones,Online,Immediate,Online, beaverton,2022-05-22
13193,Noah Nelson,Online,Immediate,Online, seattle,2025-05-08
13194,Liam Patel,Online,Immediate,Online,Hillsboro,2022-10-19
13195,Ava Johnson,Online,Immediate,Online,Gresham,2023-02-07
13196,Chloe Johnson,Online,Immediate,Online,Portland,2024-06-08
13197,DANIEL THOMAS ,Online,Immediate,Online,Tigard,2022-05-31
13198,Olivia Anderson,Online,Immediate,Online,Bend,2025-02-18
13199,Emma Williams,Online,Immediate,Online,Portland,2024-10-19
13200,Hannah Carter,Online,Immediate,Online, portland,2023-09-13
13201,ETHAN MARTIN ,Online,Immediate,Online,Salem,2025-10-20
13202,Mason Kim,Online,Immediate,Online,Portland,2023-03-29
13203,Ashley Miller,Online,Immediate,Online,Portland,2022-07-18
13204,Liam Smith,Online,Immediate,Online,Salem,2022-07-14
13205,Mia Lee,Online,Immediate,Online,Eugene,2024-10-20
13206,Jessica Taylor,Online,Immediate,Online,Portland,2022-03-31
13207,NOAH JONES ,Online,Immediate,Online,Portland,2023-03-14
13208,ISABELLA NELSON ,Online,Immediate,Online,Portland,2025-03-06
13209,Christopher Smith,Online,Immediate,Online,Gresham,2022-02-16
13210,Joseph Jones,Online,Immediate,Online,Beaverton,2023-12-06
13211,Emily Davis,Online,Immediate,Online,Seattle,2025-02-24
13212,Matthew Jones,Online,Immediate,Online,Salem,2022-01-08
13213,William Davis,Online,Immediate,Online,Portland,2022-07-25
13214,Madison Miller,Online,Immediate,Online,Corvallis,2023-11-06
13215,LUCAS GARCIA ,Online,Immediate,Online, portland,2025-07-24
13216,AVA LEE ,Online,Immediate,Online,Beaverton,2025-10-15
13217,Robert Smith,Online,Immediate,Online,Vancouver,2025-03-05
13218,Mason Nelson,Online,Immediate,Online,Lake Oswego,2024-06-24
13219,David Jones,Online,Immediate,Online,Lake Oswego,2025-07-12
13220,Chloe Martin,Online,Immediate,Online,Portland,2024-12-22
13221,Jessica Wilson,Online,Immediate,Online,Portland,2022-05-12
13222,WILLIAM NELSON ,Online,Immediate,Online,Corvallis,2025-08-24
13223,Ava Wilson,Online,Immediate,Online,Beaverton,2023-01-07
13224,Jessica Anderson,Online,Immediate,Online, portland,2025-11-09
13225,Jessica Taylor,Online,Immediate,Online,Salem,2025-10-07
13226,James Kim,Online,Immediate,Online,Portland,2023-05-31
13227,Jessica Williams,Online,Immediate,Online,Hillsboro,2024-05-23
13228,Mia Patel,Online,Immediate,Online,Portland,2024-07-21
13229,Robert Nguyen,Online,Immediate,Online,Portland,2025-07-28
13230,David Taylor,Online,Immediate,Online,Seattle,2023-02-02
13231,LIAM MARTIN ,Online,Immediate,Online,Portland,2024-12-03
13232,James Moore,Online,Immediate,Online,Portland,2024-02-01
13233,Madison Smith,Online,Immediate,Online,Portland,2024-04-21
13234,Sarah Miller,Online,Immediate,Online,Portland,2022-07-26
13235,Olivia Johnson,Online,Immediate,Online, seattle,2022-05-26
13236,Noah Miller,Online,Immediate,Online,Portland,2022-02-20
13237,HANNAH WILLIAMS ,Online,Immediate,Online,Portland,2024-11-16
13238,Ashley Williams,Online,Immediate,Online,Portland,2025-05-22
13239,William Williams,Online,Immediate,Online,Beaverton,2022-12-23
13240,JESSICA TAYLOR ,Online,Immediate,Online,Portland,2022-01-11
13241,Ethan Nelson,Online,Immediate,Online,Bend,2022-04-04
13242,Mason Thomas,Online,Immediate,Online,Beaverton,2022-01-17
13243,Christopher Davis,Online,Immediate,Online,Portland,2024-01-18
13244,Noah Carter,Online,Immediate,Online,Portland,2024-05-10
13245,Ashley Taylor,Online,Immediate,Online,Portland,2025-03-02
13246,CHLOE THOMAS ,Online,Immediate,Online, bend,2022-02-12
13247,Sarah Anderson,Online,Immediate,Online,Bend,2022-01-04
13248,Mason Smith,Online,Immediate,Online,Salem,2025-07-05
13249,William Patel,Online,Immediate,Online,Portland,2022-01-31
13250,Lucas Patel,Online,Immediate,Online,Portland,2025-06-30
13251,Matthew Lee,Online,Immediate,Online,Portland,2023-02-12
13252,Ella Johnson,Online,Immediate,Online,Bend,2022-08-08
13253,Ethan Miller,Online,Immediate,Online, portland,2023-03-31
13254,Mia Smith,Online,Immediate,Online,Portland,2023-09-05
13255,Andrew Martin,Online,Immediate,Online, portland,2025-09-01
13256,ELLA WILSON ,Online,Immediate,Online,Hillsboro,2025-11-25
13257,ANDREW JONES ,Online,Immediate,Online,Gresham,2025-02-16
13258,Ashley Smith,Online,Immediate,Online,Vancouver,2025-09-29
13259,Emily Martin,Online,Immediate,Online,Hillsboro,2022-05-21
13260,Michael Lee,Online,Immediate,Online,Portland,2024-04-30
13261,Emily Moore,Online,Immediate,Online,Hillsboro,2025-08-01
13262,Joseph Taylor,Online,Immediate,Online,Portland,2025-01-23
13263,Madison Miller,Online,Immediate,Online,Portland,2024-08-12
13264,Madison Miller,Online,Immediate,Online,Portland,2024-01-25
13265,Noah Wilson,Online,Immediate,Online,Beaverton,2024-12-21
13266,Mia Thomas,Online,Immediate,Online,Portland,2024-09-13
13267,Grace Patel,Online,Immediate,Online,Vancouver,2025-08-31
13268,Emily Patel,Online,Immediate,Online,Bend,2022-11-12
13269,Daniel Thomas,Online,Immediate,Online,Portland,2024-01-21
13270,Lucas Anderson,Online,Immediate,Online,Vancouver,2022-09-20
13271,Andrew Patel,Online,Immediate,Online,Portland,2022-08-24
13272,LUCAS WILLIAMS ,Online,Immediate,Online,Portland,2022-04-29
13273,David Davis,Online,Immediate,Online,Portland,2022-05-08
13274,James Moore,Online,Immediate,Online, beaverton,2024-04-14
13275,Robert Lee,Online,Immediate,Online,Portland,2025-11-20
13276,Daniel Martin,Online,Immediate,Online,Seattle,2023-08-17
13277,Chloe Garcia,Online,Immediate,Online,Portland,2024-01-19
13278,SARAH KIM ,Online,Immediate,Online, beaverton,2024-06-30
13279,Mason Carter,Online,Immediate,Online, bend,2023-08-08
13280,Emma Nelson,Online,Immediate,Online,Gresham,2024-11-18
13281,Mia Garcia,Online,Immediate,Online,Portland,2023-10-25
13282,Olivia Martin,Online,Immediate,Online,Hillsboro,2022-05-29
13283,Emma Nelson,Online,Immediate,Online, beaverton,2023-01-16
13284,Madison Brown,Online,Immediate,Online, salem,2024-02-18
13285,Ava Carter,Online,Immediate,Online,Eugene,2022-09-01
13286,Christopher Brown,Online,Immediate,Online,Portland,2023-07-13
13287,AVA CARTER ,Online,Immediate,Online, portland,2022-05-01
13288,Noah Carter,Online,Immediate,Online,Portland,2022-04-07
13289,EMILY CARTER ,Online,Immediate,Online,Portland,2023-11-02
13290,Hannah Brown,Online,Immediate,Online,Eugene,2025-02-05
13291,Olivia Martin,Online,Immediate,Online, hillsboro,2023-07-30
13292,Joseph Miller,Online,Immediate,Online,Portland,2022-12-11
13293,Ella Patel,Online,Immediate,Online,Beaverton,2025-02-05
13294,Mia Taylor,Online,Immediate,Online,Vancouver,2025-03-21
13295,Madison Miller,Online,Immediate,Online,Portland,2023-05-11
13296,Matthew Brown,Online,Immediate,Online,Tigard,2023-07-08
13297,Hannah Miller,Online,Immediate,Online, portland,2023-08-06
13298,Grace Nelson,Online,Immediate,Online,Portland,2022-01-30
13299,Liam Lee,Online,Immediate,Online,Bend,2025-05-05
13300,William Davis,Online,Immediate,Online,Salem,2022-11-17
13301,ANDREW JOHNSON ,Online,Immediate,Online,Portland,2025-10-11
13302,Matthew Thomas,Online,Immediate,Online,Portland,2022-04-02
13303,Chloe Kim,Online,Immediate,Online,Portland,2022-11-13
13304,David Kim,Online,Immediate,Online,Portland,2025-12-22
13305,Andrew Martin,Online,Immediate,Online,Bend,2022-06-03
13306,Ava Moore,Online,Immediate,Online,Hillsboro,2023-07-04
13307,Chloe Garcia,Online,Immediate,Online,Portland,2025-05-17
13308,Daniel Brown,Online,Immediate,Online, hillsboro,2024-05-12
13309,Hannah Smith,Online,Immediate,Online,Seattle,2022-03-10
13310,Olivia Miller,Online,Immediate,Online,Portland,2022-07-29
13311,Olivia Martin,Online,Immediate,Online,Portland,2025-08-25
13312,Grace Davis,Online,Immediate,Online,Portland,2022-03-29
13313,Ella Nguyen,Online,Immediate,Online,Portland,2023-10-05
13314,Emma Nelson,Online,Immediate,Online,Hillsboro,2025-11-28
13315,William Nelson,Online,Immediate,Online,Hillsboro,2022-09-14
13316,William Anderson,Online,Immediate,Online,Portland,2022-09-26
13317,Ashley Johnson,Online,Immediate,Online,Gresham,2025-10-04
13318,Daniel Thomas,Online,Immediate,Online,Portland,2024-09-26
13319,Emily Carter,Online,Immediate,Online,Hillsboro,2025-12-27
13320,MASON GARCIA ,Online,Immediate,Online,Gresham,2023-04-20
13321,Robert Wilson,Online,Immediate,Online,Portland,2023-06-26
13322,Andrew Patel,Online,Immediate,Online,Gresham,2023-05-31
13323,Emma Garcia,Online,Immediate,Online, vancouver,2023-08-19
13324,Mason Brown,Online,Immediate,Online,Portland,2022-03-11
13325,GRACE GARCIA ,Online,Immediate,Online,Portland,2025-06-05
13326,Lucas Brown,Online,Immediate,Online,Gresham,2023-05-25
13327,William Kim,Online,Immediate,Online,Gresham,2024-06-27
13328,Liam Moore,Online,Immediate,Online,Portland,2025-09-15
13329,Lucas Jones,Online,Immediate,Online,Gresham,2025-09-20
13330,Ava Wilson,Online,Immediate,Online,Corvallis,2025-03-05
13331,Ashley Carter,Online,Immediate,Online,Portland,2022-06-19
13332,Joseph Miller,Online,Immediate,Online,Portland,2024-01-31
13333,Mason Williams,Online,Immediate,Online,Portland,2022-01-21
13334,Joseph Patel,Online,Immediate,Online,Portland,2023-03-28
13335,ISABELLA GARCIA ,Online,Immediate,Online,Portland,2025-09-26
13336,Emily Miller,Online,Immediate,Online,Portland,2022-06-13
13337,Ethan Jones,Online,Immediate,Online,Lake Oswego,2023-09-02
13338,Ella Martin,Online,Immediate,Online,Beaverton,2023-07-18
13339,Ava Moore,Online,Immediate,Online,Salem,2022-07-09
13340,Noah Lee,Online,Immediate,Online,Hillsboro,2023-02-01
13341,Hannah Miller,Online,Immediate,Online,Eugene,2022-07-01
13342,Mason Moore,Online,Immediate,Online,Salem,2024-04-03
13343,Chloe Nguyen,Online,Immediate,Online,Tigard,2024-03-03
13344,Olivia Williams,Online,Immediate,Online,Portland,2022-12-27
13345,Andrew Smith,Online,Immediate,Online,Beaverton,2022-11-13
13346,Chloe Garcia,Online,Immediate,Online,Hillsboro,2024-09-12
13347,Mia Taylor,Online,Immediate,Online,Portland,2025-01-28
13348,GRACE CARTER ,Online,Immediate,Online,Salem,2024-06-29
13349,Lucas Taylor,Online,Immediate,Online,Hillsboro,2022-10-27
13350,Chloe Johnson,Online,Immediate,Online,Portland,2024-05-14
13351,JAMES CARTER ,Online,Immediate,Online,Portland,2024-10-27
13352,CHRISTOPHER WILSON ,Online,Immediate,Online, hillsboro,2023-09-03
13353,Andrew Miller,Online,Immediate,Online,Vancouver,2023-06-21
13354,Emma Nelson,Online,Immediate,Online,Vancouver,2022-01-02
13355,Liam Nelson,Online,Immediate,Online,Portland,2023-02-10
13356,Grace Anderson,Online,Immediate,Online,Bend,2025-09-14
13357,Daniel Carter,Online,Immediate,Online,Salem,2022-11-03
13358,Olivia Thomas,Online,Immediate,Online,Portland,2024-01-23
13359,Grace Anderson,Online,Immediate,Online,Bend,2024-05-01
13360,Grace Davis,Online,Immediate,Online,Portland,2022-05-18
13361,Robert Jones,Online,Immediate,Online,Portland,2023-06-22
13362,JOSEPH SMITH ,Online,Immediate,Online,Portland,2024-08-06
13363,EMMA DAVIS ,Online,Immediate,Online,Portland,2022-12-28
13364,ETHAN ANDERSON ,Online,Immediate,Online,Portland,2025-09-21
13365,ROBERT LEE ,Online,Immediate,Online, portland,2025-11-03
13366,Ava Kim,Online,Immediate,Online,Portland,2023-05-09
13367,ASHLEY GARCIA ,Online,Immediate,Online,Portland,2022-05-12
13368,Andrew Kim,Online,Immediate,Online,Seattle,2022-01-17
13369,Olivia Carter,Online,Immediate,Online, gresham,2023-02-23
13370,Emily Moore,Online,Immediate,Online,Portland,2023-07-05
13371,Emma Williams,Online,Immediate,Online,Portland,2023-12-22
13372,Matthew Taylor,Online,Immediate,Online,Portland,2022-11-02
13373,Isabella Garcia,Online,Immediate,Online,Portland,2023-12-26
13374,Ashley Miller,Online,Immediate,Online,Beaverton,2022-10-25
13375,Emma Lee,Online,Immediate,Online,Portland,2022-05-28
13376,Olivia Johnson,Online,Immediate,Online, portland,2022-09-18
13377,Olivia Martin,Online,Immediate,Online,Portland,2023-07-26
13378,Lucas Garcia,Online,Immediate,Online,Portland,2024-03-26
13379,Robert Johnson,Online,Immediate,Online,Beaverton,2025-12-23
13380,Ashley Moore,Online,Immediate,Online,Portland,2023-05-10
13381,AVA MILLER ,Online,Immediate,Online,Portland,2024-04-14
13382,LUCAS LEE ,Online,Immediate,Online,Portland,2023-02-10
13383,Mia Williams,Online,Immediate,Online,Eugene,2022-09-05
13384,Ethan Carter,Online,Immediate,Online,Portland,2022-02-28
13385,Chloe Martin,Online,Immediate,Online,Beaverton,2022-04-15
13386,Madison Davis,Online,Immediate,Online,Portland,2022-03-15
13387,Ashley Johnson,Online,Immediate,Online,Beaverton,2024-05-21
13388,Sarah Garcia,Online,Immediate,Online,Portland,2022-04-11
13389,Matthew Anderson,Online,Immediate,Online,Portland,2024-07-13
13390,Noah Wilson,Online,Immediate,Online,Corvallis,2022-03-12
13391,ELLA CARTER ,Online,Immediate,Online,Portland,2024-01-27
13392,Daniel Thomas,Online,Immediate,Online,Portland,2023-06-04
13393,Michael Nelson,Online,Immediate,Online, portland,2025-12-16
13394,Ella Davis,Online,Immediate,Online, portland,2024-07-14
13395,Chloe Davis,Online,Immediate,Online,Portland,2025-03-13
13396,Robert Lee,Online,Immediate,Online,Seattle,2022-12-10
13397,Noah Smith,Online,Immediate,Online,Portland,2022-07-23
13398,Isabella Kim,Online,Immediate,Online,Portland,2022-10-24
13399,SOPHIA CARTER ,Online,Immediate,Online,Beaverton,2024-09-05
13400,Emily Williams,Online,Immediate,Online,Portland,2025-02-07
13401,Sophia Wilson,Online,Immediate,Online,Portland,2022-11-02
13402,Ethan Wilson,Online,Immediate,Online,Portland,2023-02-06
13403,Olivia Miller,Online,Immediate,Online,Portland,2025-12-24
13404,Sarah Garcia,Online,Immediate,Online,Portland,2022-01-16
13405,Olivia Moore,Online,Immediate,Online,Vancouver,2023-10-29
13406,Sarah Moore,Online,Immediate,Online,Portland,2024-02-29
13407,SARAH MOORE ,Online,Immediate,Online,Portland,2024-03-10
13408,William Wilson,Online,Immediate,Online,Portland,2025-12-29
13409,OLIVIA KIM ,Online,Immediate,Online,Vancouver,2024-03-09
13410,William Garcia,Online,Immediate,Online,Bend,2023-03-02
13411,Sophia Anderson,Online,Immediate,Online,Beaverton,2024-11-27
13412,Ethan Kim,Online,Immediate,Online,Hillsboro,2022-09-22
13413,JAMES LEE ,Online,Immediate,Online,Lake Oswego,2023-07-25
13414,David Anderson,Online,Immediate,Online,Eugene,2025-12-31
13415,CHLOE CARTER ,Online,Immediate,Online,Vancouver,2023-05-01
13416,Hannah Davis,Online,Immediate,Online,Portland,2022-02-25
13417,Ethan Garcia,Online,Immediate,Online, portland,2025-04-13
13418,Christopher Brown,Online,Immediate,Online,Beaverton,2025-01-09
13419,LIAM CARTER ,Online,Immediate,Online,Portland,2024-08-14
13420,Emily Davis,Online,Immediate,Online,Portland,2022-11-19
13421,Joseph Smith,Online,Immediate,Online,Portland,2025-05-21
13422,Christopher Anderson,Online,Immediate,Online,Vancouver,2022-09-07
13423,Olivia Kim,Online,Immediate,Online,Portland,2025-01-16
13424,Mason Wilson,Online,Immediate,Online,Gresham,2025-07-13
13425,Chloe Nelson,Online,Immediate,Online,Portland,2024-07-28
13426,Andrew Williams,Online,Immediate,Online, vancouver,2023-10-30
13427,Sophia Johnson,Online,Immediate,Online,Portland,2022-09-26
13428,Isabella Williams,Online,Immediate,Online,Portland,2025-05-10
13429,Ava Moore,Online,Immediate,Online,Portland,2024-03-06
13430,Ava Patel,Online,Immediate,Online,Corvallis,2023-03-19
13431,Chloe Smith,Online,Immediate,Online,Tigard,2024-12-28
13432,Isabella Brown,Online,Immediate,Online, seattle,2025-03-21
13433,Emily Garcia,Online,Immediate,Online,Portland,2022-02-17
13434,Andrew Brown,Online,Immediate,Online,Salem,2025-07-08
13435,Chloe Kim,Online,Immediate,Online,Vancouver,2022-07-06
13436,James Nguyen,Online,Immediate,Online,Portland,2025-02-14
13437,Noah Johnson,Online,Immediate,Online,Portland,2022-02-26
13438,Ella Taylor,Online,Immediate,Online,Bend,2024-06-18
13439,David Patel,Online,Immediate,Online,Beaverton,2023-05-24
13440,Emily Lee,Online,Immediate,Online,Bend,2022-05-26
13441,Emma Carter,Online,Immediate,Online,Beaverton,2025-05-13
13442,Isabella Jones,Online,Immediate,Online,Beaverton,2023-03-24
13443,Andrew Martin,Online,Immediate,Online,Portland,2024-10-25
13444,Joseph Garcia,Online,Immediate,Online,Lake Oswego,2023-04-17
13445,Ava Taylor,Online,Immediate,Online,Salem,2023-10-22
13446,Grace Carter,Online,Immediate,Online, portland,2025-07-08
13447,MADISON TAYLOR ,Online,Immediate,Online,Eugene,2023-01-06
13448,Isabella Williams,Online,Immediate,Online,Salem,2024-09-09
13449,Daniel Garcia,Online,Immediate,Online,Eugene,2023-10-29
13450,ROBERT JOHNSON ,Online,Immediate,Online,Bend,2025-06-16
13451,DANIEL NELSON ,Online,Immediate,Online,Gresham,2024-01-02
13452,Robert Williams,Online,Immediate,Online,Beaverton,2025-05-09
13453,OLIVIA WILSON ,Online,Immediate,Online,Hillsboro,2024-05-05
13454,LUCAS WILSON ,Online,Immediate,Online,Portland,2025-09-30
13455,Joseph Williams,Online,Immediate,Online,Portland,2025-10-03
13456,Lucas Garcia,Online,Immediate,Online,Portland,2024-01-28
13457,Liam Carter,Online,Immediate,Online,Portland,2024-02-11
13458,Christopher Patel,Online,Immediate,Online,Lake Oswego,2025-05-18
13459,Chloe Garcia,Online,Immediate,Online,Portland,2024-03-30
13460,Andrew Brown,Online,Immediate,Online,Portland,2022-04-13
13461,Madison Garcia,Online,Immediate,Online,Portland,2022-11-27
13462,JOSEPH THOMAS ,Online,Immediate,Online, gresham,2022-06-19
13463,Robert Patel,Online,Immediate,Online,Portland,2025-06-20
13464,Sarah Thomas,Online,Immediate,Online,Lake Oswego,2023-08-14
13465,Joseph Miller,Online,Immediate,Online,Eugene,2025-07-16
13466,Liam Carter,Online,Immediate,Online,Portland,2025-05-14
13467,David Smith,Online,Immediate,Online,Salem,2022-01-21
13468,EMILY WILLIAMS ,Online,Immediate,Online,Portland,2022-07-22
13469,ELLA THOMAS ,Online,Immediate,Online,Portland,2023-10-08
13470,ISABELLA NGUYEN ,Online,Immediate,Online,Portland,2022-05-21
13471,OLIVIA MARTIN ,Online,Immediate,Online,Portland,2022-08-18
13472,SARAH WILLIAMS ,Online,Immediate,Online,Salem,2023-09-18
13473,Emily Brown,Online,Immediate,Online,Corvallis,2023-04-11
13474,Joseph Kim,Online,Immediate,Online,Beaverton,2023-03-15
13475,Mia Johnson,Online,Immediate,Online,Beaverton,2022-11-05
13476,Jessica Nelson,Online,Immediate,Online,Beaverton,2023-12-09
13477,Andrew Smith,Online,Immediate,Online,Portland,2025-03-31
13478,Isabella Brown,Online,Immediate,Online,Gresham,2022-12-02
13479,Robert Johnson,Online,Immediate,Online,Portland,2022-03-15
13480,Mason Davis,Online,Immediate,Online,Portland,2023-09-18
13481,Liam Taylor,Online,Immediate,Online,Gresham,2024-04-11
13482,Andrew Smith,Online,Immediate,Online,Portland,2025-08-03
13483,Mia Jones,Online,Immediate,Online,Portland,2023-09-17
13484,James Carter,Online,Immediate,Online,Portland,2022-09-26
13485,Emma Garcia,Online,Immediate,Online,Hillsboro,2022-11-23
13486,Andrew Jones,Online,Immediate,Online,Beaverton,2025-06-02
13487,Liam Wilson,Online,Immediate,Online,Portland,2024-08-11
13488,James Johnson,Online,Immediate,Online,Vancouver,2023-07-26
13489,Ava Lee,Online,Immediate,Online,Portland,2022-07-18
13490,Lucas Martin,Online,Immediate,Online,Eugene,2023-04-20
13491,Ava Lee,Online,Immediate,Online,Portland,2024-10-17
13492,Ella Nguyen,Online,Immediate,Online,Vancouver,2023-03-26
13493,Emily Miller,Online,Immediate,Online,Portland,2023-12-23
13494,ELLA MILLER ,Online,Immediate,Online,Vancouver,2024-03-11
13495,Robert Thomas,Online,Immediate,Online,Portland,2025-01-18
13496,Liam Garcia,Online,Immediate,Online,Beaverton,2025-06-19
13497,James Taylor,Online,Immediate,Online,Portland,2024-09-13
13498,Andrew Lee,Online,Immediate,Online,Corvallis,2022-11-02
13499,Jessica Carter,Online,Immediate,Online,Vancouver,2022-02-13
13500,Andrew Garcia,Online,Immediate,Online,Portland,2022-10-14
13501,CHLOE TAYLOR ,Online,Immediate,Online, beaverton,2022-12-06
13502,Andrew Garcia,Online,Immediate,Online,Gresham,2024-11-12
13503,Hannah Wilson,Online,Immediate,Online,Beaverton,2024-01-14
13504,MADISON JONES ,Online,Immediate,Online,Portland,2023-11-06
13505,LUCAS MARTIN ,Online,Immediate,Online,Salem,2025-07-23
13506,Noah Lee,Online,Immediate,Online, portland,2023-05-15
13507,Isabella Davis,Online,Immediate,Online,Portland,2024-10-07
13508,Madison Wilson,Online,Immediate,Online,Portland,2025-04-21
13509,Emily Johnson,Online,Immediate,Online,Portland,2024-12-30
13510,Joseph Lee,Online,Immediate,Online,Corvallis,2022-04-20
13511,Ava Moore,Online,Immediate,Online, vancouver,2025-04-24
13512,Andrew Davis,Online,Immediate,Online,Gresham,2024-01-19
13513,ETHAN DAVIS ,Online,Immediate,Online,Beaverton,2025-12-07
13514,Michael Wilson,Online,Immediate,Online,Eugene,2025-10-03
13515,Liam Carter,Online,Immediate,Online, beaverton,2022-07-02
13516,Robert Thomas,Online,Immediate,Online,Beaverton,2022-11-20
13517,Mia Miller,Online,Immediate,Online,Seattle,2024-05-29
13518,Emily Davis,Online,Immediate,Online,Portland,2024-03-20
13519,Sarah Carter,Online,Immediate,Online, eugene,2024-02-18
13520,William Moore,Online,Immediate,Online,Portland,2022-10-17
13521,Ashley Johnson,Online,Immediate,Online,Portland,2025-12-27
13522,WILLIAM JONES ,Online,Immediate,Online,Beaverton,2022-06-13
13523,Noah Wilson,Online,Immediate,Online, portland,2023-08-01
13524,Olivia Taylor,Online,Immediate,Online,Portland,2022-03-16
13525,Michael Carter,Online,Immediate,Online,Portland,2023-05-19
13526,Matthew Wilson,Online,Immediate,Online,Salem,2025-05-28
13527,Michael Thomas,Online,Immediate,Online,Portland,2024-01-01
13528,Isabella Smith,Online,Immediate,Online,Gresham,2025-09-14
13529,Robert Johnson,Online,Immediate,Online,Beaverton,2025-09-23
13530,DANIEL GARCIA ,Online,Immediate,Online,Bend,2024-09-08
13531,Jessica Kim,Online,Immediate,Online,Portland,2023-01-16
13532,Emma Moore,Online,Immediate,Online,Gresham,2022-10-26
13533,Hannah Smith,Online,Immediate,Online, tigard,2025-09-07
13534,Chloe Brown,Online,Immediate,Online,Bend,2023-12-19
13535,David Moore,Online,Immediate,Online,Portland,2025-10-30
13536,Emily Garcia,Online,Immediate,Online,Portland,2023-05-16
13537,Joseph Smith,Online,Immediate,Online,Portland,2025-04-24
13538,Daniel Wilson,Online,Immediate,Online,Bend,2024-10-15
13539,HANNAH LEE ,Online,Immediate,Online,Corvallis,2024-06-06
13540,Ashley Smith,Online,Immediate,Online,Portland,2023-01-27
13541,David Nguyen,Online,Immediate,Online,Portland,2022-09-27
13542,Robert Moore,Online,Immediate,Online,Portland,2022-06-03
13543,Hannah Jones,Online,Immediate,Online,Portland,2024-12-14
13544,Emma Taylor,Online,Immediate,Online,Portland,2022-11-29
13545,Liam Patel,Online,Immediate,Online,Eugene,2023-09-05
13546,Madison Taylor,Online,Immediate,Online,Hillsboro,2023-02-26
13547,Emily Nguyen,Online,Immediate,Online,Portland,2023-06-28
13548,Sophia Moore,Online,Immediate,Online,Portland,2023-06-15
13549,Lucas Lee,Online,Immediate,Online,Bend,2022-03-22
13550,Sophia Nelson,Online,Immediate,Online,Portland,2023-12-30
13551,David Johnson,Online,Immediate,Online,Portland,2024-04-15
13552,Ashley Jones,Online,Immediate,Online,Portland,2023-04-24
13553,Madison Wilson,Online,Immediate,Online,Lake Oswego,2022-10-11
13554,Noah Brown,Online,Immediate,Online,Portland,2022-02-07
13555,WILLIAM KIM ,Online,Immediate,Online, seattle,2025-09-20
13556,Jessica Smith,Online,Immediate,Online,Gresham,2024-08-20
13557,Robert Carter,Online,Immediate,Online,Portland,2022-04-21
13558,Mia Kim,Online,Immediate,Online,Portland,2024-02-12
13559,Sophia Jones,Online,Immediate,Online,Bend,2022-02-15
13560,Madison Carter,Online,Immediate,Online,Portland,2022-05-12
13561,Hannah Jones,Online,Immediate,Online,Tigard,2024-09-18
13562,Matthew Anderson,Online,Immediate,Online,Portland,2024-04-02
13563,Emily Thomas,Online,Immediate,Online,Portland,2024-07-23
13564,Christopher Johnson,Online,Immediate,Online,Eugene,2023-08-23
13565,GRACE ANDERSON ,Online,Immediate,Online, portland,2023-11-30
13566,Isabella Anderson,Online,Immediate,Online,Portland,2024-10-18
13567,David Taylor,Online,Immediate,Online,Portland,2023-09-26
13568,Ethan Carter,Online,Immediate,Online,Portland,2023-05-26
13569,Andrew Johnson,Online,Immediate,Online,Vancouver,2023-12-26
13570,Ethan Anderson,Online,Immediate,Online, portland,2022-08-17
13571,Sophia Anderson,Online,Immediate,Online,Portland,2023-03-10
13572,Isabella Martin,Online,Immediate,Online,Portland,2025-08-02
13573,Madison Patel,Online,Immediate,Online,Hillsboro,2022-02-26
13574,Chloe Carter,Online,Immediate,Online,Portland,2025-09-24
13575,Lucas Williams,Online,Immediate,Online,Gresham,2024-03-12
13576,OLIVIA MILLER ,Online,Immediate,Online, tigard,2023-06-19
13577,Daniel Williams,Online,Immediate,Online,Portland,2022-08-21
13578,Olivia Taylor,Online,Immediate,Online,Beaverton,2022-10-07
13579,Hannah Wilson,Online,Immediate,Online,Hillsboro,2022-09-09
13580,Jessica Brown,Online,Immediate,Online,Salem,2022-08-16
13581,Christopher Martin,Online,Immediate,Online,Portland,2023-09-09
13582,Chloe Davis,Online,Immediate,Online,Gresham,2024-08-22
13583,Ella Johnson,Online,Immediate,Online,Portland,2024-02-10
13584,Matthew Garcia,Online,Immediate,Online,Beaverton,2025-02-11
13585,Ashley Smith,Online,Immediate,Online,Beaverton,2025-02-03
13586,Robert Wilson,Online,Immediate,Online,Tigard,2023-12-31
13587,James Lee,Online,Immediate,Online, portland,2024-10-04
13588,Michael Williams,Online,Immediate,Online, portland,2023-02-08
13589,Hannah Davis,Online,Immediate,Online,Vancouver,2022-08-04
13590,Isabella Miller,Online,Immediate,Online, portland,2022-01-23
13591,HANNAH LEE ,Online,Immediate,Online,Portland,2022-11-18
13592,Emma Wilson,Online,Immediate,Online, portland,2024-09-18
13593,Ashley Nguyen,Online,Immediate,Online,Hillsboro,2023-11-01
13594,Joseph Kim,Online,Immediate,Online,Portland,2022-12-09
13595,Mason Smith,Online,Immediate,Online,Portland,2022-04-02
13596,Joseph Davis,Online,Immediate,Online,Portland,2024-02-11
13597,ROBERT LEE ,Online,Immediate,Online,Portland,2022-07-22
13598,Jessica Garcia,Online,Immediate,Online,Portland,2022-02-21
13599,Ashley Williams,Online,Immediate,Online,Beaverton,2022-11-20
13600,Hannah Davis,Online,Immediate,Online,Portland,2023-07-08
13601,Matthew Smith,Online,Immediate,Online,Beaverton,2024-03-29
13602,Grace Nguyen,Online,Immediate,Online,Portland,2024-08-12
13603,Sophia Anderson,Online,Immediate,Online,Vancouver,2023-11-27
13604,GRACE LEE ,Online,Immediate,Online,Portland,2024-07-16
13605,Mia Williams,Online,Immediate,Online,Tigard,2023-06-03
13606,ASHLEY GARCIA ,Online,Immediate,Online, portland,2023-04-12
13607,SOPHIA JOHNSON ,Online,Immediate,Online,Gresham,2022-04-03
13608,Ava Williams,Online,Immediate,Online,Portland,2022-03-12
13609,Christopher Garcia,Online,Immediate,Online, corvallis,2025-11-04
13610,GRACE ANDERSON ,Online,Immediate,Online,Portland,2025-08-22
13611,Daniel Carter,Online,Immediate,Online,Corvallis,2023-09-03
13612,Grace Nguyen,Online,Immediate,Online, hillsboro,2022-12-24
13613,Christopher Lee,Online,Immediate,Online,Tigard,2025-01-19
13614,Ethan Carter,Online,Immediate,Online,Beaverton,2024-08-11
13615,William Garcia,Online,Immediate,Online,Portland,2025-11-09
13616,James Smith,Online,Immediate,Online,Portland,2022-07-27
13617,Isabella Carter,Online,Immediate,Online,Lake Oswego,2025-05-05
13618,Madison Nelson,Online,Immediate,Online,Beaverton,2025-09-09
13619,ELLA PATEL ,Online,Immediate,Online, portland,2022-08-07
13620,Sarah Smith,Online,Immediate,Online,Salem,2022-05-16
13621,Ava Kim,Online,Immediate,Online,Lake Oswego,2025-05-11
13622,Ella Taylor,Online,Immediate,Online,Salem,2022-03-06
13623,Emily Smith,Online,Immediate,Online,Salem,2025-01-24
13624,SOPHIA WILSON ,Online,Immediate,Online,Portland,2025-03-31
13625,Matthew Kim,Online,Immediate,Online,Beaverton,2025-07-17
13626,Ava Wilson,Online,Immediate,Online,Lake Oswego,2023-08-14
13627,Emily Smith,Online,Immediate,Online,Salem,2023-04-25
13628,Olivia Davis,Online,Immediate,Online,Portland,2023-08-31
13629,Noah Garcia,Online,Immediate,Online,Portland,2023-09-21
13630,Jessica Smith,Online,Immediate,Online,Vancouver,2024-09-03
13631,Olivia Patel,Online,Immediate,Online,Beaverton,2025-05-28
13632,Mia Jones,Online,Immediate,Online,Portland,2022-05-16
13633,Jessica Taylor,Online,Immediate,Online,Portland,2024-12-16
13634,Hannah Moore,Online,Immediate,Online,Salem,2023-11-11
13635,Christopher Patel,Online,Immediate,Online,Portland,2025-07-12
13636,Liam Martin,Online,Immediate,Online,Portland,2025-10-07
13637,Matthew Johnson,Online,Immediate,Online,Portland,2024-12-09
13638,William Patel,Online,Immediate,Online,Hillsboro,2022-07-05
13639,Hannah Williams,Online,Immediate,Online,Bend,2023-07-10
13640,NOAH NELSON ,Online,Immediate,Online,Portland,2023-09-13
13641,Olivia Thomas,Online,Immediate,Online,Portland,2025-08-18
13642,Mason Garcia,Online,Immediate,Online,Tigard,2025-07-13
13643,Emma Smith,Online,Immediate,Online,Portland,2025-10-22
13644,William Taylor,Online,Immediate,Online,Portland,2022-01-31
13645,Ashley Taylor,Online,Immediate,Online,Hillsboro,2025-09-02
13646,Jessica Nelson,Online,Immediate,Online,Portland,2025-05-21
13647,ELLA KIM ,Online,Immediate,Online,Portland,2024-10-30
13648,Ethan Wilson,Online,Immediate,Online,Portland,2023-12-16
13649,Matthew Moore,Online,Immediate,Online,Tigard,2025-09-20
13650,Hannah Smith,Online,Immediate,Online,Portland,2025-03-18
13651,Christopher Johnson,Online,Immediate,Online,Beaverton,2025-05-23
13652,Lucas Thomas,Online,Immediate,Online,Beaverton,2022-02-10
13653,Mia Carter,Online,Immediate,Online,Portland,2023-02-07
13654,Christopher Moore,Online,Immediate,Online,Tigard,2022-04-25
13655,Noah Moore,Online,Immediate,Online,Seattle,2025-07-27
13656,MASON JONES ,Online,Immediate,Online,Hillsboro,2025-12-30
13657,Grace Moore,Online,Immediate,Online,Hillsboro,2022-05-29
13658,Mason Garcia,Online,Immediate,Online,Eugene,2025-05-03
13659,Daniel Garcia,Online,Immediate,Online,Hillsboro,2023-06-30
13660,Liam Thomas,Online,Immediate,Online,Portland,2024-02-06
13661,Daniel Taylor,Online,Immediate,Online,Corvallis,2025-07-18
13662,Emma Martin,Online,Immediate,Online,Portland,2023-02-19
13663,Liam Johnson,Online,Immediate,Online,Portland,2024-07-28
13664,LIAM JONES ,Online,Immediate,Online,Portland,2022-06-08
13665,Robert Williams,Online,Immediate,Online,Portland,2024-07-22
13666,LIAM TAYLOR ,Online,Immediate,Online,Portland,2024-08-23
13667,Madison Patel,Online,Immediate,Online,Portland,2024-05-18
13668,Hannah Brown,Online,Immediate,Online,Portland,2025-11-15
13669,ISABELLA MILLER ,Online,Immediate,Online,Portland,2023-09-11
13670,Robert Wilson,Online,Immediate,Online, portland,2024-11-06
13671,JOSEPH MILLER ,Online,Immediate,Online,Portland,2024-08-25
13672,ASHLEY MOORE ,Online,Immediate,Online,Portland,2025-11-08
13673,Lucas Wilson,Online,Immediate,Online,Beaverton,2023-06-29
13674,Lucas Anderson,Online,Immediate,Online,Portland,2023-03-08
13675,Mason Nguyen,Online,Immediate,Online,Portland,2022-06-11
13676,Andrew Williams,Online,Immediate,Online,Corvallis,2024-10-26
13677,Ava Williams,Online,Immediate,Online,Portland,2024-10-20
13678,LIAM JOHNSON ,Online,Immediate,Online,Eugene,2023-07-29
13679,Joseph Smith,Online,Immediate,Online,Vancouver,2023-02-03
13680,Madison Garcia,Online,Immediate,Online,Vancouver,2024-05-02
13681,Mason Davis,Online,Immediate,Online,Hillsboro,2025-05-08
13682,Grace Davis,Online,Immediate,Online,Hillsboro,2023-12-28
13683,LUCAS WILSON ,Online,Immediate,Online, vancouver,2024-12-30
13684,Mia Carter,Online,Immediate,Online,Hillsboro,2024-12-18
13685,Ava Lee,Online,Immediate,Online,Corvallis,2023-02-02
13686,William Nelson,Online,Immediate,Online,Portland,2025-03-25
13687,Isabella Davis,Online,Immediate,Online,Eugene,2024-01-05
13688,Jessica Williams,Online,Immediate,Online,Portland,2023-10-20
13689,OLIVIA CARTER ,Online,Immediate,Online,Corvallis,2023-08-01
13690,Lucas Taylor,Online,Immediate,Online,Portland,2023-02-13
13691,GRACE NELSON ,Online,Immediate,Online,Portland,2022-07-23
13692,Lucas Garcia,Online,Immediate,Online,Lake Oswego,2025-08-22
13693,Chloe Taylor,Online,Immediate,Online,Portland,2024-06-05
13694,Olivia Anderson,Online,Immediate,Online,Beaverton,2023-10-13
13695,Sophia Brown,Online,Immediate,Online,Portland,2023-01-09
13696,Ethan Nelson,Online,Immediate,Online,Hillsboro,2024-11-14
13697,William Williams,Online,Immediate,Online,Portland,2025-12-17
13698,William Lee,Online,Immediate,Online,Portland,2022-11-25
13699,AVA CARTER ,Online,Immediate,Online,Tigard,2022-04-26
13700,Hannah Lee,Online,Immediate,Online,Portland,2024-12-03
13701,Joseph Smith,Online,Immediate,Online,Portland,2025-05-08
13702,Ashley Williams,Online,Immediate,Online,Hillsboro,2023-05-10
13703,Robert Patel,Online,Immediate,Online,Beaverton,2024-03-01
13704,Ava Smith,Online,Immediate,Online,Portland,2024-10-30
13705,JAMES NELSON ,Online,Immediate,Online,Portland,2025-11-13
13706,William Martin,Online,Immediate,Online,Hillsboro,2023-12-22
13707,Mason Lee,Online,Immediate,Online, portland,2023-05-05
13708,Lucas Taylor,Online,Immediate,Online,Hillsboro,2022-05-21
13709,LIAM NGUYEN ,Online,Immediate,Online,Salem,2022-03-13
13710,Emily Williams,Online,Immediate,Online, portland,2023-07-30
13711,SOPHIA DAVIS ,Online,Immediate,Online,Tigard,2022-07-05
13712,MIA MOORE ,Online,Immediate,Online,Portland,2023-04-06
13713,Michael Williams,Online,Immediate,Online,Vancouver,2025-02-06
13714,Michael Johnson,Online,Immediate,Online,Portland,2022-11-27
13715,Hannah Nelson,Online,Immediate,Online,Portland,2023-09-05
13716,GRACE WILSON ,Online,Immediate,Online,Portland,2023-03-04
13717,Joseph Brown,Online,Immediate,Online,Portland,2023-07-21
13718,Isabella Smith,Online,Immediate,Online,Corvallis,2022-09-26
13719,Michael Jones,Online,Immediate,Online, seattle,2022-03-05
13720,Lucas Carter,Online,Immediate,Online,Vancouver,2024-05-15
13721,William Nguyen,Online,Immediate,Online,Hillsboro,2024-07-23
13722,Sophia Nguyen,Online,Immediate,Online,Portland,2024-06-12
13723,Sarah Brown,Online,Immediate,Online, hillsboro,2023-02-08
13724,Michael Miller,Online,Immediate,Online,Portland,2025-02-07
13725,Madison Smith,Online,Immediate,Online,Bend,2025-06-18
13726,Daniel Martin,Online,Immediate,Online,Portland,2025-07-13
13727,Chloe Carter,Online,Immediate,Online,Portland,2022-10-26
13728,Jessica Wilson,Online,Immediate,Online,Hillsboro,2023-06-09
13729,WILLIAM DAVIS ,Online,Immediate,Online,Portland,2023-03-14
13730,JESSICA MOORE ,Online,Immediate,Online,Gresham,2023-02-23
13731,Olivia Johnson,Online,Immediate,Online, vancouver,2023-10-12
13732,MADISON WILSON ,Online,Immediate,Online, portland,2025-01-20
13733,Isabella Smith,Online,Immediate,Online,Salem,2024-10-25
13734,Madison Smith,Online,Immediate,Online,Vancouver,2023-11-25
13735,Ashley Moore,Online,Immediate,Online, portland,2025-08-16
13736,Sophia Anderson,Online,Immediate,Online,Portland,2023-06-30
13737,Emma Taylor,Online,Immediate,Online,Seattle,2023-12-22
13738,Lucas Patel,Online,Immediate,Online,Portland,2023-09-22
13739,Chloe Martin,Online,Immediate,Online,Lake Oswego,2025-06-02
13740,Sophia Davis,Online,Immediate,Online, portland,2023-04-17
13741,Mia Lee,Online,Immediate,Online,Portland,2024-05-04
13742,Chloe Wilson,Online,Immediate,Online,Portland,2022-06-17
13743,Daniel Garcia,Online,Immediate,Online,Beaverton,2023-03-03
13744,James Taylor,Online,Immediate,Online,Portland,2022-03-15
13745,Robert Kim,Online,Immediate,Online,Portland,2022-01-15
13746,LUCAS BROWN ,Online,Immediate,Online,Seattle,2022-04-23
13747,Jessica Williams,Online,Immediate,Online, portland,2023-05-30
13748,Emily Moore,Online,Immediate,Online,Portland,2024-04-05
13749,Liam Brown,Online,Immediate,Online,Portland,2022-07-21
13750,Mia Davis,Online,Immediate,Online,Beaverton,2025-11-29
13751,Ethan Martin,Online,Immediate,Online,Portland,2025-03-15
13752,CHRISTOPHER BROWN ,Online,Immediate,Online,Hillsboro,2023-06-20
13753,EMMA WILSON ,Online,Immediate,Online,Portland,2024-05-10
13754,Olivia Wilson,Online,Immediate,Online,Gresham,2024-06-20
13755,Olivia Garcia,Online,Immediate,Online, gresham,2025-06-21
13756,Lucas Anderson,Online,Immediate,Online,Portland,2025-02-17
13757,James Taylor,Online,Immediate,Online,Portland,2022-10-28
13758,Mia Williams,Online,Immediate,Online,Hillsboro,2025-12-26
13759,Andrew Lee,Online,Immediate,Online, portland,2022-02-14
13760,Noah Nguyen,Online,Immediate,Online,Portland,2024-11-07
13761,Ava Davis,Online,Immediate,Online,Seattle,2025-05-30
13762,Hannah Martin,Online,Immediate,Online, eugene,2025-06-12
13763,SARAH LEE ,Online,Immediate,Online,Portland,2024-10-09
13764,Ashley Jones,Online,Immediate,Online, lake oswego,2024-11-23
13765,Sophia Wilson,Online,Immediate,Online,Portland,2022-04-15
13766,Sophia Anderson,Online,Immediate,Online, vancouver,2024-05-28
13767,Chloe Miller,Online,Immediate,Online,Portland,2022-06-15
13768,MIA WILLIAMS ,Online,Immediate,Online,Hillsboro,2022-12-27
13769,Olivia Taylor,Online,Immediate,Online,Beaverton,2024-12-14
13770,JESSICA JOHNSON ,Online,Immediate,Online, portland,2023-02-12
13771,Andrew Thomas,Online,Immediate,Online,Beaverton,2024-10-30
13772,Sarah Nelson,Online,Immediate,Online,Portland,2025-03-17
13773,MIA GARCIA ,Online,Immediate,Online,Portland,2022-11-18
13774,JOSEPH SMITH ,Online,Immediate,Online,Portland,2022-10-03
13775,Joseph Nelson,Online,Immediate,Online,Beaverton,2022-11-14
13776,ASHLEY NGUYEN ,Online,Immediate,Online,Gresham,2023-08-31
13777,Lucas Carter,Online,Immediate,Online,Corvallis,2024-12-04
13778,Liam Smith,Online,Immediate,Online,Corvallis,2025-05-07
13779,Jessica Carter,Online,Immediate,Online,Beaverton,2023-11-30
13780,Hannah Smith,Online,Immediate,Online,Portland,2022-11-08
13781,Ashley Nguyen,Online,Immediate,Online,Seattle,2025-01-29
13782,Ethan Williams,Online,Immediate,Online,Portland,2024-01-30
13783,Madison Davis,Online,Immediate,Online,Portland,2023-06-12
13784,ELLA DAVIS ,Online,Immediate,Online, gresham,2022-12-30
13785,Joseph Jones,Online,Immediate,Online,Portland,2022-04-01
13786,Sarah Taylor,Online,Immediate,Online, portland,2024-05-27
13787,Sophia Nguyen,Online,Immediate,Online,Portland,2025-07-11
13788,Olivia Brown,Online,Immediate,Online,Portland,2023-06-21
13789,Ella Lee,Online,Immediate,Online,Eugene,2024-01-26
13790,Ashley Patel,Online,Immediate,Online,Corvallis,2022-06-22
13791,GRACE LEE ,Online,Immediate,Online,Beaverton,2023-03-06
13792,Hannah Carter,Online,Immediate,Online,Beaverton,2025-06-18
13793,Mason Moore,Online,Immediate,Online, beaverton,2025-08-17
13794,ROBERT MARTIN ,Online,Immediate,Online,Beaverton,2023-07-05
13795,Emily Carter,Online,Immediate,Online,Beaverton,2022-12-30
13796,Hannah Carter,Online,Immediate,Online,Bend,2025-05-11
13797,Daniel Kim,Online,Immediate,Online,Portland,2025-05-16
13798,HANNAH THOMAS ,Online,Immediate,Online,Lake Oswego,2022-06-01
13799,Mia Patel,Online,Immediate,Online,Beaverton,2024-05-31
13800,Sophia Davis,Online,Immediate,Online,Gresham,2023-03-23
13801,Matthew Davis,Online,Immediate,Online,Eugene,2022-02-19
13802,Noah Johnson,Online,Immediate,Online,Hillsboro,2025-09-22
13803,Ashley Carter,Online,Immediate,Online,Portland,2022-03-05
13804,Noah Williams,Online,Immediate,Online, portland,2023-06-22
13805,Hannah Johnson,Online,Immediate,Online, portland,2024-04-13
13806,Andrew Kim,Online,Immediate,Online,Salem,2022-03-02
13807,Ethan Davis,Online,Immediate,Online,Hillsboro,2024-05-24
13808,EMILY JONES ,Online,Immediate,Online,Portland,2022-02-21
13809,Christopher Smith,Online,Immediate,Online,Portland,2024-12-18
13810,Madison Carter,Online,Immediate,Online,Portland,2022-04-11
13811,Sarah Garcia,Online,Immediate,Online,Eugene,2022-08-15
13812,Joseph Anderson,Online,Immediate,Online,Beaverton,2024-12-19
13813,Isabella Garcia,Online,Immediate,Online,Salem,2022-04-26
13814,David Kim,Online,Immediate,Online,Beaverton,2025-05-18
13815,Christopher Moore,Online,Immediate,Online,Gresham,2024-11-23
13816,Joseph Nelson,Online,Immediate,Online,Portland,2024-07-23
13817,Ava Smith,Online,Immediate,Online,Portland,2025-07-20
13818,Emma Lee,Online,Immediate,Online,Portland,2025-03-25
13819,Matthew Miller,Online,Immediate,Online,Portland,2024-07-26
13820,Olivia Johnson,Online,Immediate,Online,Hillsboro,2024-12-16
13821,Mia Patel,Online,Immediate,Online,Portland,2022-02-19
13822,Lucas Johnson,Online,Immediate,Online,Portland,2022-06-12
13823,Ava Brown,Online,Immediate,Online,Hillsboro,2023-11-24
13824,Mia Wilson,Online,Immediate,Online,Corvallis,2022-06-08
13825,Emma Miller,Online,Immediate,Online, hillsboro,2025-10-04
13826,Joseph Nelson,Online,Immediate,Online,Portland,2024-10-18
13827,Chloe Garcia,Online,Immediate,Online,Hillsboro,2023-05-03
13828,Joseph Moore,Online,Immediate,Online,Portland,2023-12-01
13829,Olivia Miller,Online,Immediate,Online,Bend,2022-09-06
13830,Christopher Anderson,Online,Immediate,Online,Portland,2023-05-31
13831,NOAH MARTIN ,Online,Immediate,Online,Portland,2024-11-28
13832,Christopher Miller,Online,Immediate,Online,Beaverton,2022-10-02
13833,Lucas Lee,Online,Immediate,Online,Portland,2023-03-30
13834,MICHAEL LEE ,Online,Immediate,Online,Portland,2023-03-19
13835,Chloe Thomas,Online,Immediate,Online,Seattle,2025-02-28
13836,Madison Davis,Online,Immediate,Online,Portland,2024-05-09
13837,ISABELLA CARTER ,Online,Immediate,Online,Portland,2022-10-05
13838,Robert Wilson,Online,Immediate,Online, portland,2022-09-29
13839,Andrew Martin,Online,Immediate,Online,Portland,2023-02-20
13840,Robert Martin,Online,Immediate,Online,Portland,2023-04-25
13841,Ethan Patel,Online,Immediate,Online,Gresham,2024-12-21
13842,Daniel Nelson,Online,Immediate,Online,Tigard,2023-01-27
13843,William Lee,Online,Immediate,Online,Salem,2023-04-14
13844,OLIVIA NGUYEN ,Online,Immediate,Online,Portland,2023-08-22
13845,Mia Thomas,Online,Immediate,Online,Seattle,2025-06-04
13846,Ashley Jones,Online,Immediate,Online,Portland,2023-04-13
13847,Ashley Nguyen,Online,Immediate,Online,Portland,2023-06-11
13848,Andrew Williams,Online,Immediate,Online,Seattle,2022-10-30
13849,Olivia Nguyen,Online,Immediate,Online,Portland,2024-05-27
13850,James Nelson,Online,Immediate,Online,Lake Oswego,2022-03-05
13851,Ethan Garcia,Online,Immediate,Online,Portland,2023-04-14
13852,Isabella Thomas,Online,Immediate,Online, eugene,2024-10-23
13853,Ella Wilson,Online,Immediate,Online,Portland,2022-04-10
13854,Ashley Davis,Online,Immediate,Online,Portland,2024-09-26
13855,ETHAN THOMAS ,Online,Immediate,Online,Seattle,2024-03-10
13856,Emily Jones,Online,Immediate,Online,Portland,2024-06-30
13857,SOPHIA KIM ,Online,Immediate,Online, eugene,2025-04-08
13858,Ethan Patel,Online,Immediate,Online,Portland,2024-07-02
13859,Matthew Martin,Online,Immediate,Online,Tigard,2024-11-27
13860,MIA GARCIA ,Online,Immediate,Online,Portland,2022-02-23
13861,James Miller,Online,Immediate,Online,Portland,2024-08-31
13862,Hannah Williams,Online,Immediate,Online,Portland,2023-06-20
13863,Hannah Williams,Online,Immediate,Online,Portland,2023-09-30
13864,Madison Moore,Online,Immediate,Online, portland,2022-08-02
13865,James Taylor,Online,Immediate,Online,Portland,2023-01-17
13866,Emily Williams,Online,Immediate,Online,Portland,2025-08-26
13867,Joseph Carter,Online,Immediate,Online,Eugene,2024-11-24
13868,Ashley Brown,Online,Immediate,Online,Hillsboro,2025-03-25
13869,Matthew Kim,Online,Immediate,Online,Portland,2025-07-09
13870,Matthew Williams,Online,Immediate,Online,Portland,2023-03-25
13871,William Anderson,Online,Immediate,Online,Portland,2022-10-17
13872,Ashley Martin,Online,Immediate,Online,Portland,2022-04-22
13873,Christopher Lee,Online,Immediate,Online,Portland,2025-06-08
13874,Liam Brown,Online,Immediate,Online,Portland,2022-05-23
13875,James Carter,Online,Immediate,Online,Portland,2025-03-20
13876,Robert Williams,Online,Immediate,Online,Eugene,2024-05-17
13877,Grace Nelson,Online,Immediate,Online,Portland,2024-12-09
13878,Emily Taylor,Online,Immediate,Online,Tigard,2025-12-07
13879,EMMA CARTER ,Online,Immediate,Online,Hillsboro,2025-10-19
13880,Ashley Kim,Online,Immediate,Online,Portland,2024-06-01
13881,Ava Martin,Online,Immediate,Online,Salem,2025-05-31
13882,Grace Nelson,Online,Immediate,Online,Salem,2023-07-15
13883,Isabella Martin,Online,Immediate,Online,Eugene,2024-08-05
13884,Noah Lee,Online,Immediate,Online,Beaverton,2023-02-10
13885,Isabella Garcia,Online,Immediate,Online,Portland,2025-07-10
13886,Noah Lee,Online,Immediate,Online,Beaverton,2022-02-20
13887,Grace Kim,Online,Immediate,Online,Portland,2022-10-28
13888,Matthew Williams,Online,Immediate,Online,Hillsboro,2023-06-09
13889,Liam Miller,Online,Immediate,Online,Beaverton,2024-06-29
13890,Ethan Miller,Online,Immediate,Online,Beaverton,2022-10-22
13891,Chloe Anderson,Online,Immediate,Online,Portland,2024-11-19
13892,Sophia Taylor,Online,Immediate,Online,Gresham,2024-10-02
13893,Olivia Smith,Online,Immediate,Online,Bend,2024-05-13
13894,ROBERT PATEL ,Online,Immediate,Online,Portland,2022-02-08
13895,OLIVIA BROWN ,Online,Immediate,Online,Vancouver,2024-06-28
13896,Daniel Garcia,Online,Immediate,Online,Portland,2023-11-01
13897,Isabella Moore,Online,Immediate,Online,Portland,2023-11-15
13898,Robert Nelson,Online,Immediate,Online,Portland,2023-03-18
13899,Michael Anderson,Online,Immediate,Online,Portland,2022-03-27
13900,David Williams,Online,Immediate,Online,Portland,2022-03-27
13901,Robert Jones,Online,Immediate,Online,Portland,2024-03-30
13902,JESSICA THOMAS ,Online,Immediate,Online,Corvallis,2022-05-16
13903,Ella Garcia,Online,Immediate,Online,Portland,2023-09-02
13904,Chloe Martin,Online,Immediate,Online,Portland,2025-09-14
13905,Mason Garcia,Online,Immediate,Online,Portland,2024-05-29
13906,HANNAH WILSON ,Online,Immediate,Online, vancouver,2024-06-04
13907,SOPHIA CARTER ,Online,Immediate,Online,Gresham,2024-11-03
13908,Joseph Anderson,Online,Immediate,Online,Portland,2023-03-28
13909,Isabella Wilson,Online,Immediate,Online,Beaverton,2022-06-15
13910,Lucas Williams,Online,Immediate,Online,Bend,2023-01-22
13911,Liam Miller,Online,Immediate,Online,Salem,2022-09-22
13912,Ava Lee,Online,Immediate,Online,Gresham,2022-02-17
13913,EMILY JONES ,Online,Immediate,Online,Beaverton,2024-02-03
13914,Joseph Davis,Online,Immediate,Online,Beaverton,2024-12-21
13915,MATTHEW TAYLOR ,Online,Immediate,Online,Tigard,2025-07-02
13916,Andrew Miller,Online,Immediate,Online,Portland,2023-08-17
13917,Daniel Williams,Online,Immediate,Online,Portland,2025-06-17
13918,LUCAS NGUYEN ,Online,Immediate,Online,Eugene,2024-11-25
13919,Andrew Johnson,Online,Immediate,Online,Portland,2025-02-08
13920,Christopher Miller,Online,Immediate,Online,Seattle,2022-10-25
13921,Ashley Moore,Online,Immediate,Online, beaverton,2022-03-22
13922,Olivia Martin,Online,Immediate,Online, beaverton,2025-11-29
13923,EMILY DAVIS ,Online,Immediate,Online,Portland,2024-09-18
13924,WILLIAM ANDERSON ,Online,Immediate,Online,Portland,2023-09-13
13925,Madison Wilson,Online,Immediate,Online,Portland,2025-03-30
13926,Ethan Smith,Online,Immediate,Online,Salem,2024-05-01
13927,Andrew Brown,Online,Immediate,Online,Beaverton,2023-04-19
13928,David Anderson,Online,Immediate,Online,Portland,2022-05-07
13929,Liam Brown,Online,Immediate,Online,Eugene,2022-09-15
13930,Olivia Nguyen,Online,Immediate,Online,Portland,2023-06-01
13931,Liam Johnson,Online,Immediate,Online,Corvallis,2024-08-23
13932,Daniel Lee,Online,Immediate,Online, portland,2025-01-20
13933,Madison Anderson,Online,Immediate,Online,Gresham,2024-08-24
13934,Noah Anderson,Online,Immediate,Online,Eugene,2024-07-27
13935,Christopher Garcia,Online,Immediate,Online,Portland,2025-11-08
13936,Noah Smith,Online,Immediate,Online,Portland,2023-03-31
13937,Ava Williams,Online,Immediate,Online,Portland,2025-02-28
13938,Ashley Nelson,Online,Immediate,Online,Portland,2022-01-11
13939,Matthew Brown,Online,Immediate,Online,Portland,2022-07-08
13940,Ella Taylor,Online,Immediate,Online,Portland,2025-01-15
13941,David Johnson,Online,Immediate,Online,Portland,2023-07-25
13942,Olivia Thomas,Online,Immediate,Online,Portland,2024-09-03
13943,William Davis,Online,Immediate,Online,Hillsboro,2022-01-20
13944,Lucas Nguyen,Online,Immediate,Online,Portland,2025-06-24
13945,ISABELLA THOMAS ,Online,Immediate,Online,Salem,2025-11-06
13946,Mason Miller,Online,Immediate,Online,Vancouver,2022-02-18
13947,Sophia Jones,Online,Immediate,Online,Hillsboro,2024-02-02
13948,Mason Wilson,Online,Immediate,Online,Seattle,2022-04-26
13949,Joseph Lee,Online,Immediate,Online,Portland,2023-09-09
13950,Joseph Lee,Online,Immediate,Online,Portland,2023-08-08
13951,Jessica Nelson,Online,Immediate,Online,Portland,2025-07-18
13952,Isabella Smith,Online,Immediate,Online,Beaverton,2025-08-06
13953,ASHLEY THOMAS ,Online,Immediate,Online,Portland,2022-03-22
13954,Liam Jones,Online,Immediate,Online,Portland,2025-08-06
13955,Mason Lee,Online,Immediate,Online,Portland,2023-03-22
13956,Noah Garcia,Online,Immediate,Online,Tigard,2022-04-25
13957,MASON MARTIN ,Online,Immediate,Online,Gresham,2023-09-11
13958,Olivia Miller,Online,Immediate,Online,Portland,2023-01-11
13959,Jessica Jones,Online,Immediate,Online,Portland,2024-04-04
13960,Jessica Wilson,Online,Immediate,Online,Gresham,2022-12-09
13961,CHLOE MOORE ,Online,Immediate,Online,Beaverton,2025-07-30
13962,NOAH MOORE ,Online,Immediate,Online,Portland,2022-12-04
13963,Sarah Lee,Online,Immediate,Online,Portland,2024-12-14
13964,William Patel,Online,Immediate,Online,Portland,2022-04-02
13965,Daniel Kim,Online,Immediate,Online,Eugene,2023-02-05
13966,Noah Garcia,Online,Immediate,Online,Beaverton,2025-01-29
13967,Emily Martin,Online,Immediate,Online, beaverton,2024-08-17
13968,Noah Carter,Online,Immediate,Online,Portland,2025-07-22
13969,Emily Jones,Online,Immediate,Online,Portland,2022-10-18
13970,LUCAS KIM ,Online,Immediate,Online,Portland,2022-06-13
13971,Mia Miller,Online,Immediate,Online,Eugene,2022-01-20
13972,ROBERT MARTIN ,Online,Immediate,Online,Bend,2023-10-18
13973,Olivia Anderson,Online,Immediate,Online,Portland,2024-09-21
13974,Isabella Davis,Online,Immediate,Online,Salem,2024-12-30
13975,David Brown,Online,Immediate,Online,Portland,2025-02-17
13976,Olivia Davis,Online,Immediate,Online,Hillsboro,2024-10-14
13977,Robert Jones,Online,Immediate,Online, bend,2024-07-01
13978,Madison Johnson,Online,Immediate,Online,Portland,2025-12-13
13979,James Davis,Online,Immediate,Online,Gresham,2024-01-27
13980,DAVID NELSON ,Online,Immediate,Online,Portland,2025-09-10
13981,William Anderson,Online,Immediate,Online,Portland,2022-02-12
13982,Liam Taylor,Online,Immediate,Online,Bend,2025-10-20
13983,Daniel Taylor,Online,Immediate,Online,Portland,2025-02-15
13984,Sophia Patel,Online,Immediate,Online,Vancouver,2022-12-14
13985,Grace Martin,Online,Immediate,Online,Portland,2023-08-10
13986,Liam Jones,Online,Immediate,Online,Portland,2022-04-29
13987,Madison Kim,Online,Immediate,Online,Beaverton,2025-11-06
13988,Ethan Wilson,Online,Immediate,Online,Portland,2023-07-08
13989,Hannah Miller,Online,Immediate,Online,Portland,2022-11-05
13990,Mason Johnson,Online,Immediate,Online,Vancouver,2025-05-14
13991,Sarah Smith,Online,Immediate,Online,Portland,2025-10-05
13992,James Martin,Online,Immediate,Online,Eugene,2024-12-03
13993,CHLOE TAYLOR ,Online,Immediate,Online,Portland,2022-08-26
13994,Madison Brown,Online,Immediate,Online,Portland,2024-05-14
13995,William Nguyen,Online,Immediate,Online,Portland,2024-08-08
13996,HANNAH CARTER ,Online,Immediate,Online,Eugene,2024-07-07
13997,NOAH MOORE ,Online,Immediate,Online,Portland,2024-10-03
13998,James Johnson,Online,Immediate,Online,Portland,2025-12-19
13999,Ava Miller,Online,Immediate,Online,Portland,2022-05-18
14000,Christopher Nguyen,Online,Immediate,Online,Portland,2023-08-03
14001,Ava Miller,Online,Immediate,Online, portland,2025-09-27
14002,David Moore,Online,Immediate,Online,Portland,2023-11-08
14003,Ashley Nelson,Online,Immediate,Online,Portland,2025-08-04
14004,Lucas Nelson,Online,Immediate,Online, corvallis,2025-03-19
14005,Ethan Wilson,Online,Immediate,Online,Portland,2023-06-05
14006,Isabella Wilson,Online,Immediate,Online,Portland,2024-01-24
14007,James Davis,Online,Immediate,Online,Hillsboro,2022-04-02
14008,HANNAH SMITH ,Online,Immediate,Online,Portland,2023-11-27
14009,Ethan Smith,Online,Immediate,Online,Portland,2022-09-13
14010,JAMES SMITH ,Online,Immediate,Online,Portland,2023-09-29
14011,Daniel Carter,Online,Immediate,Online,Portland,2022-07-04
14012,LIAM WILLIAMS ,Online,Immediate,Online, portland,2022-02-21
14013,Noah Taylor,Online,Immediate,Online,Portland,2024-08-13
14014,AVA NELSON ,Online,Immediate,Online,Salem,2022-02-19
14015,Madison Johnson,Online,Immediate,Online,Portland,2023-10-01
14016,Jessica Wilson,Online,Immediate,Online,Portland,2025-03-26
14017,Ella Nelson,Online,Immediate,Online, portland,2025-10-22
14018,Joseph Carter,Online,Immediate,Online,Salem,2023-08-16
14019,Ethan Nguyen,Online,Immediate,Online, portland,2025-08-13
14020,David Davis,Online,Immediate,Online,Seattle,2024-10-24
14021,David Wilson,Online,Immediate,Online,Eugene,2024-11-02
14022,Daniel Patel,Online,Immediate,Online,Portland,2024-08-22
14023,Ethan Patel,Online,Immediate,Online,Vancouver,2022-05-06
14024,Michael Anderson,Online,Immediate,Online,Beaverton,2023-11-23
14025,Grace Johnson,Online,Immediate,Online,Portland,2024-01-10
14026,Robert Anderson,Online,Immediate,Online,Beaverton,2022-06-09
14027,Noah Nelson,Online,Immediate,Online,Portland,2025-03-22
14028,Joseph Miller,Online,Immediate,Online,Portland,2025-11-18
14029,ROBERT NGUYEN ,Online,Immediate,Online,Portland,2025-01-03
14030,Madison Smith,Online,Immediate,Online, beaverton,2024-10-20
14031,Emily Johnson,Online,Immediate,Online,Portland,2024-11-27
14032,Lucas Smith,Online,Immediate,Online,Portland,2025-01-03
14033,Ashley Miller,Online,Immediate,Online,Beaverton,2024-12-28
14034,Liam Smith,Online,Immediate,Online,Beaverton,2022-08-18
14035,Emma Moore,Online,Immediate,Online,Portland,2025-03-09
14036,Matthew Lee,Online,Immediate,Online,Beaverton,2025-03-13
14037,Madison Anderson,Online,Immediate,Online,Portland,2023-08-16
14038,Isabella Brown,Online,Immediate,Online, vancouver,2023-12-23
14039,Madison Smith,Online,Immediate,Online,Portland,2024-04-24
14040,Grace Johnson,Online,Immediate,Online,Portland,2022-02-09
14041,Madison Moore,Online,Immediate,Online,Bend,2022-07-03
14042,Joseph Johnson,Online,Immediate,Online,Hillsboro,2023-12-30
14043,Andrew Patel,Online,Immediate,Online,Eugene,2025-06-15
14044,Emma Miller,Online,Immediate,Online,Portland,2024-04-18
14045,Mia Smith,Online,Immediate,Online,Portland,2024-06-07
14046,Andrew Nguyen,Online,Immediate,Online, portland,2025-08-11
14047,Christopher Nguyen,Online,Immediate,Online,Tigard,2025-04-30
14048,Ella Johnson,Online,Immediate,Online,Portland,2024-08-31
14049,Christopher Moore,Online,Immediate,Online,Vancouver,2025-08-04
14050,Emma Nelson,Online,Immediate,Online,Portland,2025-08-11
14051,MICHAEL GARCIA ,Online,Immediate,Online,Portland,2024-03-16
14052,Sophia Williams,Online,Immediate,Online,Portland,2023-09-18
14053,Noah Lee,Online,Immediate,Online,Salem,2024-09-08
14054,Hannah Johnson,Online,Immediate,Online,Salem,2024-10-07
14055,Emma Nguyen,Online,Immediate,Online, beaverton,2023-04-03
14056,Madison Nguyen,Online,Immediate,Online,Portland,2024-03-22
14057,Lucas Garcia,Online,Immediate,Online,Beaverton,2024-04-11
14058,Robert Patel,Online,Immediate,Online,Gresham,2024-06-11
14059,Isabella Moore,Online,Immediate,Online,Portland,2023-05-06
14060,Mason Kim,Online,Immediate,Online,Corvallis,2023-10-18
14061,Liam Miller,Online,Immediate,Online,Hillsboro,2025-02-28
14062,James Nguyen,Online,Immediate,Online,Portland,2023-05-03
14063,Jessica Williams,Online,Immediate,Online,Portland,2024-03-23
14064,Sarah Thomas,Online,Immediate,Online,Corvallis,2022-01-22
14065,Grace Davis,Online,Immediate,Online,Eugene,2025-04-24
14066,Sophia Nguyen,Online,Immediate,Online,Hillsboro,2024-04-14
14067,Matthew Kim,Online,Immediate,Online,Portland,2025-06-04
14068,Jessica Lee,Online,Immediate,Online,Portland,2023-08-12
14069,Sophia Patel,Online,Immediate,Online,Gresham,2023-04-11
14070,Chloe Patel,Online,Immediate,Online,Portland,2024-08-11
14071,DAVID NGUYEN ,Online,Immediate,Online,Portland,2025-09-14
14072,Christopher Lee,Online,Immediate,Online,Eugene,2022-05-29
14073,Liam Carter,Online,Immediate,Online,Gresham,2022-02-16
14074,Olivia Carter,Online,Immediate,Online, portland,2024-06-27
14075,Noah Nguyen,Online,Immediate,Online,Corvallis,2023-02-08
14076,DANIEL JONES ,Online,Immediate,Online,Portland,2022-09-30
14077,Joseph Lee,Online,Immediate,Online,Beaverton,2025-10-27
14078,Christopher Jones,Online,Immediate,Online,Portland,2022-05-02
14079,Chloe Wilson,Online,Immediate,Online,Hillsboro,2022-04-02
14080,Liam Moore,Online,Immediate,Online,Salem,2023-05-19
14081,Ethan Patel,Online,Immediate,Online,Portland,2025-05-07
14082,JAMES WILSON ,Online,Immediate,Online,Portland,2023-08-24
14083,JESSICA ANDERSON ,Online,Immediate,Online,Beaverton,2024-03-30
14084,ASHLEY NELSON ,Online,Immediate,Online,Bend,2025-11-06
14085,Andrew Wilson,Online,Immediate,Online,Gresham,2024-10-18
14086,Matthew Carter,Online,Immediate,Online,Portland,2022-12-22
14087,Madison Garcia,Online,Immediate,Online,Portland,2023-08-19
14088,Ava Moore,Online,Immediate,Online,Portland,2023-03-08
14089,Michael Johnson,Online,Immediate,Online,Portland,2025-02-10
14090,Sophia Miller,Online,Immediate,Online, beaverton,2025-03-14
14091,MADISON BROWN ,Online,Immediate,Online,Corvallis,2024-08-31
14092,Noah Wilson,Online,Immediate,Online,Portland,2024-07-19
14093,WILLIAM GARCIA ,Online,Immediate,Online,Portland,2024-01-16
14094,Hannah Nelson,Online,Immediate,Online,Portland,2024-03-17
14095,ASHLEY PATEL ,Online,Immediate,Online, salem,2025-06-13
14096,James Lee,Online,Immediate,Online,Portland,2025-02-17
14097,Matthew Williams,Online,Immediate,Online,Portland,2024-04-09
14098,Sarah Taylor,Online,Immediate,Online,Vancouver,2024-05-24
14099,Olivia Williams,Online,Immediate,Online,Portland,2022-04-11
14100,Sophia Patel,Online,Immediate,Online,Portland,2022-10-14
14101,Olivia Nguyen,Online,Immediate,Online,Portland,2025-02-08
14102,Emma Lee,Online,Immediate,Online,Portland,2025-02-05
14103,Liam Jones,Online,Immediate,Online,Portland,2022-04-04
14104,David Garcia,Online,Immediate,Online,Seattle,2022-05-06
14105,SOPHIA MILLER ,Online,Immediate,Online,Beaverton,2025-05-16
14106,Sarah Kim,Online,Immediate,Online,Beaverton,2023-08-03
14107,Ashley Garcia,Online,Immediate,Online,Portland,2024-08-19
14108,Ashley Nelson,Online,Immediate,Online,Bend,2024-02-09
14109,Robert Thomas,Online,Immediate,Online, portland,2025-09-01
14110,Christopher Martin,Online,Immediate,Online,Eugene,2024-01-31
14111,Matthew Miller,Online,Immediate,Online,Salem,2022-06-14
14112,Daniel Wilson,Online,Immediate,Online,Portland,2025-11-11
14113,Liam Nguyen,Online,Immediate,Online,Portland,2023-01-06
14114,Ava Carter,Online,Immediate,Online,Hillsboro,2022-11-05
14115,Hannah Johnson,Online,Immediate,Online, corvallis,2023-05-02
14116,Emma Jones,Online,Immediate,Online,Portland,2022-12-20
14117,ANDREW WILLIAMS ,Online,Immediate,Online,Portland,2024-12-15
14118,Olivia Miller,Online,Immediate,Online,Portland,2025-09-24
14119,Hannah Davis,Online,Immediate,Online,Hillsboro,2022-08-07
14120,James Davis,Online,Immediate,Online,Portland,2025-07-14
14121,Robert Carter,Online,Immediate,Online,Hillsboro,2025-11-23
14122,Joseph Johnson,Online,Immediate,Online,Portland,2023-10-19
14123,Robert Johnson,Online,Immediate,Online, gresham,2024-03-02
14124,Grace Johnson,Online,Immediate,Online,Bend,2024-04-17
14125,Sarah Brown,Online,Immediate,Online,Portland,2022-12-10
14126,Mia Williams,Online,Immediate,Online, vancouver,2023-03-09
14127,Emma Thomas,Online,Immediate,Online,Portland,2025-03-12
14128,William Miller,Online,Immediate,Online,Portland,2023-12-21
14129,Ashley Smith,Online,Immediate,Online,Portland,2022-05-23
14130,Lucas Carter,Online,Immediate,Online,Hillsboro,2022-03-24
14131,Michael Moore,Online,Immediate,Online,Portland,2025-02-02
14132,Jessica Nguyen,Online,Immediate,Online,Lake Oswego,2023-03-11
14133,James Nguyen,Online,Immediate,Online,Portland,2025-11-09
14134,William Garcia,Online,Immediate,Online,Beaverton,2024-10-17
14135,Noah Jones,Online,Immediate,Online,Portland,2022-09-06
14136,Olivia Garcia,Online,Immediate,Online,Portland,2022-05-27
14137,ANDREW WILLIAMS ,Online,Immediate,Online,Corvallis,2022-09-08
14138,Daniel Nguyen,Online,Immediate,Online,Corvallis,2024-01-31
14139,David Wilson,Online,Immediate,Online,Portland,2022-04-21
14140,Ava Moore,Online,Immediate,Online,Beaverton,2022-12-23
14141,Robert Lee,Online,Immediate,Online,Portland,2025-05-17
14142,Ashley Davis,Online,Immediate,Online,Portland,2025-06-27
14143,Michael Davis,Online,Immediate,Online,Corvallis,2022-11-11
14144,Michael Thomas,Online,Immediate,Online,Portland,2025-12-06
14145,Christopher Davis,Online,Immediate,Online,Bend,2022-09-27
14146,Emily Kim,Online,Immediate,Online,Portland,2025-03-15
14147,Mia Moore,Online,Immediate,Online,Vancouver,2023-06-29
14148,Emily Anderson,Online,Immediate,Online,Vancouver,2023-10-15
14149,AVA PATEL ,Online,Immediate,Online,Portland,2023-11-08
14150,David Brown,Online,Immediate,Online,Portland,2025-12-19
14151,Daniel Davis,Online,Immediate,Online,Portland,2023-07-22
14152,Isabella Johnson,Online,Immediate,Online,Bend,2025-11-27
14153,JAMES MOORE ,Online,Immediate,Online,Portland,2022-07-22
14154,Liam Carter,Online,Immediate,Online,Portland,2022-10-11
14155,Joseph Nguyen,Online,Immediate,Online,Portland,2022-06-23
14156,Andrew Carter,Online,Immediate,Online,Portland,2022-05-31
14157,Emily Jones,Online,Immediate,Online,Portland,2023-06-17
14158,SOPHIA TAYLOR ,Online,Immediate,Online,Portland,2024-02-06
14159,Noah Garcia,Online,Immediate,Online,Portland,2022-10-08
14160,Emily Thomas,Online,Immediate,Online,Gresham,2023-11-21
14161,Emma Smith,Online,Immediate,Online,Vancouver,2025-02-28
14162,Hannah Nelson,Online,Immediate,Online,Portland,2023-07-30
14163,Ava Patel,Online,Immediate,Online,Beaverton,2024-11-01
14164,JAMES THOMAS ,Online,Immediate,Online,Portland,2024-03-23
14165,Sophia Lee,Online,Immediate,Online, corvallis,2025-02-12
14166,Ashley Wilson,Online,Immediate,Online,Corvallis,2023-07-30
14167,JOSEPH KIM ,Online,Immediate,Online,Beaverton,2025-10-31
14168,Ava Martin,Online,Immediate,Online,Beaverton,2022-05-29
14169,Ella Taylor,Online,Immediate,Online,Portland,2022-03-06
14170,Ella Patel,Online,Immediate,Online,Portland,2022-03-04
14171,Isabella Wilson,Online,Immediate,Online, eugene,2024-02-04
14172,Olivia Nelson,Online,Immediate,Online,Portland,2024-05-06
14173,ETHAN GARCIA ,Online,Immediate,Online,Hillsboro,2024-03-11
14174,HANNAH JONES ,Online,Immediate,Online, portland,2022-07-04
14175,Sophia Taylor,Online,Immediate,Online,Gresham,2022-01-05
14176,Ashley Brown,Online,Immediate,Online,Lake Oswego,2022-12-11
14177,GRACE MARTIN ,Online,Immediate,Online,Seattle,2024-06-29
14178,Christopher Carter,Online,Immediate,Online,Salem,2023-07-19
14179,Madison Kim,Online,Immediate,Online,Eugene,2023-10-19
14180,David Lee,Online,Immediate,Online,Portland,2023-01-19
14181,Olivia Brown,Online,Immediate,Online, salem,2022-12-01
14182,Olivia Patel,Online,Immediate,Online, portland,2023-03-27
14183,David Taylor,Online,Immediate,Online,Portland,2025-12-19
14184,Isabella Lee,Online,Immediate,Online,Portland,2023-09-12
14185,Olivia Jones,Online,Immediate,Online,Portland,2022-06-08
14186,Ethan Thomas,Online,Immediate,Online,Portland,2025-12-08
14187,MASON BROWN ,Online,Immediate,Online,Eugene,2025-11-21
14188,Jessica Wilson,Online,Immediate,Online,Portland,2022-07-04
14189,William Lee,Online,Immediate,Online,Portland,2024-10-13
14190,Sarah Patel,Online,Immediate,Online,Hillsboro,2023-03-27
14191,Joseph Brown,Online,Immediate,Online,Hillsboro,2023-08-24
14192,Andrew Patel,Online,Immediate,Online,Portland,2023-07-13
14193,Ethan Garcia,Online,Immediate,Online,Bend,2022-09-11
14194,Lucas Thomas,Online,Immediate,Online,Salem,2025-01-23
14195,Sarah Anderson,Online,Immediate,Online,Gresham,2025-10-06
14196,Robert Brown,Online,Immediate,Online,Beaverton,2024-06-29
14197,CHRISTOPHER NGUYEN ,Online,Immediate,Online,Salem,2025-05-02
14198,WILLIAM ANDERSON ,Online,Immediate,Online,Portland,2024-09-27
14199,Grace Anderson,Online,Immediate,Online, portland,2025-05-27
14200,David Lee,Online,Immediate,Online,Portland,2025-09-05
14201,Emily Davis,Online,Immediate,Online,Gresham,2025-10-11
14202,Olivia Johnson,Online,Immediate,Online,Portland,2024-11-26
14203,Sarah Jones,Online,Immediate,Online,Corvallis,2022-12-04
14204,Ashley Williams,Online,Immediate,Online,Portland,2023-09-13
14205,Grace Williams,Online,Immediate,Online, portland,2022-07-13
14206,Grace Moore,Online,Immediate,Online,Portland,2023-08-26
14207,Jessica Williams,Online,Immediate,Online,Tigard,2024-03-14
14208,Ethan Patel,Online,Immediate,Online,Portland,2023-10-01
14209,Isabella Thomas,Online,Immediate,Online,Portland,2024-08-12
14210,Christopher Garcia,Online,Immediate,Online,Beaverton,2025-03-19
14211,Jessica Wilson,Online,Immediate,Online,Portland,2025-08-15
14212,Emily Smith,Online,Immediate,Online,Seattle,2025-03-29
14213,Chloe Miller,Online,Immediate,Online,Salem,2023-09-01
14214,Joseph Kim,Online,Immediate,Online, portland,2024-02-18
14215,Hannah Nguyen,Online,Immediate,Online,Portland,2024-12-12
14216,Noah Nelson,Online,Immediate,Online,Tigard,2024-09-13
14217,EMMA NGUYEN ,Online,Immediate,Online, bend,2022-04-22
14218,Olivia Taylor,Online,Immediate,Online,Portland,2022-10-28
14219,Noah Smith,Online,Immediate,Online,Portland,2024-09-30
14220,Isabella Garcia,Online,Immediate,Online,Vancouver,2024-10-16
14221,ELLA DAVIS ,Online,Immediate,Online, portland,2023-08-16
14222,Grace Davis,Online,Immediate,Online,Portland,2022-04-08
14223,Andrew Williams,Online,Immediate,Online,Portland,2024-06-12
14224,James Kim,Online,Immediate,Online,Vancouver,2024-08-19
14225,Mason Davis,Online,Immediate,Online, beaverton,2023-03-20
14226,Isabella Davis,Online,Immediate,Online,Portland,2025-07-24
14227,Noah Davis,Online,Immediate,Online, eugene,2025-05-17
14228,Jessica Jones,Online,Immediate,Online,Hillsboro,2022-04-19
14229,CHRISTOPHER ANDERSON ,Online,Immediate,Online,Portland,2024-07-07
14230,Lucas Nguyen,Online,Immediate,Online,Lake Oswego,2025-10-11
14231,CHRISTOPHER THOMAS ,Online,Immediate,Online, gresham,2025-06-23
14232,Mason Thomas,Online,Immediate,Online,Portland,2025-04-30
14233,Andrew Kim,Online,Immediate,Online,Portland,2022-10-24
14234,GRACE LEE ,Online,Immediate,Online,Portland,2024-02-11
14235,Emma Williams,Online,Immediate,Online,Hillsboro,2025-07-24
14236,LIAM BROWN ,Online,Immediate,Online,Gresham,2025-02-04
14237,Daniel Miller,Online,Immediate,Online,Portland,2025-02-13
14238,Emma Williams,Online,Immediate,Online,Lake Oswego,2022-05-28
14239,Christopher Thomas,Online,Immediate,Online,Portland,2022-08-09
14240,Hannah Davis,Online,Immediate,Online,Eugene,2025-12-22
14241,William Nelson,Online,Immediate,Online, vancouver,2022-01-24
14242,Grace Garcia,Online,Immediate,Online, portland,2023-05-07
14243,James Taylor,Online,Immediate,Online,Portland,2025-08-07
14244,Joseph Moore,Online,Immediate,Online,Beaverton,2022-07-10
14245,OLIVIA ANDERSON ,Online,Immediate,Online,Bend,2025-01-28
14246,Emily Moore,Online,Immediate,Online, vancouver,2025-03-25
14247,James Kim,Online,Immediate,Online,Beaverton,2023-12-03
14248,Sarah Jones,Online,Immediate,Online,Portland,2022-05-12
14249,William Thomas,Online,Immediate,Online,Eugene,2023-02-21
14250,CHRISTOPHER SMITH ,Online,Immediate,Online,Beaverton,2024-11-30
14251,Robert Patel,Online,Immediate,Online, portland,2024-05-16
14252,Mia Brown,Online,Immediate,Online, portland,2024-03-10
14253,Daniel Nelson,Online,Immediate,Online,Beaverton,2023-07-07
14254,DANIEL NELSON ,Online,Immediate,Online,Beaverton,2024-08-01
14255,Olivia Moore,Online,Immediate,Online,Portland,2024-03-24
14256,Lucas Thomas,Online,Immediate,Online,Beaverton,2024-05-11
14257,Emma Davis,Online,Immediate,Online,Portland,2025-02-25
14258,Lucas Williams,Online,Immediate,Online,Hillsboro,2023-11-01
14259,Mason Martin,Online,Immediate,Online,Portland,2025-02-13
14260,MATTHEW MOORE ,Online,Immediate,Online,Corvallis,2022-11-13
14261,DAVID CARTER ,Online,Immediate,Online,Portland,2024-02-03
14262,Chloe Nguyen,Online,Immediate,Online, portland,2025-06-25
14263,Liam Kim,Online,Immediate,Online,Portland,2022-08-23
14264,Ashley Williams,Online,Immediate,Online,Portland,2022-10-03
14265,Grace Davis,Online,Immediate,Online, portland,2022-08-08
14266,William Patel,Online,Immediate,Online,Portland,2023-03-22
14267,Isabella Davis,Online,Immediate,Online,Bend,2022-05-03
14268,Joseph Taylor,Online,Immediate,Online,Portland,2023-08-06
14269,Hannah Williams,Online,Immediate,Online,Portland,2023-06-19
14270,Madison Wilson,Online,Immediate,Online,Portland,2024-10-07
14271,Madison Kim,Online,Immediate,Online,Salem,2022-08-02
14272,Joseph Smith,Online,Immediate,Online,Hillsboro,2023-09-10
14273,Joseph Miller,Online,Immediate,Online,Beaverton,2023-10-15
14274,Michael Moore,Online,Immediate,Online,Salem,2023-01-05
14275,OLIVIA DAVIS ,Online,Immediate,Online,Tigard,2025-07-09
14276,Noah Carter,Online,Immediate,Online,Portland,2025-03-28
14277,JAMES BROWN ,Online,Immediate,Online,Portland,2024-11-11
14278,Andrew Nguyen,Online,Immediate,Online,Portland,2024-01-25
14279,Mason Brown,Online,Immediate,Online,Seattle,2022-04-13
14280,Robert Martin,Online,Immediate,Online,Portland,2023-01-16
14281,Olivia Moore,Online,Immediate,Online,Seattle,2024-01-09
14282,Jessica Taylor,Online,Immediate,Online, beaverton,2023-02-28
14283,Andrew Williams,Online,Immediate,Online,Portland,2024-11-30
14284,Michael Carter,Online,Immediate,Online,Beaverton,2024-02-20
14285,Grace Patel,Online,Immediate,Online,Portland,2025-02-15
14286,Ashley Garcia,Online,Immediate,Online,Portland,2025-03-06
14287,Daniel Martin,Online,Immediate,Online,Eugene,2022-01-24
14288,Sophia Taylor,Online,Immediate,Online,Beaverton,2024-04-06
14289,Emma Taylor,Online,Immediate,Online,Portland,2022-07-01
14290,Chloe Garcia,Online,Immediate,Online,Seattle,2025-02-18
14291,Noah Miller,Online,Immediate,Online, gresham,2022-08-26
14292,Lucas Taylor,Online,Immediate,Online,Portland,2022-06-10
14293,Robert Miller,Online,Immediate,Online,Eugene,2022-08-04
14294,William Kim,Online,Immediate,Online,Beaverton,2022-06-20
14295,James Williams,Online,Immediate,Online,Portland,2023-04-09
14296,Daniel Garcia,Online,Immediate,Online, beaverton,2025-03-23
14297,Michael Nguyen,Online,Immediate,Online, beaverton,2022-01-30
14298,David Garcia,Online,Immediate,Online,Hillsboro,2022-05-02
14299,Mason Wilson,Online,Immediate,Online,Corvallis,2024-06-11
14300,Liam Moore,Online,Immediate,Online,Salem,2023-07-06
14301,Hannah Martin,Online,Immediate,Online, portland,2025-03-22
14302,Robert Wilson,Online,Immediate,Online,Portland,2023-12-15
14303,Isabella Moore,Online,Immediate,Online, corvallis,2023-07-02
14304,Hannah Moore,Online,Immediate,Online,Portland,2022-03-17
14305,Olivia Johnson,Online,Immediate,Online,Eugene,2025-02-14
14306,William Moore,Online,Immediate,Online,Portland,2024-11-12
14307,Chloe Anderson,Online,Immediate,Online, seattle,2025-08-22
14308,Ethan Martin,Online,Immediate,Online,Portland,2023-10-23
14309,Mia Anderson,Online,Immediate,Online,Portland,2022-04-10
14310,Jessica Moore,Online,Immediate,Online,Portland,2024-01-09
14311,Liam Johnson,Online,Immediate,Online,Portland,2024-07-14
14312,David Moore,Online,Immediate,Online,Vancouver,2025-01-28
14313,Grace Moore,Online,Immediate,Online,Portland,2022-08-18
14314,Matthew Williams,Online,Immediate,Online,Salem,2022-09-06
14315,Madison Miller,Online,Immediate,Online,Portland,2023-12-09
14316,Emma Nguyen,Online,Immediate,Online,Salem,2025-08-23
14317,Emma Kim,Online,Immediate,Online,Portland,2022-07-01
14318,James Patel,Online,Immediate,Online,Beaverton,2024-10-13
14319,Liam Nguyen,Online,Immediate,Online,Portland,2023-03-07
14320,Ava Williams,Online,Immediate,Online,Portland,2025-02-11
14321,Joseph Kim,Online,Immediate,Online,Portland,2024-02-27
14322,Ella Kim,Online,Immediate,Online,Portland,2023-08-16
14323,Daniel Patel,Online,Immediate,Online,Portland,2022-05-04
14324,Jessica Martin,Online,Immediate,Online,Beaverton,2023-08-15
14325,Madison Johnson,Online,Immediate,Online,Portland,2025-06-07
14326,Mason Anderson,Online,Immediate,Online,Portland,2023-12-18
14327,Daniel Lee,Online,Immediate,Online,Gresham,2023-06-26
14328,Grace Kim,Online,Immediate,Online,Portland,2022-11-20
14329,Sarah Williams,Online,Immediate,Online,Salem,2025-07-20
14330,Sarah Martin,Online,Immediate,Online,Portland,2025-11-10
14331,Emily Garcia,Online,Immediate,Online,Portland,2024-11-22
14332,Sarah Taylor,Online,Immediate,Online,Portland,2024-03-11
14333,Madison Garcia,Online,Immediate,Online,Portland,2024-04-10
14334,Liam Wilson,Online,Immediate,Online,Portland,2022-01-12
14335,Mason Patel,Online,Immediate,Online,Portland,2025-08-27
14336,Ethan Smith,Online,Immediate,Online,Seattle,2024-07-15
14337,GRACE NELSON ,Online,Immediate,Online,Portland,2025-03-10
14338,Olivia Johnson,Online,Immediate,Online,Corvallis,2022-08-05
14339,Emma Patel,Online,Immediate,Online,Salem,2023-06-06
14340,Mason Martin,Online,Immediate,Online,Portland,2025-01-07
14341,MIA GARCIA ,Online,Immediate,Online,Portland,2024-03-23
14342,Emma Smith,Online,Immediate,Online,Beaverton,2022-05-16
14343,Isabella Anderson,Online,Immediate,Online,Portland,2022-05-26
14344,Lucas Wilson,Online,Immediate,Online,Portland,2025-06-12
14345,Ella Wilson,Online,Immediate,Online,Seattle,2023-03-09
14346,Isabella Miller,Online,Immediate,Online,Portland,2023-02-03
14347,William Nelson,Online,Immediate,Online,Portland,2025-10-06
14348,Chloe Jones,Online,Immediate,Online,Portland,2023-03-24
14349,Hannah Nguyen,Online,Immediate,Online,Portland,2023-07-04
14350,Chloe Taylor,Online,Immediate,Online,Seattle,2022-03-22
14351,Chloe Jones,Online,Immediate,Online, portland,2025-12-19
14352,Michael Williams,Online,Immediate,Online,Portland,2024-06-18
14353,Chloe Nguyen,Online,Immediate,Online,Beaverton,2024-12-29
14354,Robert Anderson,Online,Immediate,Online,Portland,2023-03-25
14355,Emma Nguyen,Online,Immediate,Online,Portland,2023-06-16
14356,JESSICA JONES ,Online,Immediate,Online,Portland,2025-01-02
14357,Daniel Carter,Online,Immediate,Online,Corvallis,2025-11-19
14358,Grace Nguyen,Online,Immediate,Online, eugene,2023-05-13
14359,David Thomas,Online,Immediate,Online,Portland,2022-06-29
14360,AVA JOHNSON ,Online,Immediate,Online,Gresham,2025-03-17
14361,Michael Patel,Online,Immediate,Online,Hillsboro,2025-10-18
14362,Olivia Brown,Online,Immediate,Online,Eugene,2025-05-27
14363,Lucas Moore,Online,Immediate,Online,Portland,2024-04-03
14364,Daniel Wilson,Online,Immediate,Online,Portland,2025-02-16
14365,Liam Kim,Online,Immediate,Online,Seattle,2023-03-13
14366,Emily Garcia,Online,Immediate,Online,Corvallis,2023-11-11
14367,David Moore,Online,Immediate,Online,Portland,2025-05-01
14368,Liam Nguyen,Online,Immediate,Online,Vancouver,2023-11-30
14369,Andrew Brown,Online,Immediate,Online,Corvallis,2022-05-29
14370,HANNAH CARTER ,Online,Immediate,Online,Salem,2023-08-04
14371,SARAH MOORE ,Online,Immediate,Online,Portland,2022-07-16
14372,Jessica Lee,Online,Immediate,Online,Portland,2024-06-11
14373,James Carter,Online,Immediate,Online,Hillsboro,2025-08-13
14374,OLIVIA MARTIN ,Online,Immediate,Online,Lake Oswego,2025-07-11
14375,Olivia Patel,Online,Immediate,Online,Bend,2023-04-10
14376,ETHAN CARTER ,Online,Immediate,Online, portland,2024-02-09
14377,Andrew Moore,Online,Immediate,Online,Portland,2023-06-14
14378,Mia Jones,Online,Immediate,Online,Portland,2024-09-18
14379,ETHAN NELSON ,Online,Immediate,Online,Seattle,2022-06-06
14380,James Thomas,Online,Immediate,Online,Portland,2025-01-09
14381,Lucas Smith,Online,Immediate,Online,Salem,2024-08-08
14382,Grace Patel,Online,Immediate,Online,Eugene,2025-11-10
14383,MASON DAVIS ,Online,Immediate,Online,Portland,2024-12-02
14384,Lucas Martin,Online,Immediate,Online,Beaverton,2022-01-03
14385,Mia Thomas,Online,Immediate,Online,Portland,2024-01-02
14386,Andrew Anderson,Online,Immediate,Online, portland,2024-01-13
14387,Emma Miller,Online,Immediate,Online,Lake Oswego,2024-04-28
14388,ETHAN GARCIA ,Online,Immediate,Online, tigard,2025-01-22
14389,Mason Jones,Online,Immediate,Online,Portland,2022-09-25
14390,DAVID NELSON ,Online,Immediate,Online,Eugene,2024-12-04
14391,William Brown,Online,Immediate,Online,Portland,2024-05-04
14392,William Moore,Online,Immediate,Online,Portland,2023-07-07
14393,Emily Wilson,Online,Immediate,Online,Portland,2023-07-22
14394,Michael Jones,Online,Immediate,Online,Gresham,2022-02-14
14395,Lucas Johnson,Online,Immediate,Online, bend,2024-07-24
14396,Ethan Nguyen,Online,Immediate,Online,Portland,2025-05-22
14397,Robert Taylor,Online,Immediate,Online,Gresham,2024-08-22
14398,NOAH CARTER ,Online,Immediate,Online,Portland,2022-10-05
14399,Matthew Anderson,Online,Immediate,Online,Seattle,2025-04-30
14400,Hannah Anderson,Online,Immediate,Online,Portland,2022-03-04
14401,Grace Williams Brew Bar,Wholesale-Cafe,Net-30,Wholesale,Salem,2024-07-19
14402,Mia Patel Roasthouse,Wholesale-Cafe,Net-30,Wholesale,Portland,2022-08-13
14403,Mia Johnson Brew Bar,Wholesale-Cafe,Net-30,Wholesale,Portland,2025-04-28
14404,Olivia Patel Restaurant,Wholesale-Cafe,Net-30,Wholesale,Portland,2024-05-13
14405,Noah Smith Kitchen,Wholesale-Cafe,Net-30,Wholesale,Portland,2022-05-04
14406,Matthew Miller Corporate Office,Wholesale-Cafe,Net-30,Wholesale,Vancouver,2023-07-12
14407,Olivia Smith Lounge,Wholesale-Cafe,Net-30,Wholesale,Portland,2024-05-30
14408,Sarah Wilson Brew Bar,Wholesale-Cafe,Net-30,Wholesale,Eugene,2024-04-15
14409,Madison Kim Hotel,Wholesale-Cafe,Net-30,Wholesale,Portland,2023-12-23
14410,MIA MOORE HOTEL ,Wholesale-Cafe,Net-30,Wholesale,Bend,2024-01-28
14411,Matthew Wilson Cafe,Wholesale-Cafe,Net-30,Wholesale,Beaverton,2022-08-30
14412,EMMA LEE HOTEL ,Wholesale-Cafe,Net-30,Wholesale, portland,2023-06-30
14413,Isabella Williams Kitchen,Wholesale-Cafe,Net-30,Wholesale,Portland,2024-04-24
14414,WILLIAM MOORE LOUNGE ,Wholesale-Cafe,Net-30,Wholesale,Portland,2022-11-21
14415,Isabella Patel Cafe,Wholesale-Cafe,Net-30,Wholesale,Portland,2025-02-27
14416,Emma Lee Cafe,Wholesale-Cafe,Net-30,Wholesale,Portland,2023-09-06
14417,Joseph Garcia Diner,Wholesale-Cafe,Net-30,Wholesale,Vancouver,2022-08-21
14418,Liam Moore Cafe,Wholesale-Cafe,Net-30,Wholesale,Portland,2023-03-16
14419,David Williams Coffee Co,Wholesale-Cafe,Net-30,Wholesale,Eugene,2024-03-04
14420,Michael Patel Roasthouse,Wholesale-Cafe,Net-30,Wholesale,Eugene,2024-09-02
14421,Jessica Smith Kitchen,Wholesale-Cafe,Net-30,Wholesale, lake oswego,2022-02-22
14422,William Davis Hotel,Wholesale-Cafe,Net-30,Wholesale,Portland,2024-04-28
14423,Mia Carter Hotel,Wholesale-Cafe,Net-30,Wholesale,Portland,2023-03-29
14424,ELLA MOORE BISTRO ,Wholesale-Cafe,Net-30,Wholesale,Vancouver,2022-07-09
14425,ETHAN MILLER KITCHEN ,Wholesale-Cafe,Net-30,Wholesale,Portland,2025-03-20
14426,JAMES LEE CORPORATE OFFICE ,Wholesale-Cafe,Net-30,Wholesale,Beaverton,2022-07-04
14427,Jessica Carter Hotel,Wholesale-Cafe,Net-30,Wholesale,Lake Oswego,2022-01-11
14428,Sophia Nguyen Diner,Wholesale-Cafe,Net-30,Wholesale,Portland,2024-12-22
14429,Ella Nguyen Lounge,Wholesale-Cafe,Net-30,Wholesale,Lake Oswego,2025-02-28
14430,Mason Nguyen Roasthouse,Wholesale-Cafe,Net-30,Wholesale,Portland,2024-02-15
14431,Olivia Johnson Cafe,Wholesale-Cafe,Net-30,Wholesale,Beaverton,2022-02-17
14432,Sarah Patel Diner,Wholesale-Cafe,Net-30,Wholesale,Beaverton,2024-10-20
14433,Matthew Kim Diner,Wholesale-Cafe,Net-30,Wholesale,Portland,2025-01-25
14434,Matthew Martin Brew Bar,Wholesale-Cafe,Net-30,Wholesale,Portland,2024-11-20
14435,Andrew Thomas Roasthouse,Wholesale-Cafe,Net-30,Wholesale, portland,2025-10-04
14436,Andrew Thomas Brew Bar,Wholesale-Cafe,Net-30,Wholesale,Eugene,2025-08-23
14437,Joseph Smith Roasthouse,Wholesale-Cafe,Net-30,Wholesale,Portland,2025-03-22
14438,Robert Johnson Coffee Co,Wholesale-Cafe,Net-30,Wholesale,Portland,2024-12-25
14439,Liam Smith Hotel,Wholesale-Cafe,Net-30,Wholesale,Bend,2023-03-23
14440,Ava Carter Bistro,Wholesale-Cafe,Net-30,Wholesale, portland,2025-11-15
14441,EMMA KIM RESTAURANT ,Wholesale-Cafe,Net-30,Wholesale,Beaverton,2022-03-12
14442,Emma Martin Bakery,Wholesale-Cafe,Net-30,Wholesale,Portland,2025-03-23
14443,Mia Patel Bakery,Wholesale-Cafe,Net-30,Wholesale,Portland,2022-01-21
14444,William Kim Roasthouse,Wholesale-Cafe,Net-30,Wholesale,Portland,2025-09-15
14445,Chloe Lee Bakery,Wholesale-Cafe,Net-30,Wholesale,Portland,2024-07-16
14446,James Wilson Hotel,Wholesale-Cafe,Net-30,Wholesale,Beaverton,2025-02-09
14447,Liam Thomas Roasthouse,Wholesale-Cafe,Net-30,Wholesale,Portland,2024-12-12
14448,MATTHEW MOORE CAFE ,Wholesale-Cafe,Net-30,Wholesale,Portland,2025-02-03
14449,Robert Anderson Brew Bar,Wholesale-Cafe,Net-30,Wholesale,Salem,2025-12-03
14450,Michael Nelson Lounge,Wholesale-Cafe,Net-30,Wholesale,Portland,2023-07-21
14451,Hannah Jones Kitchen,Wholesale-Cafe,Net-30,Wholesale,Vancouver,2022-08-26
14452,James Carter Brew Bar,Wholesale-Cafe,Net-30,Wholesale,Tigard,2023-02-04
14453,David Martin Hotel,Wholesale-Cafe,Net-30,Wholesale,Gresham,2023-07-07
14454,ANDREW MARTIN CAFE ,Wholesale-Cafe,Net-30,Wholesale,Eugene,2025-12-10
14455,Ava Nguyen Bistro,Wholesale-Cafe,Net-30,Wholesale, vancouver,2024-11-07
14456,Lucas Wilson Corporate Office,Wholesale-Cafe,Net-30,Wholesale,Salem,2024-11-26
14457,MICHAEL JONES BREW BAR ,Wholesale-Cafe,Net-30,Wholesale,Tigard,2023-03-16
14458,Mason Martin Roasthouse,Wholesale-Cafe,Net-30,Wholesale, beaverton,2023-04-25
14459,Daniel Jones Kitchen,Wholesale-Cafe,Net-30,Wholesale,Portland,2025-11-26
14460,Joseph Wilson Brew Bar,Wholesale-Cafe,Net-30,Wholesale,Portland,2025-04-22
14461,Mason Taylor Lounge,Wholesale-Cafe,Net-30,Wholesale,Portland,2024-05-24
14462,Joseph Johnson Bakery,Wholesale-Cafe,Net-30,Wholesale,Portland,2022-05-29
14463,Sophia Garcia Kitchen,Wholesale-Cafe,Net-30,Wholesale,Lake Oswego,2025-07-03
14464,Andrew Johnson Bakery,Wholesale-Cafe,Net-30,Wholesale, corvallis,2022-09-02
14465,Mia Miller Hotel,Wholesale-Cafe,Net-30,Wholesale,Gresham,2023-11-23
14466,Mia Williams Kitchen,Wholesale-Cafe,Net-30,Wholesale,Eugene,2025-07-21
14467,David Smith Coffee Co,Wholesale-Cafe,Net-30,Wholesale, portland,2023-11-28
14468,Ella Smith Roasthouse,Wholesale-Cafe,Net-30,Wholesale,Beaverton,2023-04-14
14469,Hannah Kim Diner,Wholesale-Cafe,Net-30,Wholesale,Portland,2025-07-20
14470,SOPHIA BROWN RESTAURANT ,Wholesale-Cafe,Net-30,Wholesale,Bend,2024-08-04
14471,Mia Carter Kitchen,Wholesale-Cafe,Net-30,Wholesale, portland,2022-12-03
14472,Ethan Nelson Brew Bar,Wholesale-Cafe,Net-30,Wholesale,Gresham,2023-01-17
14473,Grace Anderson Cafe,Wholesale-Cafe,Net-30,Wholesale,Seattle,2022-12-25
14474,Matthew Lee Bakery,Wholesale-Cafe,Net-30,Wholesale, portland,2024-09-19
14475,Grace Smith Kitchen,Wholesale-Cafe,Net-30,Wholesale,Portland,2025-01-12
14476,Michael Johnson Diner,Wholesale-Cafe,Net-30,Wholesale,Lake Oswego,2023-09-22
14477,Grace Taylor Diner,Wholesale-Cafe,Net-30,Wholesale, portland,2025-03-06
14478,Ella Davis Coffee Co,Wholesale-Cafe,Net-30,Wholesale,Beaverton,2023-07-14
14479,Christopher Carter Hotel,Wholesale-Cafe,Net-30,Wholesale,Portland,2023-05-30
14480,Sarah Thomas Cafe,Wholesale-Cafe,Net-30,Wholesale,Beaverton,2022-07-31
14481,Matthew Garcia Bakery,Wholesale-Cafe,Net-30,Wholesale,Salem,2024-09-22
14482,Mia Lee Coffee Co,Wholesale-Cafe,Net-30,Wholesale,Hillsboro,2023-08-21
14483,Ashley Carter Lounge,Wholesale-Cafe,Net-30,Wholesale,Portland,2023-10-09
14484,Andrew Wilson Coffee Co,Wholesale-Cafe,Net-30,Wholesale,Portland,2024-07-27
14485,Chloe Taylor Kitchen,Wholesale-Cafe,Net-30,Wholesale,Hillsboro,2025-12-29
14486,Andrew Johnson Cafe,Wholesale-Cafe,Net-30,Wholesale,Tigard,2025-02-14
14487,Mason Miller Bakery,Wholesale-Cafe,Net-30,Wholesale,Portland,2025-10-02
14488,Liam Garcia Restaurant,Wholesale-Cafe,Net-30,Wholesale,Beaverton,2022-07-20
14489,Michael Carter Cafe,Wholesale-Cafe,Net-30,Wholesale,Portland,2022-01-22
14490,Liam Garcia Hotel,Wholesale-Cafe,Net-30,Wholesale,Hillsboro,2024-09-03
14491,Joseph Anderson Hotel,Wholesale-Cafe,Net-30,Wholesale,Portland,2023-08-29
14492,Chloe Miller Coffee Co,Wholesale-Cafe,Net-30,Wholesale,Gresham,2023-05-09
14493,Joseph Williams Roasthouse,Wholesale-Cafe,Net-30,Wholesale,Portland,2023-09-15
14494,EMMA DAVIS BISTRO ,Wholesale-Cafe,Net-30,Wholesale,Portland,2022-09-27
14495,Robert Nelson Bakery,Wholesale-Cafe,Net-30,Wholesale,Portland,2024-04-30
14496,Ashley Kim Corporate Office,Wholesale-Cafe,Net-30,Wholesale, salem,2025-07-02
14497,Robert Patel Diner,Wholesale-Cafe,Net-30,Wholesale,Bend,2022-03-14
14498,Ashley Johnson Cafe,Wholesale-Cafe,Net-30,Wholesale,Portland,2022-03-30
14499,Mia Wilson Bistro,Wholesale-Cafe,Net-30,Wholesale,Portland,2024-09-16
14500,Mia Davis Lounge,Wholesale-Cafe,Net-30,Wholesale,Portland,2022-11-09
14501,James Brown Restaurant,Wholesale-Cafe,Net-30,Wholesale,Eugene,2025-09-02
14502,Christopher Garcia Kitchen,Wholesale-Cafe,Net-30,Wholesale,Bend,2023-07-25
14503,Mason Miller Brew Bar,Wholesale-Cafe,Net-30,Wholesale,Bend,2023-12-30
14504,Madison Patel Bakery,Wholesale-Cafe,Net-30,Wholesale,Portland,2022-06-13
14505,Ashley Davis Diner,Wholesale-Cafe,Net-30,Wholesale, portland,2022-05-12
14506,Emily Thomas Diner,Wholesale-Cafe,Net-30,Wholesale,Beaverton,2024-04-17
14507,Christopher Patel Brew Bar,Wholesale-Cafe,Net-30,Wholesale,Gresham,2022-10-03
14508,Madison Martin Brew Bar,Wholesale-Cafe,Net-30,Wholesale,Portland,2022-11-20
14509,David Carter Lounge,Wholesale-Cafe,Net-30,Wholesale,Eugene,2024-08-18
14510,Madison Lee Corporate Office,Wholesale-Cafe,Net-30,Wholesale,Portland,2024-06-10
14511,Ashley Jones Brew Bar,Wholesale-Cafe,Net-30,Wholesale,Portland,2023-11-28
14512,Matthew Kim Bistro,Wholesale-Cafe,Net-30,Wholesale,Lake Oswego,2022-09-17
14513,Sophia Thomas Lounge,Wholesale-Cafe,Net-30,Wholesale,Hillsboro,2022-05-26
14514,Lucas Nguyen Kitchen,Wholesale-Cafe,Net-30,Wholesale,Portland,2025-04-26
14515,Madison Davis Corporate Office,Wholesale-Cafe,Net-30,Wholesale,Portland,2023-10-05
14516,Madison Moore Kitchen,Wholesale-Cafe,Net-30,Wholesale,Portland,2025-06-13
14517,Ella Nguyen Corporate Office,Wholesale-Cafe,Net-30,Wholesale,Portland,2024-03-12
14518,Robert Lee Bakery,Wholesale-Cafe,Net-30,Wholesale,Lake Oswego,2023-11-24
14519,Matthew Smith Brew Bar,Wholesale-Cafe,Net-30,Wholesale, hillsboro,2025-03-18
14520,DAVID TAYLOR CORPORATE OFFICE ,Wholesale-Cafe,Net-30,Wholesale,Portland,2024-11-08
14521,Daniel Smith Restaurant,Wholesale-Cafe,Net-30,Wholesale,Portland,2022-05-08
14522,Sophia Jones Roasthouse,Wholesale-Cafe,Net-30,Wholesale,Portland,2024-11-16
14523,Ava Moore Brew Bar,Wholesale-Cafe,Net-30,Wholesale,Portland,2022-01-09
14524,Emma Lee Lounge,Wholesale-Cafe,Net-30,Wholesale,Hillsboro,2022-06-11
14525,James Smith Bistro,Wholesale-Cafe,Net-30,Wholesale,Beaverton,2025-09-06
14526,Liam Lee Bistro,Wholesale-Cafe,Net-30,Wholesale,Portland,2022-02-15
14527,Hannah Lee Coffee Co,Wholesale-Cafe,Net-30,Wholesale,Hillsboro,2024-04-28
14528,Emily Carter Restaurant,Wholesale-Cafe,Net-30,Wholesale,Salem,2022-12-21
14529,Mia Lee Restaurant,Wholesale-Cafe,Net-30,Wholesale, portland,2025-10-19
14530,Noah Williams Hotel,Wholesale-Cafe,Net-30,Wholesale,Portland,2023-09-02
14531,Emily Anderson Bistro,Wholesale-Cafe,Net-30,Wholesale,Hillsboro,2025-05-29
14532,Ashley Taylor Bistro,Wholesale-Cafe,Net-30,Wholesale, beaverton,2023-09-01
14533,Ella Garcia Cafe,Wholesale-Cafe,Net-30,Wholesale,Portland,2022-04-14
14534,Mia Jones Bakery,Wholesale-Cafe,Net-30,Wholesale,Portland,2022-11-06
14535,Joseph Kim Brew Bar,Wholesale-Cafe,Net-30,Wholesale,Portland,2023-09-11
14536,Emma Miller Restaurant,Wholesale-Cafe,Net-30,Wholesale,Salem,2025-02-10
14537,Hannah Williams Lounge,Wholesale-Cafe,Net-30,Wholesale,Gresham,2024-08-06
14538,OLIVIA THOMAS BISTRO ,Wholesale-Cafe,Net-30,Wholesale,Eugene,2025-08-21
14539,NOAH GARCIA COFFEE CO ,Wholesale-Cafe,Net-30,Wholesale,Portland,2024-06-17
14540,Hannah Brown Bistro,Wholesale-Cafe,Net-30,Wholesale, salem,2023-03-01
14541,DANIEL NELSON RESTAURANT ,Wholesale-Cafe,Net-30,Wholesale,Portland,2023-11-26
14542,Emma Nguyen Hotel,Wholesale-Cafe,Net-30,Wholesale,Portland,2024-05-27
14543,James Thomas Cafe,Wholesale-Cafe,Net-30,Wholesale,Portland,2024-12-15
14544,Ashley Carter Cafe,Wholesale-Cafe,Net-30,Wholesale,Portland,2023-12-14
14545,Ethan Moore Lounge,Wholesale-Cafe,Net-30,Wholesale,Portland,2023-02-06
14546,Chloe Kim Bakery,Wholesale-Cafe,Net-30,Wholesale,Beaverton,2025-11-07
14547,Liam Patel Brew Bar,Wholesale-Cafe,Net-30,Wholesale,Portland,2025-08-19
14548,Mia Nguyen Bakery,Wholesale-Cafe,Net-30,Wholesale,Portland,2022-07-15
14549,Joseph Patel Cafe,Wholesale-Cafe,Net-30,Wholesale,Portland,2023-06-10
14550,Ava Smith Cafe,Wholesale-Cafe,Net-30,Wholesale,Beaverton,2023-06-04
14551,Grace Johnson Coffee Co,Wholesale-Cafe,Net-30,Wholesale,Beaverton,2024-01-27
14552,Ashley Johnson Cafe,Wholesale-Cafe,Net-30,Wholesale,Portland,2025-07-16
14553,ROBERT JOHNSON DINER ,Wholesale-Cafe,Net-30,Wholesale,Portland,2022-01-27
14554,Lucas Martin Restaurant,Wholesale-Cafe,Net-30,Wholesale,Lake Oswego,2022-04-02
14555,Liam Lee Diner,Wholesale-Cafe,Net-30,Wholesale,Portland,2023-10-28
14556,Ashley Patel Diner,Wholesale-Cafe,Net-30,Wholesale,Gresham,2025-11-17
14557,Ethan Davis Cafe,Wholesale-Cafe,Net-30,Wholesale,Portland,2024-01-14
14558,Robert Patel Cafe,Wholesale-Cafe,Net-30,Wholesale,Salem,2024-12-06
14559,Sophia Thomas Corporate Office,Wholesale-Cafe,Net-30,Wholesale,Portland,2025-07-24
14560,Mason Carter Bistro,Wholesale-Cafe,Net-30,Wholesale,Portland,2023-08-26
14561,Lucas Nguyen Diner,Wholesale-Cafe,Net-30,Wholesale,Portland,2024-10-11
14562,Robert Jones Coffee Co,Wholesale-Cafe,Net-30,Wholesale,Beaverton,2022-06-01
14563,Matthew Kim Restaurant,Wholesale-Cafe,Net-30,Wholesale,Portland,2025-04-05
14564,Isabella Johnson Diner,Wholesale-Cafe,Net-30,Wholesale,Vancouver,2024-07-21
14565,Joseph Smith Bistro,Wholesale-Cafe,Net-30,Wholesale,Portland,2024-08-19
14566,William Wilson Roasthouse,Wholesale-Cafe,Net-30,Wholesale,Portland,2023-08-11
14567,Lucas Jones Lounge,Wholesale-Cafe,Net-30,Wholesale,Gresham,2023-02-17
14568,Emily Taylor Diner,Wholesale-Cafe,Net-30,Wholesale, beaverton,2023-02-27
14569,Hannah Johnson Bistro,Wholesale-Cafe,Net-30,Wholesale,Seattle,2024-06-14
14570,Emily Moore Roasthouse,Wholesale-Cafe,Net-30,Wholesale,Portland,2024-06-23
14571,MATTHEW SMITH BAKERY ,Wholesale-Cafe,Net-30,Wholesale,Hillsboro,2024-05-31
14572,Chloe Smith Bakery,Wholesale-Cafe,Net-30,Wholesale,Beaverton,2025-10-02
14573,LUCAS DAVIS LOUNGE ,Wholesale-Cafe,Net-30,Wholesale,Portland,2022-11-29
14574,Christopher Martin Coffee Co,Wholesale-Cafe,Net-30,Wholesale,Beaverton,2024-06-03
14575,Mason Wilson Coffee Co,Wholesale-Cafe,Net-30,Wholesale,Vancouver,2022-12-07
14576,HANNAH NGUYEN COFFEE CO ,Wholesale-Cafe,Net-30,Wholesale,Hillsboro,2023-04-21
14577,Grace Wilson Coffee Co,Wholesale-Cafe,Net-30,Wholesale,Portland,2025-03-10
14578,Ethan Patel Brew Bar,Wholesale-Cafe,Net-30,Wholesale,Portland,2022-01-08
14579,Grace Jones Kitchen,Wholesale-Cafe,Net-30,Wholesale, portland,2025-12-01
14580,Chloe Anderson Restaurant,Wholesale-Cafe,Net-30,Wholesale,Portland,2023-12-03
14581,Sarah Wilson Kitchen,Wholesale-Cafe,Net-30,Wholesale,Portland,2025-08-21
14582,Ava Jones Cafe,Wholesale-Cafe,Net-30,Wholesale, portland,2023-08-13
14583,Liam Miller Lounge,Wholesale-Cafe,Net-30,Wholesale,Gresham,2024-01-06
14584,Matthew Wilson Roasthouse,Wholesale-Cafe,Net-30,Wholesale, tigard,2024-01-03
14585,Noah Moore Hotel,Wholesale-Cafe,Net-30,Wholesale,Portland,2022-06-24
14586,Mason Patel Bakery,Wholesale-Cafe,Net-30,Wholesale,Portland,2024-10-24
14587,Andrew Patel Cafe,Wholesale-Cafe,Net-30,Wholesale,Gresham,2025-07-23
14588,Matthew Taylor Roasthouse,Wholesale-Cafe,Net-30,Wholesale,Beaverton,2024-10-07
14589,Liam Smith Coffee Co,Wholesale-Cafe,Net-30,Wholesale,Lake Oswego,2024-02-13
14590,WILLIAM DAVIS CORPORATE OFFICE ,Wholesale-Cafe,Net-30,Wholesale,Beaverton,2025-01-28
14591,Madison Thomas Restaurant,Wholesale-Cafe,Net-30,Wholesale,Beaverton,2022-03-16
14592,MASON DAVIS HOTEL ,Wholesale-Cafe,Net-30,Wholesale,Corvallis,2024-01-31
14593,Mia Garcia Corporate Office,Wholesale-Cafe,Net-30,Wholesale,Gresham,2023-01-05
14594,Jessica Jones Restaurant,Wholesale-Cafe,Net-30,Wholesale,Portland,2023-03-04
14595,Sarah Thomas Lounge,Wholesale-Cafe,Net-30,Wholesale,Hillsboro,2025-08-14
14596,James Patel Corporate Office,Wholesale-Cafe,Net-30,Wholesale,Portland,2023-05-26
14597,Lucas Anderson Bistro,Wholesale-Cafe,Net-30,Wholesale,Beaverton,2023-07-26
14598,Noah Davis Restaurant,Wholesale-Cafe,Net-30,Wholesale,Portland,2023-05-15
14599,Mason Nguyen Hotel,Wholesale-Cafe,Net-30,Wholesale,Portland,2024-02-11
14600,Christopher Taylor Restaurant,Wholesale-Cafe,Net-30,Wholesale,Portland,2022-06-15
14601,Emily Kim Brew Bar,Wholesale-Cafe,Net-30,Wholesale,Portland,2023-01-05
14602,Lucas Martin Bakery,Wholesale-Cafe,Net-30,Wholesale,Gresham,2022-04-29
14603,Robert Kim Coffee Co,Wholesale-Cafe,Net-30,Wholesale,Portland,2022-06-08
14604,Hannah Taylor Restaurant,Wholesale-Cafe,Net-30,Wholesale,Corvallis,2022-01-12
14605,Ashley Taylor Bistro,Wholesale-Cafe,Net-30,Wholesale,Beaverton,2024-02-15
14606,SARAH NELSON KITCHEN ,Wholesale-Cafe,Net-30,Wholesale,Portland,2023-07-20
14607,MATTHEW MARTIN KITCHEN ,Wholesale-Cafe,Net-30,Wholesale,Portland,2022-01-15
14608,Lucas Miller Lounge,Wholesale-Cafe,Net-30,Wholesale, portland,2024-08-25
14609,Ashley Anderson Lounge,Wholesale-Cafe,Net-30,Wholesale,Corvallis,2025-09-17
14610,Grace Anderson Brew Bar,Wholesale-Cafe,Net-30,Wholesale,Seattle,2023-06-26
14611,Noah Thomas Bistro,Wholesale-Cafe,Net-30,Wholesale,Portland,2023-01-10
14612,Mia Miller Bakery,Wholesale-Cafe,Net-30,Wholesale,Portland,2023-01-09
14613,Hannah Thomas Roasthouse,Wholesale-Cafe,Net-30,Wholesale,Gresham,2024-11-05
14614,Ashley Moore Coffee Co,Wholesale-Cafe,Net-30,Wholesale,Portland,2023-02-05
14615,Ashley Nelson Bakery,Wholesale-Cafe,Net-30,Wholesale,Seattle,2023-03-23
14616,Joseph Jones Roasthouse,Wholesale-Cafe,Net-30,Wholesale, portland,2023-07-15
14617,James Davis Corporate Office,Wholesale-Cafe,Net-30,Wholesale, portland,2022-11-25
14618,David Nelson Bakery,Wholesale-Cafe,Net-30,Wholesale,Salem,2022-07-25
14619,Joseph Taylor Diner,Wholesale-Cafe,Net-30,Wholesale,Portland,2025-07-04
14620,Madison Miller Brew Bar,Wholesale-Cafe,Net-30,Wholesale,Portland,2022-01-09
14621,Ashley Smith Bakery,Wholesale-Cafe,Net-30,Wholesale,Gresham,2025-01-01
14622,Madison Lee Lounge,Wholesale-Cafe,Net-30,Wholesale,Eugene,2022-12-13
14623,CHLOE LEE BISTRO ,Wholesale-Cafe,Net-30,Wholesale,Portland,2022-12-21
14624,MASON KIM BAKERY ,Wholesale-Cafe,Net-30,Wholesale,Beaverton,2025-04-15
14625,Mia Johnson Restaurant,Wholesale-Cafe,Net-30,Wholesale,Portland,2025-05-04
14626,Ava Brown Lounge,Wholesale-Cafe,Net-30,Wholesale,Portland,2022-09-08
14627,Liam Taylor Coffee Co,Wholesale-Cafe,Net-30,Wholesale,Beaverton,2023-01-22
14628,Jessica Miller Corporate Office,Wholesale-Cafe,Net-30,Wholesale,Beaverton,2023-10-17
14629,MICHAEL SMITH BISTRO ,Wholesale-Cafe,Net-30,Wholesale,Portland,2024-08-24
14630,ISABELLA SMITH COFFEE CO ,Wholesale-Cafe,Net-30,Wholesale,Portland,2024-05-04
14631,Olivia Davis Cafe,Wholesale-Cafe,Net-30,Wholesale,Salem,2025-06-09
14632,Noah Miller Diner,Wholesale-Cafe,Net-30,Wholesale,Portland,2024-01-11
14633,Hannah Carter Corporate Office,Wholesale-Cafe,Net-30,Wholesale,Salem,2025-02-28
14634,Robert Taylor Diner,Wholesale-Cafe,Net-30,Wholesale, tigard,2024-09-26
14635,Grace Moore Lounge,Wholesale-Cafe,Net-30,Wholesale,Portland,2025-10-01
14636,Olivia Anderson Kitchen,Wholesale-Cafe,Net-30,Wholesale,Portland,2024-02-18
14637,NOAH MARTIN DINER ,Wholesale-Cafe,Net-30,Wholesale, corvallis,2025-07-07
14638,Mia Lee Kitchen,Wholesale-Cafe,Net-30,Wholesale,Bend,2023-03-10
14639,Chloe Taylor Diner,Wholesale-Cafe,Net-30,Wholesale,Portland,2023-08-11
14640,JOSEPH WILLIAMS BREW BAR ,Wholesale-Cafe,Net-30,Wholesale,Portland,2023-04-23
14641,Christopher Jones Cafe,Wholesale-Cafe,Net-30,Wholesale,Portland,2023-09-16
14642,Madison Patel Bistro,Wholesale-Cafe,Net-30,Wholesale,Seattle,2022-12-11
14643,Robert Jones Coffee Co,Wholesale-Cafe,Net-30,Wholesale,Portland,2022-10-26
14644,ISABELLA PATEL ROASTHOUSE ,Wholesale-Cafe,Net-30,Wholesale,Gresham,2022-04-07
14645,Emily Moore Roasthouse,Wholesale-Cafe,Net-30,Wholesale,Portland,2025-09-30
14646,David Moore Bakery,Wholesale-Cafe,Net-30,Wholesale,Beaverton,2023-07-22
14647,WILLIAM GARCIA HOTEL ,Wholesale-Cafe,Net-30,Wholesale,Gresham,2025-09-20
14648,JESSICA KIM BAKERY ,Wholesale-Cafe,Net-30,Wholesale,Portland,2024-04-04
14649,Daniel Williams Hotel,Wholesale-Cafe,Net-30,Wholesale,Bend,2024-12-21
14650,Matthew Carter Cafe,Wholesale-Cafe,Net-30,Wholesale, beaverton,2024-06-01
14651,NOAH MOORE ROASTHOUSE ,Wholesale-Cafe,Net-30,Wholesale,Tigard,2023-05-10
14652,Joseph Johnson Hotel,Wholesale-Cafe,Net-30,Wholesale,Seattle,2025-05-30
14653,Joseph Smith Corporate Office,Wholesale-Cafe,Net-30,Wholesale,Portland,2025-07-04
14654,Hannah Martin Corporate Office,Wholesale-Cafe,Net-30,Wholesale,Salem,2024-04-24
14655,Olivia Kim Coffee Co,Wholesale-Cafe,Net-30,Wholesale,Portland,2022-02-22
14656,Michael Davis Corporate Office,Wholesale-Cafe,Net-30,Wholesale, bend,2022-02-15
14657,Liam Jones Coffee Co,Wholesale-Cafe,Net-30,Wholesale,Corvallis,2025-03-05
14658,Joseph Smith Bakery,Wholesale-Cafe,Net-30,Wholesale,Portland,2024-02-02
14659,Joseph Martin Lounge,Wholesale-Cafe,Net-30,Wholesale,Portland,2025-08-07
14660,Chloe Johnson Diner,Wholesale-Cafe,Net-30,Wholesale, portland,2024-07-05
14661,David Brown Brew Bar,Wholesale-Cafe,Net-30,Wholesale, beaverton,2025-09-06
14662,Jessica Miller Kitchen,Wholesale-Cafe,Net-30,Wholesale,Portland,2022-01-06
14663,Olivia Lee Cafe,Wholesale-Cafe,Net-30,Wholesale,Portland,2025-02-08
14664,James Patel Lounge,Wholesale-Cafe,Net-30,Wholesale,Beaverton,2024-10-25
14665,William Patel Hotel,Wholesale-Cafe,Net-30,Wholesale,Portland,2022-07-25
14666,Olivia Taylor Roasthouse,Wholesale-Cafe,Net-30,Wholesale,Portland,2025-10-25
14667,Chloe Johnson Bistro,Wholesale-Cafe,Net-30,Wholesale,Beaverton,2022-06-15
14668,Daniel Patel Brew Bar,Wholesale-Cafe,Net-30,Wholesale,Portland,2025-11-16
14669,DAVID TAYLOR CAFE ,Wholesale-Cafe,Net-30,Wholesale,Portland,2025-08-13
14670,Jessica Lee Bakery,Wholesale-Cafe,Net-30,Wholesale,Hillsboro,2025-08-05
14671,Chloe Lee Bakery,Wholesale-Cafe,Net-30,Wholesale,Portland,2025-12-05
14672,CHLOE BROWN BAKERY ,Wholesale-Cafe,Net-30,Wholesale,Portland,2025-04-10
14673,Hannah Nguyen Coffee Co,Wholesale-Cafe,Net-30,Wholesale,Portland,2025-07-23
14674,MATTHEW WILLIAMS CAFE ,Wholesale-Cafe,Net-30,Wholesale,Portland,2025-05-04
14675,Hannah Kim Cafe,Wholesale-Cafe,Net-30,Wholesale,Portland,2023-07-18
14676,Robert Patel Bakery,Wholesale-Cafe,Net-30,Wholesale,Eugene,2022-10-06
14677,James Patel Hotel,Wholesale-Cafe,Net-30,Wholesale,Eugene,2024-11-03
14678,LUCAS CARTER LOUNGE ,Wholesale-Cafe,Net-30,Wholesale, portland,2025-04-10
14679,Matthew Miller Lounge,Wholesale-Cafe,Net-30,Wholesale,Eugene,2023-12-25
14680,Christopher Wilson Corporate Office,Wholesale-Cafe,Net-30,Wholesale,Beaverton,2022-06-03
14681,EMMA MILLER RESTAURANT ,Wholesale-Cafe,Net-30,Wholesale, portland,2022-05-05
14682,Ashley Nguyen Roasthouse,Wholesale-Cafe,Net-30,Wholesale,Portland,2023-03-07
14683,Olivia Moore Coffee Co,Wholesale-Cafe,Net-30,Wholesale,Portland,2024-07-17
14684,David Nelson Corporate Office,Wholesale-Cafe,Net-30,Wholesale,Portland,2024-06-06
14685,JAMES ANDERSON HOTEL ,Wholesale-Cafe,Net-30,Wholesale,Beaverton,2023-07-02
14686,Olivia Brown Restaurant,Wholesale-Cafe,Net-30,Wholesale,Portland,2024-12-08
14687,David Miller Coffee Co,Wholesale-Cafe,Net-30,Wholesale,Salem,2023-06-29
14688,MADISON JONES HOTEL ,Wholesale-Cafe,Net-30,Wholesale,Bend,2025-07-25
14689,Matthew Wilson Lounge,Wholesale-Cafe,Net-30,Wholesale,Hillsboro,2024-01-25
14690,Sophia Thomas Corporate Office,Wholesale-Cafe,Net-30,Wholesale,Portland,2025-11-30
14691,Robert Brown Cafe,Wholesale-Cafe,Net-30,Wholesale,Portland,2022-03-07
14692,DANIEL GARCIA BISTRO ,Wholesale-Cafe,Net-30,Wholesale,Portland,2025-07-13
14693,Ella Nelson Kitchen,Wholesale-Cafe,Net-30,Wholesale, corvallis,2024-06-29
14694,Sophia Patel Kitchen,Wholesale-Cafe,Net-30,Wholesale, portland,2025-03-13
14695,DANIEL WILLIAMS COFFEE CO ,Wholesale-Cafe,Net-30,Wholesale, portland,2025-08-07
14696,Lucas Nelson Coffee Co,Wholesale-Cafe,Net-30,Wholesale,Portland,2025-08-22
14697,Olivia Davis Restaurant,Wholesale-Cafe,Net-30,Wholesale,Corvallis,2024-10-03
14698,Ashley Johnson Roasthouse,Wholesale-Cafe,Net-30,Wholesale,Corvallis,2023-12-13
14699,Ella Taylor Hotel,Wholesale-Cafe,Net-30,Wholesale,Salem,2022-12-20
14700,Jessica Miller Corporate Office,Wholesale-Cafe,Net-30,Wholesale,Portland,2022-03-25
14701,Madison Wilson Hotel,Wholesale-Cafe,Net-30,Wholesale,Portland,2022-03-17
14702,Sophia Nguyen Hotel,Wholesale-Cafe,Net-30,Wholesale, portland,2022-04-18
14703,Madison Garcia Hotel,Wholesale-Cafe,Net-30,Wholesale, portland,2024-10-06
14704,Matthew Patel Cafe,Wholesale-Cafe,Net-30,Wholesale,Portland,2024-07-13
14705,Emma Taylor Diner,Wholesale-Cafe,Net-30,Wholesale,Portland,2024-04-13
14706,MADISON PATEL KITCHEN ,Wholesale-Cafe,Net-30,Wholesale,Eugene,2023-02-16
14707,Emily Wilson Diner,Wholesale-Cafe,Net-30,Wholesale, portland,2022-10-28
14708,Lucas Martin Corporate Office,Wholesale-Cafe,Net-30,Wholesale,Corvallis,2025-07-13
14709,Jessica Davis Lounge,Wholesale-Cafe,Net-30,Wholesale,Portland,2025-09-01
14710,David Lee Diner,Wholesale-Cafe,Net-30,Wholesale,Portland,2025-06-11
14711,Mason Patel Coffee Co,Wholesale-Cafe,Net-30,Wholesale,Salem,2022-12-17
14712,Emma Miller Corporate Office,Wholesale-Cafe,Net-30,Wholesale,Gresham,2023-11-03
14713,Hannah Moore Restaurant,Wholesale-Cafe,Net-30,Wholesale,Hillsboro,2024-01-24
14714,Isabella Moore Hotel,Wholesale-Cafe,Net-30,Wholesale,Portland,2023-01-04
14715,Joseph Moore Diner,Wholesale-Cafe,Net-30,Wholesale,Portland,2023-06-28
14716,AVA NELSON BAKERY ,Wholesale-Cafe,Net-30,Wholesale,Vancouver,2024-03-25
14717,Sophia Miller Hotel,Wholesale-Cafe,Net-30,Wholesale,Portland,2025-10-13
14718,JAMES WILLIAMS HOTEL ,Wholesale-Cafe,Net-30,Wholesale,Salem,2023-11-14
14719,James Garcia Lounge,Wholesale-Cafe,Net-30,Wholesale,Seattle,2022-01-14
14720,Andrew Martin Cafe,Wholesale-Cafe,Net-30,Wholesale,Seattle,2022-08-25
14721,Robert Moore Kitchen,Wholesale-Cafe,Net-30,Wholesale, portland,2024-06-04
14722,Lucas Williams Hotel,Wholesale-Cafe,Net-30,Wholesale,Hillsboro,2022-12-15
14723,Lucas Williams Diner,Wholesale-Cafe,Net-30,Wholesale,Beaverton,2023-10-22
14724,Joseph Brown Brew Bar,Wholesale-Cafe,Net-30,Wholesale,Portland,2023-09-25
14725,James Wilson Coffee Co,Wholesale-Cafe,Net-30,Wholesale,Portland,2022-10-09
14726,Robert Moore Corporate Office,Wholesale-Cafe,Net-30,Wholesale,Portland,2023-08-19
14727,Joseph Nelson Hotel,Wholesale-Cafe,Net-30,Wholesale,Eugene,2025-09-11
14728,Hannah Carter Kitchen,Wholesale-Cafe,Net-30,Wholesale,Beaverton,2024-02-26
14729,Noah Carter Kitchen,Wholesale-Cafe,Net-30,Wholesale,Portland,2023-11-03
14730,Ashley Kim Brew Bar,Wholesale-Cafe,Net-30,Wholesale,Portland,2025-12-22
14731,Joseph Thomas Brew Bar,Wholesale-Cafe,Net-30,Wholesale, portland,2025-06-30
14732,Sophia Lee Bakery,Wholesale-Cafe,Net-30,Wholesale,Portland,2024-10-03
14733,Mason Williams Coffee Co,Wholesale-Cafe,Net-30,Wholesale,Salem,2025-07-03
14734,Liam Garcia Restaurant,Wholesale-Cafe,Net-30,Wholesale,Beaverton,2025-11-11
14735,Hannah Nguyen Diner,Wholesale-Cafe,Net-30,Wholesale,Portland,2025-11-26
14736,Emily Patel Lounge,Wholesale-Cafe,Net-30,Wholesale,Portland,2023-02-05
14737,William Patel Bakery,Wholesale-Cafe,Net-30,Wholesale,Corvallis,2022-11-13
14738,Olivia Brown Corporate Office,Wholesale-Cafe,Net-30,Wholesale,Portland,2023-09-08
14739,Olivia Anderson Bakery,Wholesale-Cafe,Net-30,Wholesale,Portland,2023-04-24
14740,Andrew Miller Lounge,Wholesale-Cafe,Net-30,Wholesale,Portland,2022-07-26
14741,Ella Brown Coffee Co,Wholesale-Cafe,Net-30,Wholesale,Portland,2023-04-08
14742,Mia Smith Kitchen,Wholesale-Cafe,Net-30,Wholesale,Hillsboro,2022-01-17
14743,Michael Anderson Diner,Wholesale-Cafe,Net-30,Wholesale,Portland,2024-04-15
14744,Lucas Lee Bakery,Wholesale-Cafe,Net-30,Wholesale,Portland,2024-09-29
14745,Sarah Lee Diner,Wholesale-Cafe,Net-30,Wholesale,Corvallis,2025-07-12
14746,EMILY SMITH BAKERY ,Wholesale-Cafe,Net-30,Wholesale,Seattle,2022-03-23
14747,Noah Carter Coffee Co,Wholesale-Cafe,Net-30,Wholesale,Portland,2023-11-08
14748,Noah Thomas Diner,Wholesale-Cafe,Net-30,Wholesale, portland,2024-07-24
14749,Sophia Davis Lounge,Wholesale-Cafe,Net-30,Wholesale, portland,2023-04-07
14750,Sophia Thomas Roasthouse,Wholesale-Cafe,Net-30,Wholesale,Portland,2025-01-30
14751,Michael Garcia Coffee Co,Wholesale-Cafe,Net-30,Wholesale,Beaverton,2025-10-03
14752,Liam Taylor Bistro,Wholesale-Cafe,Net-30,Wholesale,Portland,2024-06-24
14753,LUCAS MARTIN BISTRO ,Wholesale-Cafe,Net-30,Wholesale,Corvallis,2025-01-26
14754,Madison Wilson Bakery,Wholesale-Cafe,Net-30,Wholesale,Gresham,2025-08-31
14755,Mia Patel Restaurant,Wholesale-Cafe,Net-30,Wholesale, portland,2022-08-14
14756,Lucas Miller Kitchen,Wholesale-Cafe,Net-30,Wholesale,Beaverton,2022-12-26
14757,Sarah Anderson Hotel,Wholesale-Cafe,Net-30,Wholesale,Salem,2022-04-26
14758,Grace Williams Kitchen,Wholesale-Cafe,Net-30,Wholesale,Corvallis,2023-08-05
14759,Lucas Garcia Coffee Co,Wholesale-Cafe,Net-30,Wholesale,Portland,2022-02-13
14760,Emily Nguyen Bistro,Wholesale-Cafe,Net-30,Wholesale,Beaverton,2023-02-05
14761,David Thomas Brew Bar,Wholesale-Office,Net-45,Wholesale,Hillsboro,2025-05-08
14762,ASHLEY ANDERSON LOUNGE ,Wholesale-Office,Net-45,Wholesale,Portland,2025-05-22
14763,Olivia Nelson Lounge,Wholesale-Office,Net-45,Wholesale,Portland,2024-11-14
14764,EMMA NGUYEN BAKERY ,Wholesale-Office,Net-45,Wholesale, portland,2025-12-21
14765,Grace Jones Bakery,Wholesale-Office,Net-45,Wholesale,Portland,2023-03-07
14766,MASON DAVIS RESTAURANT ,Wholesale-Office,Net-45,Wholesale,Corvallis,2022-07-19
14767,ISABELLA DAVIS HOTEL ,Wholesale-Office,Net-45,Wholesale,Portland,2025-08-19
14768,MADISON JOHNSON HOTEL ,Wholesale-Office,Net-45,Wholesale, tigard,2023-11-02
14769,Matthew Brown Cafe,Wholesale-Office,Net-45,Wholesale,Corvallis,2024-08-03
14770,Madison Smith Cafe,Wholesale-Office,Net-45,Wholesale,Portland,2023-09-14
14771,Mia Miller Bakery,Wholesale-Office,Net-45,Wholesale,Portland,2023-03-14
14772,Mason Miller Brew Bar,Wholesale-Office,Net-45,Wholesale, portland,2022-10-20
14773,Liam Kim Roasthouse,Wholesale-Office,Net-45,Wholesale,Portland,2025-05-04
14774,Matthew Patel Bistro,Wholesale-Office,Net-45,Wholesale,Portland,2022-09-30
14775,Mia Garcia Brew Bar,Wholesale-Office,Net-45,Wholesale,Hillsboro,2022-09-20
14776,Christopher Nelson Lounge,Wholesale-Office,Net-45,Wholesale,Beaverton,2024-12-27
14777,MIA JONES ROASTHOUSE ,Wholesale-Office,Net-45,Wholesale,Portland,2024-05-31
14778,Joseph Smith Bistro,Wholesale-Office,Net-45,Wholesale,Beaverton,2022-10-20
14779,Lucas Moore Kitchen,Wholesale-Office,Net-45,Wholesale,Gresham,2025-06-25
14780,Ethan Martin Brew Bar,Wholesale-Office,Net-45,Wholesale,Salem,2025-12-12
14781,ISABELLA NGUYEN BAKERY ,Wholesale-Office,Net-45,Wholesale,Salem,2022-10-03
14782,Chloe Carter Coffee Co,Wholesale-Office,Net-45,Wholesale,Eugene,2022-12-07
14783,Ella Thomas Bistro,Wholesale-Office,Net-45,Wholesale,Portland,2024-01-31
14784,Grace Taylor Coffee Co,Wholesale-Office,Net-45,Wholesale,Portland,2023-01-24
14785,Liam Williams Hotel,Wholesale-Office,Net-45,Wholesale,Portland,2025-11-24
14786,Sarah Martin Coffee Co,Wholesale-Office,Net-45,Wholesale,Portland,2023-11-12
14787,Robert Thomas Diner,Wholesale-Office,Net-45,Wholesale,Vancouver,2025-01-27
14788,Mia Carter Bakery,Wholesale-Office,Net-45,Wholesale,Corvallis,2024-08-23
14789,Robert Johnson Coffee Co,Wholesale-Office,Net-45,Wholesale,Portland,2024-04-22
14790,Ethan Martin Bakery,Wholesale-Office,Net-45,Wholesale,Portland,2025-10-31
14791,Olivia Moore Corporate Office,Wholesale-Office,Net-45,Wholesale, portland,2024-04-04
14792,GRACE WILLIAMS COFFEE CO ,Wholesale-Office,Net-45,Wholesale,Portland,2022-08-25
14793,Mia Williams Kitchen,Wholesale-Office,Net-45,Wholesale,Portland,2023-09-01
14794,Mason Thomas Brew Bar,Wholesale-Office,Net-45,Wholesale, beaverton,2024-07-07
14795,EMMA THOMAS ROASTHOUSE ,Wholesale-Office,Net-45,Wholesale,Portland,2022-05-01
14796,GRACE KIM ROASTHOUSE ,Wholesale-Office,Net-45,Wholesale,Corvallis,2024-02-15
14797,JAMES THOMAS LOUNGE ,Wholesale-Office,Net-45,Wholesale, lake oswego,2025-01-19
14798,Michael Carter Restaurant,Wholesale-Office,Net-45,Wholesale,Salem,2025-04-15
14799,Madison Carter Lounge,Wholesale-Office,Net-45,Wholesale,Portland,2025-03-25
14800,MIA GARCIA CORPORATE OFFICE ,Wholesale-Office,Net-45,Wholesale,Portland,2024-02-26
14801,Olivia Carter Coffee Co,Wholesale-Office,Net-45,Wholesale,Portland,2022-07-26
14802,William Moore Lounge,Wholesale-Office,Net-45,Wholesale,Portland,2022-09-25
14803,Emma Thomas Lounge,Wholesale-Office,Net-45,Wholesale,Bend,2023-09-10
14804,Mason Garcia Cafe,Wholesale-Office,Net-45,Wholesale,Bend,2022-09-22
14805,Joseph Nelson Brew Bar,Wholesale-Office,Net-45,Wholesale,Bend,2024-03-08
14806,Robert Moore Bistro,Wholesale-Office,Net-45,Wholesale,Beaverton,2023-10-01
14807,Emma Carter Coffee Co,Wholesale-Office,Net-45,Wholesale,Eugene,2025-12-26
14808,Chloe Moore Bakery,Wholesale-Office,Net-45,Wholesale,Portland,2022-05-21
14809,ETHAN TAYLOR LOUNGE ,Wholesale-Office,Net-45,Wholesale, portland,2025-06-06
14810,Emma Carter Cafe,Wholesale-Office,Net-45,Wholesale,Portland,2025-10-30
14811,David Lee Diner,Wholesale-Office,Net-45,Wholesale,Beaverton,2022-01-31
14812,Michael Smith Restaurant,Wholesale-Office,Net-45,Wholesale,Portland,2022-01-31
14813,DANIEL ANDERSON LOUNGE ,Wholesale-Office,Net-45,Wholesale,Portland,2023-02-23
14814,Mason Nelson Roasthouse,Wholesale-Office,Net-45,Wholesale,Portland,2022-07-09
14815,Chloe Jones Bistro,Wholesale-Office,Net-45,Wholesale,Portland,2022-10-25
14816,Noah Thomas Restaurant,Wholesale-Office,Net-45,Wholesale, bend,2023-02-17
14817,Ella Martin Bistro,Wholesale-Office,Net-45,Wholesale,Portland,2025-03-13
14818,Hannah Nguyen Bistro,Wholesale-Office,Net-45,Wholesale,Portland,2024-09-21
14819,Sarah Johnson Lounge,Wholesale-Office,Net-45,Wholesale,Bend,2023-08-29
14820,Matthew Anderson Bistro,Wholesale-Office,Net-45,Wholesale,Corvallis,2023-01-10
14821,William Williams Kitchen,Wholesale-Office,Net-45,Wholesale,Portland,2024-11-09
14822,Emily Davis Bistro,Wholesale-Office,Net-45,Wholesale,Portland,2024-10-27
14823,James Moore Hotel,Wholesale-Office,Net-45,Wholesale, portland,2024-10-14
14824,Lucas Taylor Restaurant,Wholesale-Office,Net-45,Wholesale,Portland,2022-08-06
14825,Ella Miller Coffee Co,Wholesale-Office,Net-45,Wholesale,Portland,2023-05-22
14826,Isabella Lee Bistro,Wholesale-Office,Net-45,Wholesale,Portland,2025-08-27
14827,Ava Lee Lounge,Wholesale-Office,Net-45,Wholesale, portland,2022-07-25
14828,Emma Thomas Corporate Office,Wholesale-Office,Net-45,Wholesale,Portland,2025-12-29
14829,Matthew Anderson Corporate Office,Wholesale-Office,Net-45,Wholesale,Portland,2024-05-28
14830,Daniel Nguyen Restaurant,Wholesale-Office,Net-45,Wholesale,Beaverton,2025-03-15
14831,Andrew Martin Bakery,Wholesale-Office,Net-45,Wholesale,Salem,2023-10-21
14832,Isabella Thomas Kitchen,Wholesale-Office,Net-45,Wholesale,Hillsboro,2024-07-19
14833,Ethan Moore Corporate Office,Wholesale-Office,Net-45,Wholesale,Beaverton,2023-06-14
14834,WILLIAM MARTIN COFFEE CO ,Wholesale-Office,Net-45,Wholesale,Seattle,2023-07-26
14835,William Smith Restaurant,Wholesale-Office,Net-45,Wholesale,Seattle,2025-08-06
14836,James Johnson Bakery,Wholesale-Office,Net-45,Wholesale,Seattle,2025-12-02
14837,Noah Wilson Diner,Wholesale-Office,Net-45,Wholesale,Vancouver,2025-06-12
14838,Joseph Patel Diner,Wholesale-Office,Net-45,Wholesale,Portland,2023-12-12
14839,Chloe Williams Corporate Office,Wholesale-Office,Net-45,Wholesale,Salem,2022-08-06
14840,Joseph Taylor Kitchen,Wholesale-Office,Net-45,Wholesale,Eugene,2025-10-25
14841,Sarah Garcia Corporate Office,Wholesale-Office,Net-45,Wholesale, gresham,2025-06-24
14842,Joseph Brown Roasthouse,Wholesale-Office,Net-45,Wholesale,Portland,2024-12-01
14843,Ava Wilson Bistro,Wholesale-Office,Net-45,Wholesale,Portland,2024-05-25
14844,Mia Patel Lounge,Wholesale-Office,Net-45,Wholesale,Hillsboro,2023-05-03
14845,Sophia Miller Lounge,Wholesale-Office,Net-45,Wholesale,Lake Oswego,2023-01-25
14846,Ava Jones Restaurant,Wholesale-Office,Net-45,Wholesale,Gresham,2025-02-06
14847,Mason Garcia Hotel,Wholesale-Office,Net-45,Wholesale,Gresham,2023-11-18
14848,Joseph Carter Hotel,Wholesale-Office,Net-45,Wholesale,Portland,2024-12-14
14849,Joseph Anderson Bistro,Wholesale-Office,Net-45,Wholesale,Portland,2024-11-05
14850,Olivia Miller Kitchen,Wholesale-Office,Net-45,Wholesale,Hillsboro,2025-06-15
14851,Mia Moore Cafe,Wholesale-Office,Net-45,Wholesale,Portland,2024-11-01
14852,Matthew Nguyen Hotel,Wholesale-Office,Net-45,Wholesale,Portland,2024-07-26
14853,Joseph Patel Bistro,Wholesale-Office,Net-45,Wholesale, portland,2023-02-26
14854,Noah Carter Diner,Wholesale-Office,Net-45,Wholesale, portland,2024-07-10
14855,Ashley Jones Restaurant,Wholesale-Office,Net-45,Wholesale,Corvallis,2022-02-12
14856,Liam Nguyen Hotel,Wholesale-Office,Net-45,Wholesale,Corvallis,2023-03-28
14857,Sarah Nelson Cafe,Wholesale-Office,Net-45,Wholesale,Gresham,2024-05-10
14858,David Moore Brew Bar,Wholesale-Office,Net-45,Wholesale, gresham,2025-04-01
14859,Sophia Brown Coffee Co,Wholesale-Office,Net-45,Wholesale,Portland,2024-05-14
14860,Matthew Nguyen Cafe,Wholesale-Office,Net-45,Wholesale,Portland,2025-04-26
14861,Michael Martin Bakery,Wholesale-Office,Net-45,Wholesale, portland,2023-07-01
14862,Chloe Moore Bakery,Wholesale-Office,Net-45,Wholesale,Portland,2023-04-03
14863,Jessica Patel Lounge,Wholesale-Office,Net-45,Wholesale,Portland,2023-10-08
14864,Emma Lee Roasthouse,Wholesale-Office,Net-45,Wholesale,Salem,2024-04-12
14865,GRACE GARCIA RESTAURANT ,Wholesale-Office,Net-45,Wholesale,Portland,2023-09-12
14866,Sophia Taylor Corporate Office,Wholesale-Office,Net-45,Wholesale,Beaverton,2024-03-09
14867,AVA JONES KITCHEN ,Wholesale-Office,Net-45,Wholesale,Portland,2022-04-25
14868,Joseph Martin Diner,Wholesale-Office,Net-45,Wholesale,Bend,2025-06-06
14869,Andrew Brown Brew Bar,Wholesale-Office,Net-45,Wholesale,Tigard,2022-10-27
14870,WILLIAM LEE LOUNGE ,Wholesale-Office,Net-45,Wholesale,Tigard,2023-02-18
14871,MASON MARTIN COFFEE CO ,Wholesale-Office,Net-45,Wholesale,Hillsboro,2023-06-13
14872,Christopher Smith Bistro,Wholesale-Office,Net-45,Wholesale,Portland,2025-10-19
14873,JAMES DAVIS BAKERY ,Wholesale-Office,Net-45,Wholesale,Hillsboro,2023-01-01
14874,Andrew Wilson Corporate Office,Wholesale-Office,Net-45,Wholesale,Beaverton,2022-01-31
14875,Joseph Moore Roasthouse,Wholesale-Office,Net-45,Wholesale,Portland,2023-04-09
14876,Grace Patel Bistro,Wholesale-Office,Net-45,Wholesale,Vancouver,2024-07-24
14877,Madison Anderson Brew Bar,Wholesale-Office,Net-45,Wholesale,Portland,2024-09-26
14878,SOPHIA BROWN COFFEE CO ,Wholesale-Office,Net-45,Wholesale,Portland,2022-11-04
14879,Chloe Anderson Brew Bar,Wholesale-Office,Net-45,Wholesale,Portland,2024-08-06
14880,Andrew Garcia Kitchen,Wholesale-Office,Net-45,Wholesale,Lake Oswego,2023-01-16
14881,Matthew Nguyen Corporate Office,Wholesale-Office,Net-45,Wholesale,Gresham,2025-03-08
14882,William Taylor Brew Bar,Wholesale-Office,Net-45,Wholesale,Hillsboro,2024-12-24
14883,Chloe Martin Restaurant,Wholesale-Office,Net-45,Wholesale,Portland,2024-11-19
14884,Andrew Williams Coffee Co,Wholesale-Office,Net-45,Wholesale,Portland,2023-02-14
14885,Mia Patel Cafe,Wholesale-Office,Net-45,Wholesale,Portland,2025-05-25
14886,Emma Moore Bistro,Wholesale-Office,Net-45,Wholesale, portland,2025-07-02
14887,David Miller Lounge,Wholesale-Office,Net-45,Wholesale,Portland,2023-03-18
14888,Olivia Johnson Restaurant,Wholesale-Office,Net-45,Wholesale,Portland,2022-09-08
14889,Emily Moore Corporate Office,Wholesale-Office,Net-45,Wholesale,Eugene,2025-10-16
14890,Ashley Nguyen Brew Bar,Wholesale-Office,Net-45,Wholesale, beaverton,2025-10-24
14891,Jessica Taylor Diner,Wholesale-Office,Net-45,Wholesale,Portland,2022-03-25
14892,Emma Williams Bakery,Wholesale-Office,Net-45,Wholesale, beaverton,2024-05-02
14893,Emma Smith Hotel,Wholesale-Office,Net-45,Wholesale,Portland,2023-09-30
14894,Emma Nelson Kitchen,Wholesale-Office,Net-45,Wholesale,Portland,2024-06-25
14895,James Nguyen Diner,Wholesale-Office,Net-45,Wholesale,Portland,2023-08-23
14896,Mia Kim Kitchen,Wholesale-Office,Net-45,Wholesale,Portland,2023-11-22
14897,Hannah Jones Cafe,Wholesale-Office,Net-45,Wholesale,Portland,2024-09-09
14898,David Martin Bistro,Wholesale-Office,Net-45,Wholesale,Portland,2022-06-03
14899,Isabella Smith Kitchen,Wholesale-Office,Net-45,Wholesale,Portland,2023-09-25
14900,Christopher Taylor Bistro,Wholesale-Office,Net-45,Wholesale,Tigard,2023-05-01
14901,Ethan Smith Bistro,Wholesale-Office,Net-45,Wholesale,Portland,2023-03-15
14902,Joseph Garcia Kitchen,Wholesale-Office,Net-45,Wholesale,Lake Oswego,2022-02-21
14903,William Moore Lounge,Wholesale-Office,Net-45,Wholesale,Vancouver,2022-01-07
14904,LIAM NELSON BREW BAR ,Wholesale-Office,Net-45,Wholesale,Portland,2025-02-21
14905,Lucas Kim Lounge,Wholesale-Office,Net-45,Wholesale,Portland,2024-01-15
14906,Michael Kim Kitchen,Wholesale-Office,Net-45,Wholesale,Portland,2025-02-27
14907,Joseph Taylor Corporate Office,Wholesale-Office,Net-45,Wholesale,Vancouver,2022-01-10
14908,Hannah Brown Restaurant,Wholesale-Office,Net-45,Wholesale,Gresham,2024-04-03
14909,Hannah Carter Brew Bar,Wholesale-Office,Net-45,Wholesale,Eugene,2023-04-20
14910,Andrew Lee Bakery,Wholesale-Office,Net-45,Wholesale,Portland,2022-09-04
14911,HANNAH WILSON CORPORATE OFFICE ,Wholesale-Office,Net-45,Wholesale,Portland,2025-02-05
14912,JESSICA DAVIS CAFE ,Wholesale-Office,Net-45,Wholesale,Salem,2022-07-20
14913,Emily Garcia Brew Bar,Wholesale-Office,Net-45,Wholesale,Vancouver,2023-07-15
14914,ISABELLA KIM LOUNGE ,Wholesale-Office,Net-45,Wholesale, portland,2023-07-05
14915,Christopher Martin Kitchen,Wholesale-Office,Net-45,Wholesale,Seattle,2022-06-11
14916,Mason Carter Lounge,Wholesale-Office,Net-45,Wholesale,Beaverton,2024-11-14
14917,Daniel Wilson Coffee Co,Wholesale-Office,Net-45,Wholesale,Beaverton,2023-09-06
14918,James Johnson Restaurant,Wholesale-Office,Net-45,Wholesale,Vancouver,2022-04-18
14919,Andrew Davis Diner,Wholesale-Office,Net-45,Wholesale,Portland,2025-09-06
14920,James Patel Roasthouse,Wholesale-Office,Net-45,Wholesale,Portland,2022-11-06
14921,NOAH NGUYEN COFFEE CO ,Wholesale-Office,Net-45,Wholesale,Portland,2023-05-06
14922,MICHAEL MOORE DINER ,Wholesale-Office,Net-45,Wholesale,Portland,2025-05-09
14923,Hannah Thomas Kitchen,Wholesale-Office,Net-45,Wholesale,Salem,2025-07-03
14924,Emily Thomas Cafe,Wholesale-Office,Net-45,Wholesale,Portland,2025-04-11
14925,Noah Carter Bakery,Wholesale-Office,Net-45,Wholesale,Corvallis,2022-02-13
14926,Ashley Nelson Restaurant,Wholesale-Office,Net-45,Wholesale, beaverton,2024-09-22
14927,Sophia Nelson Bistro,Wholesale-Office,Net-45,Wholesale,Hillsboro,2023-12-22
14928,Mia Thomas Bistro,Wholesale-Office,Net-45,Wholesale,Portland,2023-11-18
14929,Robert Patel Coffee Co,Wholesale-Office,Net-45,Wholesale,Portland,2025-10-17
14930,Emily Williams Brew Bar,Wholesale-Office,Net-45,Wholesale, eugene,2025-09-04
14931,Daniel Johnson Hotel,Wholesale-Office,Net-45,Wholesale, salem,2024-04-11
14932,Isabella Garcia Roasthouse,Wholesale-Office,Net-45,Wholesale,Lake Oswego,2023-03-29
14933,Emily Thomas Cafe,Wholesale-Office,Net-45,Wholesale,Portland,2024-09-25
14934,Chloe Nelson Bistro,Wholesale-Office,Net-45,Wholesale,Portland,2023-12-18
14935,Ethan Carter Corporate Office,Wholesale-Office,Net-45,Wholesale,Hillsboro,2024-01-09
14936,EMILY KIM RESTAURANT ,Wholesale-Office,Net-45,Wholesale,Portland,2023-02-07
14937,Matthew Moore Bistro,Wholesale-Office,Net-45,Wholesale,Portland,2024-12-18
14938,William Moore Corporate Office,Wholesale-Office,Net-45,Wholesale,Portland,2024-05-26
14939,Jessica Garcia Cafe,Wholesale-Office,Net-45,Wholesale,Portland,2022-03-16
14940,Lucas Martin Roasthouse,Wholesale-Office,Net-45,Wholesale,Gresham,2022-02-04
14941,Jessica Jones Kitchen,Wholesale-Office,Net-45,Wholesale,Portland,2022-12-25
14942,Andrew Williams Diner,Wholesale-Office,Net-45,Wholesale,Portland,2023-03-27
14943,ELLA THOMAS DINER ,Wholesale-Office,Net-45,Wholesale,Portland,2023-05-24
14944,ELLA THOMAS KITCHEN ,Wholesale-Office,Net-45,Wholesale,Salem,2023-08-09
14945,Christopher Martin Corporate Office,Wholesale-Office,Net-45,Wholesale,Portland,2025-04-11
14946,GRACE NELSON COFFEE CO ,Wholesale-Office,Net-45,Wholesale,Beaverton,2023-01-25
14947,Ava Miller Cafe,Wholesale-Office,Net-45,Wholesale,Tigard,2022-04-11
14948,Olivia Anderson Hotel,Wholesale-Office,Net-45,Wholesale,Portland,2024-07-11
14949,Lucas Kim Lounge,Wholesale-Office,Net-45,Wholesale,Portland,2024-03-27
14950,Noah Garcia Bakery,Wholesale-Office,Net-45,Wholesale,Salem,2024-01-10
14951,MIA MARTIN DINER ,Wholesale-Office,Net-45,Wholesale,Portland,2023-05-25
14952,Lucas Anderson Restaurant,Wholesale-Office,Net-45,Wholesale, portland,2023-11-20
14953,Joseph Johnson Roasthouse,Wholesale-Office,Net-45,Wholesale,Gresham,2023-01-04
14954,Mason Jones Hotel,Wholesale-Office,Net-45,Wholesale,Portland,2022-06-11
14955,Robert Wilson Roasthouse,Wholesale-Office,Net-45,Wholesale, hillsboro,2025-05-31
14956,Grace Brown Lounge,Wholesale-Office,Net-45,Wholesale,Portland,2022-07-14
14957,Mason Garcia Restaurant,Wholesale-Office,Net-45,Wholesale,Bend,2024-11-11
14958,Mason Anderson Corporate Office,Wholesale-Office,Net-45,Wholesale,Salem,2025-01-03
14959,Andrew Williams Hotel,Wholesale-Office,Net-45,Wholesale,Salem,2022-02-13
14960,Grace Davis Kitchen,Wholesale-Office,Net-45,Wholesale,Vancouver,2025-04-05
14961,Joseph Carter Hotel,Wholesale-Office,Net-45,Wholesale,Bend,2024-02-07
14962,MICHAEL JOHNSON RESTAURANT ,Wholesale-Office,Net-45,Wholesale,Hillsboro,2022-05-31
14963,Lucas Garcia Bistro,Wholesale-Office,Net-45,Wholesale,Bend,2024-03-17
14964,Ella Garcia Diner,Wholesale-Office,Net-45,Wholesale,Portland,2023-07-05
14965,Hannah Martin Cafe,Wholesale-Office,Net-45,Wholesale,Salem,2023-07-12
14966,Robert Wilson Roasthouse,Wholesale-Office,Net-45,Wholesale,Portland,2023-03-10
14967,Noah Nelson Restaurant,Wholesale-Office,Net-45,Wholesale,Hillsboro,2022-02-15
14968,Michael Martin Coffee Co,Wholesale-Office,Net-45,Wholesale,Portland,2023-07-09
14969,MADISON NELSON BISTRO ,Wholesale-Office,Net-45,Wholesale,Hillsboro,2025-11-28
14970,Sarah Brown Lounge,Wholesale-Office,Net-45,Wholesale,Portland,2024-08-12
14971,David Garcia Bistro,Wholesale-Office,Net-45,Wholesale,Portland,2024-05-31
14972,MATTHEW MARTIN HOTEL ,Wholesale-Office,Net-45,Wholesale,Gresham,2024-08-23
14973,Robert Garcia Lounge,Wholesale-Office,Net-45,Wholesale,Portland,2024-07-26
14974,Mason Wilson Bistro,Wholesale-Office,Net-45,Wholesale,Portland,2023-12-09
14975,Liam Martin Roasthouse,Wholesale-Office,Net-45,Wholesale,Portland,2022-09-27
14976,Mason Nelson Diner,Wholesale-Office,Net-45,Wholesale,Seattle,2023-06-01
14977,Hannah Martin Cafe,Wholesale-Office,Net-45,Wholesale,Beaverton,2022-12-18
14978,LUCAS DAVIS BISTRO ,Wholesale-Office,Net-45,Wholesale,Portland,2024-05-22
14979,ETHAN BROWN HOTEL ,Wholesale-Office,Net-45,Wholesale,Portland,2022-05-29
14980,LIAM BROWN KITCHEN ,Wholesale-Office,Net-45,Wholesale,Portland,2025-07-08
14981,Liam Lee Kitchen,Wholesale-Office,Net-45,Wholesale,Portland,2023-11-24
14982,Madison Brown Coffee Co,Wholesale-Office,Net-45,Wholesale,Seattle,2025-11-13
14983,MIA TAYLOR RESTAURANT ,Wholesale-Office,Net-45,Wholesale,Salem,2024-09-15
14984,Ava Davis Diner,Wholesale-Office,Net-45,Wholesale,Salem,2025-09-20
14985,Robert Patel Hotel,Wholesale-Office,Net-45,Wholesale,Portland,2024-04-25
14986,Robert Johnson Restaurant,Wholesale-Office,Net-45,Wholesale,Portland,2025-02-28
14987,Robert Johnson Restaurant,Wholesale-Office,Net-45,Wholesale, portland,2025-08-29
14988,Chloe Smith Bakery,Wholesale-Office,Net-45,Wholesale, gresham,2025-02-19
14989,Christopher Williams Corporate Office,Wholesale-Office,Net-45,Wholesale,Portland,2025-05-28
14990,Madison Carter Roasthouse,Wholesale-Office,Net-45,Wholesale,Portland,2024-07-16
14991,Joseph Anderson Bakery,Wholesale-Office,Net-45,Wholesale,Portland,2022-03-28
14992,JESSICA JONES ROASTHOUSE ,Wholesale-Office,Net-45,Wholesale,Portland,2022-05-17
14993,Ava Smith Bistro,Wholesale-Office,Net-45,Wholesale, portland,2024-01-07
14994,Robert Patel Restaurant,Wholesale-Office,Net-45,Wholesale,Beaverton,2024-03-01
14995,Lucas Lee Lounge,Wholesale-Office,Net-45,Wholesale,Portland,2025-01-28
14996,Ava Brown Hotel,Wholesale-Office,Net-45,Wholesale,Hillsboro,2024-11-07
14997,Emily Patel Diner,Wholesale-Office,Net-45,Wholesale,Beaverton,2025-10-25
14998,Emily Patel Cafe,Wholesale-Office,Net-45,Wholesale,Beaverton,2024-11-03
14999,Isabella Anderson Bistro,Wholesale-Office,Net-45,Wholesale,Bend,2023-08-18
15000,WILLIAM WILLIAMS ROASTHOUSE ,Wholesale-Office,Net-45,Wholesale,Portland,2023-09-21
15001,Ethan Moore Cafe,Wholesale-Office,Net-45,Wholesale,Gresham,2024-11-02
15002,Jessica Jones Kitchen,Wholesale-Office,Net-45,Wholesale,Portland,2025-11-18
15003,Jessica Miller Brew Bar,Wholesale-Office,Net-45,Wholesale,Portland,2025-08-14
15004,Emma Thomas Corporate Office,Wholesale-Office,Net-45,Wholesale,Corvallis,2022-07-03
15005,Noah Brown Cafe,Wholesale-Office,Net-45,Wholesale,Portland,2023-12-21
15006,James Moore Corporate Office,Wholesale-Office,Net-45,Wholesale,Portland,2022-07-17
15007,Ava Lee Brew Bar,Wholesale-Office,Net-45,Wholesale,Vancouver,2023-06-03
15008,Isabella Lee Coffee Co,Wholesale-Office,Net-45,Wholesale,Portland,2023-05-17
15009,Joseph Miller Hotel,Wholesale-Office,Net-45,Wholesale,Seattle,2025-07-24
15010,Andrew Nguyen Brew Bar,Wholesale-Office,Net-45,Wholesale,Portland,2022-04-08
15011,ASHLEY MARTIN LOUNGE ,Wholesale-Restaurant,Net-30,Wholesale,Portland,2023-11-16
15012,Christopher Nelson Diner,Wholesale-Restaurant,Net-30,Wholesale,Portland,2023-10-13
15013,Robert Williams Coffee Co,Wholesale-Restaurant,Net-30,Wholesale,Hillsboro,2022-11-11
15014,ELLA NGUYEN LOUNGE ,Wholesale-Restaurant,Net-30,Wholesale,Beaverton,2024-01-27
15015,Mason Kim Corporate Office,Wholesale-Restaurant,Net-30,Wholesale,Portland,2023-02-05
15016,Joseph Davis Roasthouse,Wholesale-Restaurant,Net-30,Wholesale,Portland,2023-01-17
15017,Ella Miller Restaurant,Wholesale-Restaurant,Net-30,Wholesale,Lake Oswego,2024-09-30
15018,MATTHEW THOMAS CAFE ,Wholesale-Restaurant,Net-30,Wholesale,Corvallis,2022-01-08
15019,Andrew Johnson Corporate Office,Wholesale-Restaurant,Net-30,Wholesale,Portland,2022-07-08
15020,Grace Garcia Cafe,Wholesale-Restaurant,Net-30,Wholesale,Bend,2025-09-11
15021,William Garcia Kitchen,Wholesale-Restaurant,Net-30,Wholesale,Eugene,2025-01-14
15022,Sarah Martin Roasthouse,Wholesale-Restaurant,Net-30,Wholesale,Beaverton,2025-09-01
15023,MATTHEW CARTER ROASTHOUSE ,Wholesale-Restaurant,Net-30,Wholesale,Portland,2022-12-03
15024,Sophia Taylor Bistro,Wholesale-Restaurant,Net-30,Wholesale,Eugene,2022-12-24
15025,Liam Brown Roasthouse,Wholesale-Restaurant,Net-30,Wholesale,Portland,2024-01-26
15026,Isabella Lee Restaurant,Wholesale-Restaurant,Net-30,Wholesale,Portland,2022-04-22
15027,Hannah Davis Kitchen,Wholesale-Restaurant,Net-30,Wholesale,Portland,2022-03-18
15028,ROBERT GARCIA BAKERY ,Wholesale-Restaurant,Net-30,Wholesale,Portland,2023-08-04
15029,Madison Thomas Brew Bar,Wholesale-Restaurant,Net-30,Wholesale,Portland,2023-07-29
15030,MICHAEL MILLER ROASTHOUSE ,Wholesale-Restaurant,Net-30,Wholesale,Hillsboro,2022-12-17
15031,Hannah Kim Kitchen,Wholesale-Restaurant,Net-30,Wholesale,Portland,2025-08-28
15032,SARAH MARTIN CORPORATE OFFICE ,Wholesale-Restaurant,Net-30,Wholesale,Portland,2025-06-13
15033,Chloe Garcia Brew Bar,Wholesale-Restaurant,Net-30,Wholesale,Portland,2025-06-21
15034,Noah Anderson Hotel,Wholesale-Restaurant,Net-30,Wholesale, portland,2022-01-25
15035,David Taylor Bistro,Wholesale-Restaurant,Net-30,Wholesale,Portland,2024-03-23
15036,Noah Carter Restaurant,Wholesale-Restaurant,Net-30,Wholesale,Portland,2024-08-18
15037,James Williams Restaurant,Wholesale-Restaurant,Net-30,Wholesale,Beaverton,2025-10-09
15038,Mason Davis Diner,Wholesale-Restaurant,Net-30,Wholesale,Portland,2024-03-21
15039,Noah Martin Brew Bar,Wholesale-Restaurant,Net-30,Wholesale,Beaverton,2023-12-27
15040,Emily Patel Hotel,Wholesale-Restaurant,Net-30,Wholesale,Portland,2024-01-22
15041,Daniel Brown Kitchen,Wholesale-Restaurant,Net-30,Wholesale,Salem,2024-01-22
15042,Noah Carter Roasthouse,Wholesale-Restaurant,Net-30,Wholesale,Portland,2022-01-28
15043,James Thomas Diner,Wholesale-Restaurant,Net-30,Wholesale, portland,2022-10-30
15044,Noah Lee Diner,Wholesale-Restaurant,Net-30,Wholesale,Vancouver,2022-05-02
15045,Jessica Johnson Hotel,Wholesale-Restaurant,Net-30,Wholesale,Portland,2022-09-29
15046,Noah Wilson Corporate Office,Wholesale-Restaurant,Net-30,Wholesale,Bend,2023-09-19
15047,Sarah Garcia Diner,Wholesale-Restaurant,Net-30,Wholesale,Beaverton,2024-04-05
15048,Ella Brown Cafe,Wholesale-Restaurant,Net-30,Wholesale,Beaverton,2025-08-02
15049,Daniel Lee Lounge,Wholesale-Restaurant,Net-30,Wholesale,Salem,2023-06-21
15050,Hannah Thomas Brew Bar,Wholesale-Restaurant,Net-30,Wholesale,Hillsboro,2025-03-27
15051,Sophia Martin Roasthouse,Wholesale-Restaurant,Net-30,Wholesale,Eugene,2025-02-01
15052,Olivia Thomas Roasthouse,Wholesale-Restaurant,Net-30,Wholesale,Hillsboro,2022-06-18
15053,JAMES THOMAS DINER ,Wholesale-Restaurant,Net-30,Wholesale,Portland,2022-06-30
15054,HANNAH MILLER BISTRO ,Wholesale-Restaurant,Net-30,Wholesale,Gresham,2022-03-22
15055,NOAH THOMAS DINER ,Wholesale-Restaurant,Net-30,Wholesale,Portland,2023-05-04
15056,Hannah Brown Corporate Office,Wholesale-Restaurant,Net-30,Wholesale,Portland,2022-05-05
15057,James Thomas Coffee Co,Wholesale-Restaurant,Net-30,Wholesale,Eugene,2025-12-01
15058,ANDREW WILLIAMS DINER ,Wholesale-Restaurant,Net-30,Wholesale,Beaverton,2023-02-06
15059,Emily Williams Cafe,Wholesale-Restaurant,Net-30,Wholesale,Portland,2023-03-06
15060,Sarah Williams Bistro,Wholesale-Restaurant,Net-30,Wholesale,Eugene,2024-12-17
15061,Mia Lee Bistro,Wholesale-Restaurant,Net-30,Wholesale,Portland,2025-02-09
15062,Madison Kim Bakery,Wholesale-Restaurant,Net-30,Wholesale,Lake Oswego,2024-02-29
15063,Ava Johnson Brew Bar,Wholesale-Restaurant,Net-30,Wholesale,Corvallis,2025-06-23
15064,EMILY MOORE BISTRO ,Wholesale-Restaurant,Net-30,Wholesale,Gresham,2023-04-03
15065,Sophia Jones Hotel,Wholesale-Restaurant,Net-30,Wholesale,Beaverton,2024-09-16
15066,Lucas Garcia Coffee Co,Wholesale-Restaurant,Net-30,Wholesale,Portland,2024-12-12
15067,Liam Nguyen Brew Bar,Wholesale-Restaurant,Net-30,Wholesale,Portland,2022-10-16
15068,Sarah Jones Hotel,Wholesale-Restaurant,Net-30,Wholesale,Bend,2023-08-24
15069,Liam Johnson Diner,Wholesale-Restaurant,Net-30,Wholesale,Eugene,2022-09-22
15070,Daniel Patel Corporate Office,Wholesale-Restaurant,Net-30,Wholesale,Beaverton,2023-06-07
15071,Mia Thomas Cafe,Wholesale-Restaurant,Net-30,Wholesale,Corvallis,2023-12-12
15072,Noah Smith Cafe,Wholesale-Restaurant,Net-30,Wholesale,Portland,2024-06-09
15073,Robert Nelson Restaurant,Wholesale-Restaurant,Net-30,Wholesale,Portland,2024-01-10
15074,Mason Johnson Corporate Office,Wholesale-Restaurant,Net-30,Wholesale,Salem,2023-06-10
15075,SARAH KIM LOUNGE ,Wholesale-Restaurant,Net-30,Wholesale,Vancouver,2022-05-30
15076,Hannah Martin Roasthouse,Wholesale-Restaurant,Net-30,Wholesale,Corvallis,2022-07-23
15077,LUCAS MILLER LOUNGE ,Wholesale-Restaurant,Net-30,Wholesale,Portland,2022-06-09
15078,LUCAS NGUYEN KITCHEN ,Wholesale-Restaurant,Net-30,Wholesale,Portland,2022-03-20
15079,Noah Brown Coffee Co,Wholesale-Restaurant,Net-30,Wholesale,Portland,2025-09-29
15080,Olivia Lee Roasthouse,Wholesale-Restaurant,Net-30,Wholesale,Beaverton,2022-12-18
15081,David Anderson Coffee Co,Wholesale-Restaurant,Net-30,Wholesale,Beaverton,2023-10-14
15082,ELLA JOHNSON BREW BAR ,Wholesale-Restaurant,Net-30,Wholesale, portland,2022-11-02
15083,Ella Miller Bakery,Wholesale-Restaurant,Net-30,Wholesale,Hillsboro,2025-02-03
15084,Sophia Martin Roasthouse,Wholesale-Restaurant,Net-30,Wholesale, beaverton,2025-03-19
15085,Grace Nguyen Bakery,Wholesale-Restaurant,Net-30,Wholesale,Portland,2022-10-27
15086,Christopher Carter Lounge,Wholesale-Restaurant,Net-30,Wholesale,Vancouver,2023-05-15
15087,Noah Brown Bistro,Wholesale-Restaurant,Net-30,Wholesale,Gresham,2024-05-19
15088,Emma Moore Coffee Co,Wholesale-Restaurant,Net-30,Wholesale,Portland,2023-06-17
15089,Andrew Brown Corporate Office,Wholesale-Restaurant,Net-30,Wholesale,Portland,2025-08-17
15090,Olivia Williams Cafe,Wholesale-Restaurant,Net-30,Wholesale,Portland,2022-12-20
15091,Mia Anderson Diner,Wholesale-Restaurant,Net-30,Wholesale,Portland,2023-05-05
15092,Ethan Nguyen Kitchen,Wholesale-Restaurant,Net-30,Wholesale,Portland,2023-05-22
15093,Christopher Carter Bakery,Wholesale-Restaurant,Net-30,Wholesale,Portland,2023-06-09
15094,Chloe Patel Diner,Wholesale-Restaurant,Net-30,Wholesale,Portland,2023-10-07
15095,Chloe Jones Coffee Co,Wholesale-Restaurant,Net-30,Wholesale, hillsboro,2022-06-09
15096,Mason Johnson Roasthouse,Wholesale-Restaurant,Net-30,Wholesale,Portland,2022-10-02
15097,Chloe Martin Kitchen,Wholesale-Restaurant,Net-30,Wholesale,Lake Oswego,2024-06-03
15098,Andrew Williams Coffee Co,Wholesale-Restaurant,Net-30,Wholesale,Portland,2022-03-13
15099,Emma Jones Bakery,Wholesale-Restaurant,Net-30,Wholesale,Portland,2023-03-18
15100,Madison Lee Roasthouse,Wholesale-Restaurant,Net-30,Wholesale,Portland,2022-10-07
15101,Christopher Martin Corporate Office,Wholesale-Restaurant,Net-30,Wholesale,Beaverton,2022-10-14
15102,Matthew Lee Bakery,Wholesale-Restaurant,Net-30,Wholesale,Portland,2025-07-14
15103,Lucas Garcia Cafe,Wholesale-Restaurant,Net-30,Wholesale, hillsboro,2023-01-07
15104,Andrew Martin Corporate Office,Wholesale-Restaurant,Net-30,Wholesale,Eugene,2025-08-12
15105,Noah Nelson Coffee Co,Wholesale-Restaurant,Net-30,Wholesale,Gresham,2024-03-29
15106,Jessica Garcia Cafe,Wholesale-Restaurant,Net-30,Wholesale,Hillsboro,2022-11-30
15107,Mia Anderson Bistro,Wholesale-Restaurant,Net-30,Wholesale,Hillsboro,2022-09-20
15108,Grace Lee Restaurant,Wholesale-Restaurant,Net-30,Wholesale,Portland,2025-11-19
15109,MATTHEW NELSON KITCHEN ,Wholesale-Restaurant,Net-30,Wholesale,Portland,2022-04-10
15110,Hannah Anderson Roasthouse,Wholesale-Restaurant,Net-30,Wholesale,Portland,2022-06-04
15111,Isabella Johnson Kitchen,Wholesale-Restaurant,Net-30,Wholesale,Gresham,2023-08-04
15112,MADISON NELSON RESTAURANT ,Wholesale-Restaurant,Net-30,Wholesale,Portland,2023-01-15
15113,Emily Davis Corporate Office,Wholesale-Restaurant,Net-30,Wholesale,Salem,2022-08-11
15114,Noah Anderson Diner,Wholesale-Restaurant,Net-30,Wholesale,Portland,2023-01-04
15115,Mason Garcia Coffee Co,Wholesale-Restaurant,Net-30,Wholesale,Portland,2025-06-04
15116,David Nelson Hotel,Wholesale-Restaurant,Net-30,Wholesale,Beaverton,2024-09-26
15117,GRACE LEE CORPORATE OFFICE ,Wholesale-Restaurant,Net-30,Wholesale,Vancouver,2023-04-07
15118,Sophia Johnson Restaurant,Wholesale-Restaurant,Net-30,Wholesale,Portland,2023-03-10
15119,Ethan Kim Restaurant,Wholesale-Restaurant,Net-30,Wholesale,Portland,2022-06-05
15120,David Johnson Coffee Co,Wholesale-Restaurant,Net-30,Wholesale,Portland,2023-05-22
15121,Madison Johnson Corporate Office,Wholesale-Restaurant,Net-30,Wholesale,Bend,2023-12-27
15122,Olivia Patel Diner,Wholesale-Restaurant,Net-30,Wholesale,Hillsboro,2023-08-13
15123,Ethan Miller Roasthouse,Wholesale-Restaurant,Net-30,Wholesale,Portland,2024-02-16
15124,David Miller Restaurant,Wholesale-Restaurant,Net-30,Wholesale,Portland,2022-02-13
15125,SOPHIA MILLER BAKERY ,Wholesale-Restaurant,Net-30,Wholesale,Hillsboro,2023-07-14
15126,Christopher Lee Corporate Office,Wholesale-Restaurant,Net-30,Wholesale,Beaverton,2022-09-18
15127,Grace Jones Hotel,Wholesale-Restaurant,Net-30,Wholesale,Portland,2022-01-03
15128,Ava Thomas Bistro,Wholesale-Restaurant,Net-30,Wholesale,Portland,2023-12-21
15129,MICHAEL DAVIS ROASTHOUSE ,Wholesale-Restaurant,Net-30,Wholesale, portland,2022-06-02
15130,Matthew Kim Cafe,Wholesale-Restaurant,Net-30,Wholesale,Portland,2022-03-13
15131,Ava Carter Diner,Wholesale-Restaurant,Net-30,Wholesale, hillsboro,2025-02-02
15132,Mason Lee Diner,Wholesale-Restaurant,Net-30,Wholesale,Portland,2025-04-18
15133,Ava Taylor Brew Bar,Wholesale-Restaurant,Net-30,Wholesale,Portland,2023-06-26
15134,Chloe Nelson Kitchen,Wholesale-Restaurant,Net-30,Wholesale, portland,2022-08-22
15135,Grace Carter Corporate Office,Wholesale-Restaurant,Net-30,Wholesale,Portland,2025-12-25
15136,Mia Lee Lounge,Wholesale-Restaurant,Net-30,Wholesale,Seattle,2023-09-16
15137,Daniel Nelson Lounge,Wholesale-Restaurant,Net-30,Wholesale,Hillsboro,2025-07-12
15138,Ethan Anderson Cafe,Wholesale-Restaurant,Net-30,Wholesale,Beaverton,2025-05-16
15139,DANIEL JONES BAKERY ,Wholesale-Restaurant,Net-30,Wholesale,Beaverton,2023-10-14
15140,Madison Brown Kitchen,Wholesale-Restaurant,Net-30,Wholesale,Portland,2022-09-18
15141,Olivia Martin Hotel,Wholesale-Restaurant,Net-30,Wholesale,Beaverton,2024-03-24
15142,David Davis Brew Bar,Wholesale-Restaurant,Net-30,Wholesale,Portland,2024-12-23
15143,Sophia Miller Brew Bar,Wholesale-Restaurant,Net-30,Wholesale,Portland,2023-05-14
15144,Daniel Miller Restaurant,Wholesale-Restaurant,Net-30,Wholesale,Portland,2023-07-06
15145,MICHAEL PATEL RESTAURANT ,Wholesale-Restaurant,Net-30,Wholesale,Portland,2025-12-13
15146,WILLIAM PATEL CAFE ,Wholesale-Restaurant,Net-30,Wholesale,Portland,2023-03-09
15147,Mason Brown Bistro,Wholesale-Restaurant,Net-30,Wholesale,Lake Oswego,2023-04-30
15148,Sophia Davis Hotel,Wholesale-Restaurant,Net-30,Wholesale,Corvallis,2023-01-29
15149,Matthew Nelson Corporate Office,Wholesale-Restaurant,Net-30,Wholesale,Portland,2022-09-15
15150,Robert Miller Hotel,Wholesale-Restaurant,Net-30,Wholesale,Portland,2022-03-07
15151,Chloe Nguyen Hotel,Wholesale-Restaurant,Net-30,Wholesale,Beaverton,2023-05-09
15152,Isabella Moore Lounge,Wholesale-Restaurant,Net-30,Wholesale,Portland,2024-06-28
15153,Liam Nelson Kitchen,Wholesale-Restaurant,Net-30,Wholesale,Portland,2024-12-03
15154,Andrew Williams Roasthouse,Wholesale-Restaurant,Net-30,Wholesale,Portland,2024-03-15
15155,Noah Patel Corporate Office,Wholesale-Restaurant,Net-30,Wholesale, bend,2022-02-20
15156,Liam Carter Hotel,Wholesale-Restaurant,Net-30,Wholesale,Bend,2024-05-10
15157,Lucas Davis Bistro,Wholesale-Restaurant,Net-30,Wholesale,Portland,2024-11-23
15158,Jessica Kim Roasthouse,Wholesale-Restaurant,Net-30,Wholesale,Seattle,2023-04-23
15159,OLIVIA TAYLOR LOUNGE ,Wholesale-Restaurant,Net-30,Wholesale,Portland,2025-02-07
15160,AVA SMITH CAFE ,Wholesale-Restaurant,Net-30,Wholesale,Portland,2024-03-27
15161,Ava Davis Brew Bar,Wholesale-Restaurant,Net-30,Wholesale,Gresham,2024-10-10
15162,Emily Lee Hotel,Wholesale-Restaurant,Net-30,Wholesale,Beaverton,2025-06-27
15163,Lucas Lee Corporate Office,Wholesale-Restaurant,Net-30,Wholesale,Beaverton,2025-07-17
15164,Olivia Martin Corporate Office,Wholesale-Restaurant,Net-30,Wholesale,Hillsboro,2022-03-18
15165,David Smith Hotel,Wholesale-Restaurant,Net-30,Wholesale,Portland,2022-04-21
15166,James Wilson Restaurant,Wholesale-Restaurant,Net-30,Wholesale,Beaverton,2022-08-13
15167,Noah Miller Bakery,Wholesale-Restaurant,Net-30,Wholesale, portland,2025-10-14
15168,Ella Brown Corporate Office,Wholesale-Restaurant,Net-30,Wholesale,Portland,2025-12-30
15169,Ethan Nguyen Kitchen,Wholesale-Restaurant,Net-30,Wholesale,Tigard,2025-08-14
15170,ASHLEY NELSON CAFE ,Wholesale-Restaurant,Net-30,Wholesale,Hillsboro,2025-02-02
15171,David Garcia Bistro,Wholesale-Restaurant,Net-30,Wholesale,Portland,2025-12-19
15172,Chloe Moore Cafe,Wholesale-Restaurant,Net-30,Wholesale,Portland,2025-02-08
15173,Emma Smith Lounge,Wholesale-Restaurant,Net-30,Wholesale, bend,2024-08-24
15174,Ava Johnson Coffee Co,Wholesale-Restaurant,Net-30,Wholesale, portland,2022-03-02
15175,LUCAS GARCIA BISTRO ,Wholesale-Restaurant,Net-30,Wholesale,Portland,2024-09-29
15176,Ava Johnson Cafe,Wholesale-Restaurant,Net-30,Wholesale,Portland,2022-06-26
15177,Joseph Martin Bistro,Wholesale-Restaurant,Net-30,Wholesale,Corvallis,2023-09-22
15178,William Nguyen Brew Bar,Wholesale-Restaurant,Net-30,Wholesale, portland,2025-01-05
15179,Emma Anderson Hotel,Wholesale-Restaurant,Net-30,Wholesale,Hillsboro,2022-09-09
15180,Isabella Wilson Corporate Office,Wholesale-Restaurant,Net-30,Wholesale,Portland,2025-09-06
15181,Jessica Lee Lounge,Wholesale-Restaurant,Net-30,Wholesale,Eugene,2023-10-04
15182,MICHAEL PATEL LOUNGE ,Wholesale-Restaurant,Net-30,Wholesale,Eugene,2024-09-04
15183,Lucas Johnson Hotel,Wholesale-Restaurant,Net-30,Wholesale,Corvallis,2025-11-12
15184,Michael Martin Coffee Co,Wholesale-Restaurant,Net-30,Wholesale,Tigard,2023-08-10
15185,Sophia Miller Diner,Wholesale-Restaurant,Net-30,Wholesale,Portland,2024-10-27
15186,Daniel Nguyen Bakery,Wholesale-Restaurant,Net-30,Wholesale,Portland,2022-09-23
15187,Sophia Wilson Kitchen,Wholesale-Restaurant,Net-30,Wholesale,Tigard,2022-09-04
15188,Matthew Miller Lounge,Wholesale-Restaurant,Net-30,Wholesale,Portland,2023-03-11
15189,Mia Davis Coffee Co,Wholesale-Restaurant,Net-30,Wholesale,Seattle,2024-11-03
15190,Isabella Jones Bistro,Wholesale-Restaurant,Net-30,Wholesale,Portland,2025-03-02
15191,Liam Nguyen Diner,Wholesale-Restaurant,Net-30,Wholesale,Portland,2024-11-27
15192,Joseph Johnson Hotel,Wholesale-Restaurant,Net-30,Wholesale,Beaverton,2025-10-30
15193,Ethan Nguyen Brew Bar,Wholesale-Restaurant,Net-30,Wholesale,Portland,2025-08-09
15194,SARAH NELSON CAFE ,Wholesale-Restaurant,Net-30,Wholesale,Lake Oswego,2024-04-27
15195,Emily Brown Brew Bar,Wholesale-Restaurant,Net-30,Wholesale,Portland,2023-12-05
15196,Emily Patel Diner,Wholesale-Restaurant,Net-30,Wholesale,Hillsboro,2023-08-25
15197,Lucas Moore Cafe,Wholesale-Restaurant,Net-30,Wholesale, seattle,2023-01-08
15198,Mia Kim Bakery,Wholesale-Restaurant,Net-30,Wholesale,Portland,2022-10-06
15199,Emma Davis Bakery,Wholesale-Restaurant,Net-30,Wholesale,Salem,2025-10-06
15200,Michael Lee Lounge,Wholesale-Restaurant,Net-30,Wholesale,Eugene,2025-03-28
